raw_label,source_table,geography_level,canonical_name_candidate,code,code_scheme,parent_geography_candidate,valid_from,valid_to,source_reference,mapping_confidence,status,review_note
C? NU?C,V06.13.csv,national,Việt Nam,704,UN_M49,,,,https://unstats.un.org/unsd/methodology/m49/,HIGH,verified_country_identity_only,Candidate only; parent from current file order is not historical approval
Ð?ng b?ng sông H?ng,V06.13.csv,region,Đồng bằng sông Hồng,,,Vi?t Nam,,,V06 raw CSV row order + metadata.txt; dated official geography reference still required,MEDIUM,needs_review,Candidate only; parent from current file order is not historical approval
Hà N?i,V06.13.csv,province,Hà Nội,,,Đồng bằng sông Hồng,,,V06 raw CSV row order + metadata.txt; dated official geography reference still required,MEDIUM,needs_review,Candidate only; parent from current file order is not historical approval
Hà Tây,V06.13.csv,province,Hà Tây,,,Đồng bằng sông Hồng,,,V06 raw CSV row order + metadata.txt; dated official geography reference still required,MEDIUM,needs_review,Candidate only; parent from current file order is not historical approval
Vinh Phúc,V06.13.csv,province,Vĩnh Phúc,,,Đồng bằng sông Hồng,,,V06 raw CSV row order + metadata.txt; dated official geography reference still required,MEDIUM,needs_review,Candidate only; parent from current file order is not historical approval
B?c Ninh,V06.13.csv,province,Bắc Ninh,,,Đồng bằng sông Hồng,,,V06 raw CSV row order + metadata.txt; dated official geography reference still required,MEDIUM,needs_review,Candidate only; parent from current file order is not historical approval
Qu?ng Ninh,V06.13.csv,province,Quảng Ninh,,,Đồng bằng sông Hồng,,,V06 raw CSV row order + metadata.txt; dated official geography reference still required,MEDIUM,needs_review,Candidate only; parent from current file order is not historical approval
H?i Duong,V06.13.csv,province,Hải Dương,,,Đồng bằng sông Hồng,,,V06 raw CSV row order + metadata.txt; dated official geography reference still required,MEDIUM,needs_review,Candidate only; parent from current file order is not historical approval
H?i Phòng,V06.13.csv,province,Hải Phòng,,,Đồng bằng sông Hồng,,,V06 raw CSV row order + metadata.txt; dated official geography reference still required,MEDIUM,needs_review,Candidate only; parent from current file order is not historical approval
Hung Yên,V06.13.csv,province,Hưng Yên,,,Đồng bằng sông Hồng,,,V06 raw CSV row order + metadata.txt; dated official geography reference still required,MEDIUM,needs_review,Candidate only; parent from current file order is not historical approval
Thái Bình,V06.13.csv,province,Thái Bình,,,Đồng bằng sông Hồng,,,V06 raw CSV row order + metadata.txt; dated official geography reference still required,MEDIUM,needs_review,Candidate only; parent from current file order is not historical approval
Hà Nam,V06.13.csv,province,Hà Nam,,,Đồng bằng sông Hồng,,,V06 raw CSV row order + metadata.txt; dated official geography reference still required,MEDIUM,needs_review,Candidate only; parent from current file order is not historical approval
Nam Ð?nh,V06.13.csv,province,Nam Định,,,Đồng bằng sông Hồng,,,V06 raw CSV row order + metadata.txt; dated official geography reference still required,MEDIUM,needs_review,Candidate only; parent from current file order is not historical approval
Ninh Bình,V06.13.csv,province,Ninh Bình,,,Đồng bằng sông Hồng,,,V06 raw CSV row order + metadata.txt; dated official geography reference still required,MEDIUM,needs_review,Candidate only; parent from current file order is not historical approval
Trung du và mi?n núi phía B?c,V06.13.csv,region,Trung du và miền núi phía Bắc,,,Vi?t Nam,,,V06 raw CSV row order + metadata.txt; dated official geography reference still required,MEDIUM,needs_review,Candidate only; parent from current file order is not historical approval
Hà Giang,V06.13.csv,province,Hà Giang,,,Trung du và miền núi phía Bắc,,,V06 raw CSV row order + metadata.txt; dated official geography reference still required,MEDIUM,needs_review,Candidate only; parent from current file order is not historical approval
Cao B?ng,V06.13.csv,province,Cao Bằng,,,Trung du và miền núi phía Bắc,,,V06 raw CSV row order + metadata.txt; dated official geography reference still required,MEDIUM,needs_review,Candidate only; parent from current file order is not historical approval
B?c K?n,V06.13.csv,province,Bắc Kạn,,,Trung du và miền núi phía Bắc,,,V06 raw CSV row order + metadata.txt; dated official geography reference still required,MEDIUM,needs_review,Candidate only; parent from current file order is not historical approval
Tuyên Quang,V06.13.csv,province,Tuyên Quang,,,Trung du và miền núi phía Bắc,,,V06 raw CSV row order + metadata.txt; dated official geography reference still required,MEDIUM,needs_review,Candidate only; parent from current file order is not historical approval
Lào Cai,V06.13.csv,province,Lào Cai,,,Trung du và miền núi phía Bắc,,,V06 raw CSV row order + metadata.txt; dated official geography reference still required,MEDIUM,needs_review,Candidate only; parent from current file order is not historical approval
Yên Bái,V06.13.csv,province,Yên Bái,,,Trung du và miền núi phía Bắc,,,V06 raw CSV row order + metadata.txt; dated official geography reference still required,MEDIUM,needs_review,Candidate only; parent from current file order is not historical approval
Thái Nguyên,V06.13.csv,province,Thái Nguyên,,,Trung du và miền núi phía Bắc,,,V06 raw CSV row order + metadata.txt; dated official geography reference still required,MEDIUM,needs_review,Candidate only; parent from current file order is not historical approval
L?ng Son,V06.13.csv,province,Lạng Sơn,,,Trung du và miền núi phía Bắc,,,V06 raw CSV row order + metadata.txt; dated official geography reference still required,MEDIUM,needs_review,Candidate only; parent from current file order is not historical approval
B?c Giang,V06.13.csv,province,Bắc Giang,,,Trung du và miền núi phía Bắc,,,V06 raw CSV row order + metadata.txt; dated official geography reference still required,MEDIUM,needs_review,Candidate only; parent from current file order is not historical approval
Phú Th?,V06.13.csv,province,Phú Thọ,,,Trung du và miền núi phía Bắc,,,V06 raw CSV row order + metadata.txt; dated official geography reference still required,MEDIUM,needs_review,Candidate only; parent from current file order is not historical approval
Ði?n Biên,V06.13.csv,province,Điện Biên,,,Trung du và miền núi phía Bắc,,,V06 raw CSV row order + metadata.txt; dated official geography reference still required,MEDIUM,needs_review,Candidate only; parent from current file order is not historical approval
Lai Châu,V06.13.csv,province,Lai Châu,,,Trung du và miền núi phía Bắc,,,V06 raw CSV row order + metadata.txt; dated official geography reference still required,MEDIUM,needs_review,Candidate only; parent from current file order is not historical approval
Son La,V06.13.csv,province,Sơn La,,,Trung du và miền núi phía Bắc,,,V06 raw CSV row order + metadata.txt; dated official geography reference still required,MEDIUM,needs_review,Candidate only; parent from current file order is not historical approval
Hoà Bình,V06.13.csv,province,Hòa Bình,,,Trung du và miền núi phía Bắc,,,V06 raw CSV row order + metadata.txt; dated official geography reference still required,MEDIUM,needs_review,Candidate only; parent from current file order is not historical approval
B?c Trung B? và Duyên h?i mi?n Trung,V06.13.csv,region,Bắc Trung Bộ và Duyên hải miền Trung,,,Vi?t Nam,,,V06 raw CSV row order + metadata.txt; dated official geography reference still required,MEDIUM,needs_review,Candidate only; parent from current file order is not historical approval
Thanh Hoá,V06.13.csv,province,Thanh Hóa,,,Bắc Trung Bộ và Duyên hải miền Trung,,,V06 raw CSV row order + metadata.txt; dated official geography reference still required,MEDIUM,needs_review,Candidate only; parent from current file order is not historical approval
Ngh? An,V06.13.csv,province,Nghệ An,,,Bắc Trung Bộ và Duyên hải miền Trung,,,V06 raw CSV row order + metadata.txt; dated official geography reference still required,MEDIUM,needs_review,Candidate only; parent from current file order is not historical approval
Hà Tinh,V06.13.csv,province,Hà Tĩnh,,,Bắc Trung Bộ và Duyên hải miền Trung,,,V06 raw CSV row order + metadata.txt; dated official geography reference still required,MEDIUM,needs_review,Candidate only; parent from current file order is not historical approval
Qu?ng Bình,V06.13.csv,province,Quảng Bình,,,Bắc Trung Bộ và Duyên hải miền Trung,,,V06 raw CSV row order + metadata.txt; dated official geography reference still required,MEDIUM,needs_review,Candidate only; parent from current file order is not historical approval
Qu?ng Tr?,V06.13.csv,province,Quảng Trị,,,Bắc Trung Bộ và Duyên hải miền Trung,,,V06 raw CSV row order + metadata.txt; dated official geography reference still required,MEDIUM,needs_review,Candidate only; parent from current file order is not historical approval
Th?a Thiên Hu?,V06.13.csv,province,Thừa Thiên Huế,,,Bắc Trung Bộ và Duyên hải miền Trung,,,V06 raw CSV row order + metadata.txt; dated official geography reference still required,MEDIUM,needs_review,Candidate only; parent from current file order is not historical approval
Ðà N?ng,V06.13.csv,province,Đà Nẵng,,,Bắc Trung Bộ và Duyên hải miền Trung,,,V06 raw CSV row order + metadata.txt; dated official geography reference still required,MEDIUM,needs_review,Candidate only; parent from current file order is not historical approval
Qu?ng Nam,V06.13.csv,province,Quảng Nam,,,Bắc Trung Bộ và Duyên hải miền Trung,,,V06 raw CSV row order + metadata.txt; dated official geography reference still required,MEDIUM,needs_review,Candidate only; parent from current file order is not historical approval
Qu?ng Ngãi,V06.13.csv,province,Quảng Ngãi,,,Bắc Trung Bộ và Duyên hải miền Trung,,,V06 raw CSV row order + metadata.txt; dated official geography reference still required,MEDIUM,needs_review,Candidate only; parent from current file order is not historical approval
Bình Ð?nh,V06.13.csv,province,Bình Định,,,Bắc Trung Bộ và Duyên hải miền Trung,,,V06 raw CSV row order + metadata.txt; dated official geography reference still required,MEDIUM,needs_review,Candidate only; parent from current file order is not historical approval
Phú Yên,V06.13.csv,province,Phú Yên,,,Bắc Trung Bộ và Duyên hải miền Trung,,,V06 raw CSV row order + metadata.txt; dated official geography reference still required,MEDIUM,needs_review,Candidate only; parent from current file order is not historical approval
Khánh Hoà,V06.13.csv,province,Khánh Hòa,,,Bắc Trung Bộ và Duyên hải miền Trung,,,V06 raw CSV row order + metadata.txt; dated official geography reference still required,MEDIUM,needs_review,Candidate only; parent from current file order is not historical approval
Ninh Thu?n,V06.13.csv,province,Ninh Thuận,,,Bắc Trung Bộ và Duyên hải miền Trung,,,V06 raw CSV row order + metadata.txt; dated official geography reference still required,MEDIUM,needs_review,Candidate only; parent from current file order is not historical approval
Bình Thu?n,V06.13.csv,province,Bình Thuận,,,Bắc Trung Bộ và Duyên hải miền Trung,,,V06 raw CSV row order + metadata.txt; dated official geography reference still required,MEDIUM,needs_review,Candidate only; parent from current file order is not historical approval
Tây Nguyên,V06.13.csv,region,Tây Nguyên,,,Vi?t Nam,,,V06 raw CSV row order + metadata.txt; dated official geography reference still required,MEDIUM,needs_review,Candidate only; parent from current file order is not historical approval
Kon Tum,V06.13.csv,province,Kon Tum,,,Tây Nguyên,,,V06 raw CSV row order + metadata.txt; dated official geography reference still required,MEDIUM,needs_review,Candidate only; parent from current file order is not historical approval
Gia Lai,V06.13.csv,province,Gia Lai,,,Tây Nguyên,,,V06 raw CSV row order + metadata.txt; dated official geography reference still required,MEDIUM,needs_review,Candidate only; parent from current file order is not historical approval
Ð?k L?k,V06.13.csv,province,Đắk Lắk,,,Tây Nguyên,,,V06 raw CSV row order + metadata.txt; dated official geography reference still required,MEDIUM,needs_review,Candidate only; parent from current file order is not historical approval
Ð?k Nông,V06.13.csv,province,Đắk Nông,,,Tây Nguyên,,,V06 raw CSV row order + metadata.txt; dated official geography reference still required,MEDIUM,needs_review,Candidate only; parent from current file order is not historical approval
Lâm Ð?ng,V06.13.csv,province,Lâm Đồng,,,Tây Nguyên,,,V06 raw CSV row order + metadata.txt; dated official geography reference still required,MEDIUM,needs_review,Candidate only; parent from current file order is not historical approval
Ðông Nam B?,V06.13.csv,region,Đông Nam Bộ,,,Vi?t Nam,,,V06 raw CSV row order + metadata.txt; dated official geography reference still required,MEDIUM,needs_review,Candidate only; parent from current file order is not historical approval
Bình Phu?c,V06.13.csv,province,Bình Phước,,,Đông Nam Bộ,,,V06 raw CSV row order + metadata.txt; dated official geography reference still required,MEDIUM,needs_review,Candidate only; parent from current file order is not historical approval
Tây Ninh,V06.13.csv,province,Tây Ninh,,,Đông Nam Bộ,,,V06 raw CSV row order + metadata.txt; dated official geography reference still required,MEDIUM,needs_review,Candidate only; parent from current file order is not historical approval
Bình Duong,V06.13.csv,province,Bình Dương,,,Đông Nam Bộ,,,V06 raw CSV row order + metadata.txt; dated official geography reference still required,MEDIUM,needs_review,Candidate only; parent from current file order is not historical approval
Ð?ng Nai,V06.13.csv,province,Đồng Nai,,,Đông Nam Bộ,,,V06 raw CSV row order + metadata.txt; dated official geography reference still required,MEDIUM,needs_review,Candidate only; parent from current file order is not historical approval
Bà R?a - Vtng Tàu,V06.13.csv,province,Bà Rịa - Vũng Tàu,,,Đông Nam Bộ,,,V06 raw CSV row order + metadata.txt; dated official geography reference still required,LOW,needs_review,Candidate only; parent from current file order is not historical approval
TP.H? Chí Minh,V06.13.csv,province,Thành phố Hồ Chí Minh,,,Đông Nam Bộ,,,V06 raw CSV row order + metadata.txt; dated official geography reference still required,MEDIUM,needs_review,Candidate only; parent from current file order is not historical approval
Ð?ng b?ng sông C?u Long,V06.13.csv,region,Đồng bằng sông Cửu Long,,,Vi?t Nam,,,V06 raw CSV row order + metadata.txt; dated official geography reference still required,MEDIUM,needs_review,Candidate only; parent from current file order is not historical approval
Long An,V06.13.csv,province,Long An,,,Đồng bằng sông Cửu Long,,,V06 raw CSV row order + metadata.txt; dated official geography reference still required,MEDIUM,needs_review,Candidate only; parent from current file order is not historical approval
Ti?n Giang,V06.13.csv,province,Tiền Giang,,,Đồng bằng sông Cửu Long,,,V06 raw CSV row order + metadata.txt; dated official geography reference still required,MEDIUM,needs_review,Candidate only; parent from current file order is not historical approval
B?n Tre,V06.13.csv,province,Bến Tre,,,Đồng bằng sông Cửu Long,,,V06 raw CSV row order + metadata.txt; dated official geography reference still required,MEDIUM,needs_review,Candidate only; parent from current file order is not historical approval
Trà Vinh,V06.13.csv,province,Trà Vinh,,,Đồng bằng sông Cửu Long,,,V06 raw CSV row order + metadata.txt; dated official geography reference still required,MEDIUM,needs_review,Candidate only; parent from current file order is not historical approval
Vinh Long,V06.13.csv,province,Vĩnh Long,,,Đồng bằng sông Cửu Long,,,V06 raw CSV row order + metadata.txt; dated official geography reference still required,MEDIUM,needs_review,Candidate only; parent from current file order is not historical approval
Ð?ng Tháp,V06.13.csv,province,Đồng Tháp,,,Đồng bằng sông Cửu Long,,,V06 raw CSV row order + metadata.txt; dated official geography reference still required,MEDIUM,needs_review,Candidate only; parent from current file order is not historical approval
An Giang,V06.13.csv,province,An Giang,,,Đồng bằng sông Cửu Long,,,V06 raw CSV row order + metadata.txt; dated official geography reference still required,MEDIUM,needs_review,Candidate only; parent from current file order is not historical approval
Kiên Giang,V06.13.csv,province,Kiên Giang,,,Đồng bằng sông Cửu Long,,,V06 raw CSV row order + metadata.txt; dated official geography reference still required,MEDIUM,needs_review,Candidate only; parent from current file order is not historical approval
C?n Tho,V06.13.csv,province,Cần Thơ,,,Đồng bằng sông Cửu Long,,,V06 raw CSV row order + metadata.txt; dated official geography reference still required,MEDIUM,needs_review,Candidate only; parent from current file order is not historical approval
H?u Giang,V06.13.csv,province,Hậu Giang,,,Đồng bằng sông Cửu Long,,,V06 raw CSV row order + metadata.txt; dated official geography reference still required,MEDIUM,needs_review,Candidate only; parent from current file order is not historical approval
Sóc Trang,V06.13.csv,province,Sóc Trăng,,,Đồng bằng sông Cửu Long,,,V06 raw CSV row order + metadata.txt; dated official geography reference still required,MEDIUM,needs_review,Candidate only; parent from current file order is not historical approval
B?c Liêu,V06.13.csv,province,Bạc Liêu,,,Đồng bằng sông Cửu Long,,,V06 raw CSV row order + metadata.txt; dated official geography reference still required,MEDIUM,needs_review,Candidate only; parent from current file order is not historical approval
Cà Mau,V06.13.csv,province,Cà Mau,,,Đồng bằng sông Cửu Long,,,V06 raw CSV row order + metadata.txt; dated official geography reference still required,MEDIUM,needs_review,Candidate only; parent from current file order is not historical approval
C? NU?C,V06.14.csv,national,Việt Nam,704,UN_M49,,,,https://unstats.un.org/unsd/methodology/m49/,HIGH,verified_country_identity_only,Candidate only; parent from current file order is not historical approval
Ð?ng b?ng sông H?ng,V06.14.csv,region,Đồng bằng sông Hồng,,,Vi?t Nam,,,V06 raw CSV row order + metadata.txt; dated official geography reference still required,MEDIUM,needs_review,Candidate only; parent from current file order is not historical approval
Hà N?i,V06.14.csv,province,Hà Nội,,,Đồng bằng sông Hồng,,,V06 raw CSV row order + metadata.txt; dated official geography reference still required,MEDIUM,needs_review,Candidate only; parent from current file order is not historical approval
Hà Tây,V06.14.csv,province,Hà Tây,,,Đồng bằng sông Hồng,,,V06 raw CSV row order + metadata.txt; dated official geography reference still required,MEDIUM,needs_review,Candidate only; parent from current file order is not historical approval
Vinh Phúc,V06.14.csv,province,Vĩnh Phúc,,,Đồng bằng sông Hồng,,,V06 raw CSV row order + metadata.txt; dated official geography reference still required,MEDIUM,needs_review,Candidate only; parent from current file order is not historical approval
B?c Ninh,V06.14.csv,province,Bắc Ninh,,,Đồng bằng sông Hồng,,,V06 raw CSV row order + metadata.txt; dated official geography reference still required,MEDIUM,needs_review,Candidate only; parent from current file order is not historical approval
Qu?ng Ninh,V06.14.csv,province,Quảng Ninh,,,Đồng bằng sông Hồng,,,V06 raw CSV row order + metadata.txt; dated official geography reference still required,MEDIUM,needs_review,Candidate only; parent from current file order is not historical approval
H?i Duong,V06.14.csv,province,Hải Dương,,,Đồng bằng sông Hồng,,,V06 raw CSV row order + metadata.txt; dated official geography reference still required,MEDIUM,needs_review,Candidate only; parent from current file order is not historical approval
H?i Phòng,V06.14.csv,province,Hải Phòng,,,Đồng bằng sông Hồng,,,V06 raw CSV row order + metadata.txt; dated official geography reference still required,MEDIUM,needs_review,Candidate only; parent from current file order is not historical approval
Hung Yên,V06.14.csv,province,Hưng Yên,,,Đồng bằng sông Hồng,,,V06 raw CSV row order + metadata.txt; dated official geography reference still required,MEDIUM,needs_review,Candidate only; parent from current file order is not historical approval
Thái Bình,V06.14.csv,province,Thái Bình,,,Đồng bằng sông Hồng,,,V06 raw CSV row order + metadata.txt; dated official geography reference still required,MEDIUM,needs_review,Candidate only; parent from current file order is not historical approval
Hà Nam,V06.14.csv,province,Hà Nam,,,Đồng bằng sông Hồng,,,V06 raw CSV row order + metadata.txt; dated official geography reference still required,MEDIUM,needs_review,Candidate only; parent from current file order is not historical approval
Nam Ð?nh,V06.14.csv,province,Nam Định,,,Đồng bằng sông Hồng,,,V06 raw CSV row order + metadata.txt; dated official geography reference still required,MEDIUM,needs_review,Candidate only; parent from current file order is not historical approval
Ninh Bình,V06.14.csv,province,Ninh Bình,,,Đồng bằng sông Hồng,,,V06 raw CSV row order + metadata.txt; dated official geography reference still required,MEDIUM,needs_review,Candidate only; parent from current file order is not historical approval
Trung du và mi?n núi phía B?c,V06.14.csv,region,Trung du và miền núi phía Bắc,,,Vi?t Nam,,,V06 raw CSV row order + metadata.txt; dated official geography reference still required,MEDIUM,needs_review,Candidate only; parent from current file order is not historical approval
Hà Giang,V06.14.csv,province,Hà Giang,,,Trung du và miền núi phía Bắc,,,V06 raw CSV row order + metadata.txt; dated official geography reference still required,MEDIUM,needs_review,Candidate only; parent from current file order is not historical approval
Cao B?ng,V06.14.csv,province,Cao Bằng,,,Trung du và miền núi phía Bắc,,,V06 raw CSV row order + metadata.txt; dated official geography reference still required,MEDIUM,needs_review,Candidate only; parent from current file order is not historical approval
B?c K?n,V06.14.csv,province,Bắc Kạn,,,Trung du và miền núi phía Bắc,,,V06 raw CSV row order + metadata.txt; dated official geography reference still required,MEDIUM,needs_review,Candidate only; parent from current file order is not historical approval
Tuyên Quang,V06.14.csv,province,Tuyên Quang,,,Trung du và miền núi phía Bắc,,,V06 raw CSV row order + metadata.txt; dated official geography reference still required,MEDIUM,needs_review,Candidate only; parent from current file order is not historical approval
Lào Cai,V06.14.csv,province,Lào Cai,,,Trung du và miền núi phía Bắc,,,V06 raw CSV row order + metadata.txt; dated official geography reference still required,MEDIUM,needs_review,Candidate only; parent from current file order is not historical approval
Yên Bái,V06.14.csv,province,Yên Bái,,,Trung du và miền núi phía Bắc,,,V06 raw CSV row order + metadata.txt; dated official geography reference still required,MEDIUM,needs_review,Candidate only; parent from current file order is not historical approval
Thái Nguyên,V06.14.csv,province,Thái Nguyên,,,Trung du và miền núi phía Bắc,,,V06 raw CSV row order + metadata.txt; dated official geography reference still required,MEDIUM,needs_review,Candidate only; parent from current file order is not historical approval
L?ng Son,V06.14.csv,province,Lạng Sơn,,,Trung du và miền núi phía Bắc,,,V06 raw CSV row order + metadata.txt; dated official geography reference still required,MEDIUM,needs_review,Candidate only; parent from current file order is not historical approval
B?c Giang,V06.14.csv,province,Bắc Giang,,,Trung du và miền núi phía Bắc,,,V06 raw CSV row order + metadata.txt; dated official geography reference still required,MEDIUM,needs_review,Candidate only; parent from current file order is not historical approval
Phú Th?,V06.14.csv,province,Phú Thọ,,,Trung du và miền núi phía Bắc,,,V06 raw CSV row order + metadata.txt; dated official geography reference still required,MEDIUM,needs_review,Candidate only; parent from current file order is not historical approval
Ði?n Biên,V06.14.csv,province,Điện Biên,,,Trung du và miền núi phía Bắc,,,V06 raw CSV row order + metadata.txt; dated official geography reference still required,MEDIUM,needs_review,Candidate only; parent from current file order is not historical approval
Lai Châu,V06.14.csv,province,Lai Châu,,,Trung du và miền núi phía Bắc,,,V06 raw CSV row order + metadata.txt; dated official geography reference still required,MEDIUM,needs_review,Candidate only; parent from current file order is not historical approval
Son La,V06.14.csv,province,Sơn La,,,Trung du và miền núi phía Bắc,,,V06 raw CSV row order + metadata.txt; dated official geography reference still required,MEDIUM,needs_review,Candidate only; parent from current file order is not historical approval
Hoà Bình,V06.14.csv,province,Hòa Bình,,,Trung du và miền núi phía Bắc,,,V06 raw CSV row order + metadata.txt; dated official geography reference still required,MEDIUM,needs_review,Candidate only; parent from current file order is not historical approval
B?c Trung B? và Duyên h?i mi?n Trung,V06.14.csv,region,Bắc Trung Bộ và Duyên hải miền Trung,,,Vi?t Nam,,,V06 raw CSV row order + metadata.txt; dated official geography reference still required,MEDIUM,needs_review,Candidate only; parent from current file order is not historical approval
Thanh Hoá,V06.14.csv,province,Thanh Hóa,,,Bắc Trung Bộ và Duyên hải miền Trung,,,V06 raw CSV row order + metadata.txt; dated official geography reference still required,MEDIUM,needs_review,Candidate only; parent from current file order is not historical approval
Ngh? An,V06.14.csv,province,Nghệ An,,,Bắc Trung Bộ và Duyên hải miền Trung,,,V06 raw CSV row order + metadata.txt; dated official geography reference still required,MEDIUM,needs_review,Candidate only; parent from current file order is not historical approval
Hà Tinh,V06.14.csv,province,Hà Tĩnh,,,Bắc Trung Bộ và Duyên hải miền Trung,,,V06 raw CSV row order + metadata.txt; dated official geography reference still required,MEDIUM,needs_review,Candidate only; parent from current file order is not historical approval
Qu?ng Bình,V06.14.csv,province,Quảng Bình,,,Bắc Trung Bộ và Duyên hải miền Trung,,,V06 raw CSV row order + metadata.txt; dated official geography reference still required,MEDIUM,needs_review,Candidate only; parent from current file order is not historical approval
Qu?ng Tr?,V06.14.csv,province,Quảng Trị,,,Bắc Trung Bộ và Duyên hải miền Trung,,,V06 raw CSV row order + metadata.txt; dated official geography reference still required,MEDIUM,needs_review,Candidate only; parent from current file order is not historical approval
Th?a Thiên Hu?,V06.14.csv,province,Thừa Thiên Huế,,,Bắc Trung Bộ và Duyên hải miền Trung,,,V06 raw CSV row order + metadata.txt; dated official geography reference still required,MEDIUM,needs_review,Candidate only; parent from current file order is not historical approval
Ðà N?ng,V06.14.csv,province,Đà Nẵng,,,Bắc Trung Bộ và Duyên hải miền Trung,,,V06 raw CSV row order + metadata.txt; dated official geography reference still required,MEDIUM,needs_review,Candidate only; parent from current file order is not historical approval
Qu?ng Nam,V06.14.csv,province,Quảng Nam,,,Bắc Trung Bộ và Duyên hải miền Trung,,,V06 raw CSV row order + metadata.txt; dated official geography reference still required,MEDIUM,needs_review,Candidate only; parent from current file order is not historical approval
Qu?ng Ngãi,V06.14.csv,province,Quảng Ngãi,,,Bắc Trung Bộ và Duyên hải miền Trung,,,V06 raw CSV row order + metadata.txt; dated official geography reference still required,MEDIUM,needs_review,Candidate only; parent from current file order is not historical approval
Bình Ð?nh,V06.14.csv,province,Bình Định,,,Bắc Trung Bộ và Duyên hải miền Trung,,,V06 raw CSV row order + metadata.txt; dated official geography reference still required,MEDIUM,needs_review,Candidate only; parent from current file order is not historical approval
Phú Yên,V06.14.csv,province,Phú Yên,,,Bắc Trung Bộ và Duyên hải miền Trung,,,V06 raw CSV row order + metadata.txt; dated official geography reference still required,MEDIUM,needs_review,Candidate only; parent from current file order is not historical approval
Khánh Hoà,V06.14.csv,province,Khánh Hòa,,,Bắc Trung Bộ và Duyên hải miền Trung,,,V06 raw CSV row order + metadata.txt; dated official geography reference still required,MEDIUM,needs_review,Candidate only; parent from current file order is not historical approval
Ninh Thu?n,V06.14.csv,province,Ninh Thuận,,,Bắc Trung Bộ và Duyên hải miền Trung,,,V06 raw CSV row order + metadata.txt; dated official geography reference still required,MEDIUM,needs_review,Candidate only; parent from current file order is not historical approval
Bình Thu?n,V06.14.csv,province,Bình Thuận,,,Bắc Trung Bộ và Duyên hải miền Trung,,,V06 raw CSV row order + metadata.txt; dated official geography reference still required,MEDIUM,needs_review,Candidate only; parent from current file order is not historical approval
Tây Nguyên,V06.14.csv,region,Tây Nguyên,,,Vi?t Nam,,,V06 raw CSV row order + metadata.txt; dated official geography reference still required,MEDIUM,needs_review,Candidate only; parent from current file order is not historical approval
Kon Tum,V06.14.csv,province,Kon Tum,,,Tây Nguyên,,,V06 raw CSV row order + metadata.txt; dated official geography reference still required,MEDIUM,needs_review,Candidate only; parent from current file order is not historical approval
Gia Lai,V06.14.csv,province,Gia Lai,,,Tây Nguyên,,,V06 raw CSV row order + metadata.txt; dated official geography reference still required,MEDIUM,needs_review,Candidate only; parent from current file order is not historical approval
Ð?k L?k,V06.14.csv,province,Đắk Lắk,,,Tây Nguyên,,,V06 raw CSV row order + metadata.txt; dated official geography reference still required,MEDIUM,needs_review,Candidate only; parent from current file order is not historical approval
Ð?k Nông,V06.14.csv,province,Đắk Nông,,,Tây Nguyên,,,V06 raw CSV row order + metadata.txt; dated official geography reference still required,MEDIUM,needs_review,Candidate only; parent from current file order is not historical approval
Lâm Ð?ng,V06.14.csv,province,Lâm Đồng,,,Tây Nguyên,,,V06 raw CSV row order + metadata.txt; dated official geography reference still required,MEDIUM,needs_review,Candidate only; parent from current file order is not historical approval
Ðông Nam B?,V06.14.csv,region,Đông Nam Bộ,,,Vi?t Nam,,,V06 raw CSV row order + metadata.txt; dated official geography reference still required,MEDIUM,needs_review,Candidate only; parent from current file order is not historical approval
Bình Phu?c,V06.14.csv,province,Bình Phước,,,Đông Nam Bộ,,,V06 raw CSV row order + metadata.txt; dated official geography reference still required,MEDIUM,needs_review,Candidate only; parent from current file order is not historical approval
Tây Ninh,V06.14.csv,province,Tây Ninh,,,Đông Nam Bộ,,,V06 raw CSV row order + metadata.txt; dated official geography reference still required,MEDIUM,needs_review,Candidate only; parent from current file order is not historical approval
Bình Duong,V06.14.csv,province,Bình Dương,,,Đông Nam Bộ,,,V06 raw CSV row order + metadata.txt; dated official geography reference still required,MEDIUM,needs_review,Candidate only; parent from current file order is not historical approval
Ð?ng Nai,V06.14.csv,province,Đồng Nai,,,Đông Nam Bộ,,,V06 raw CSV row order + metadata.txt; dated official geography reference still required,MEDIUM,needs_review,Candidate only; parent from current file order is not historical approval
Bà R?a - Vtng Tàu,V06.14.csv,province,Bà Rịa - Vũng Tàu,,,Đông Nam Bộ,,,V06 raw CSV row order + metadata.txt; dated official geography reference still required,LOW,needs_review,Candidate only; parent from current file order is not historical approval
TP.H? Chí Minh,V06.14.csv,province,Thành phố Hồ Chí Minh,,,Đông Nam Bộ,,,V06 raw CSV row order + metadata.txt; dated official geography reference still required,MEDIUM,needs_review,Candidate only; parent from current file order is not historical approval
Ð?ng b?ng sông C?u Long,V06.14.csv,region,Đồng bằng sông Cửu Long,,,Vi?t Nam,,,V06 raw CSV row order + metadata.txt; dated official geography reference still required,MEDIUM,needs_review,Candidate only; parent from current file order is not historical approval
Long An,V06.14.csv,province,Long An,,,Đồng bằng sông Cửu Long,,,V06 raw CSV row order + metadata.txt; dated official geography reference still required,MEDIUM,needs_review,Candidate only; parent from current file order is not historical approval
Ti?n Giang,V06.14.csv,province,Tiền Giang,,,Đồng bằng sông Cửu Long,,,V06 raw CSV row order + metadata.txt; dated official geography reference still required,MEDIUM,needs_review,Candidate only; parent from current file order is not historical approval
B?n Tre,V06.14.csv,province,Bến Tre,,,Đồng bằng sông Cửu Long,,,V06 raw CSV row order + metadata.txt; dated official geography reference still required,MEDIUM,needs_review,Candidate only; parent from current file order is not historical approval
Trà Vinh,V06.14.csv,province,Trà Vinh,,,Đồng bằng sông Cửu Long,,,V06 raw CSV row order + metadata.txt; dated official geography reference still required,MEDIUM,needs_review,Candidate only; parent from current file order is not historical approval
Vinh Long,V06.14.csv,province,Vĩnh Long,,,Đồng bằng sông Cửu Long,,,V06 raw CSV row order + metadata.txt; dated official geography reference still required,MEDIUM,needs_review,Candidate only; parent from current file order is not historical approval
Ð?ng Tháp,V06.14.csv,province,Đồng Tháp,,,Đồng bằng sông Cửu Long,,,V06 raw CSV row order + metadata.txt; dated official geography reference still required,MEDIUM,needs_review,Candidate only; parent from current file order is not historical approval
An Giang,V06.14.csv,province,An Giang,,,Đồng bằng sông Cửu Long,,,V06 raw CSV row order + metadata.txt; dated official geography reference still required,MEDIUM,needs_review,Candidate only; parent from current file order is not historical approval
Kiên Giang,V06.14.csv,province,Kiên Giang,,,Đồng bằng sông Cửu Long,,,V06 raw CSV row order + metadata.txt; dated official geography reference still required,MEDIUM,needs_review,Candidate only; parent from current file order is not historical approval
C?n Tho,V06.14.csv,province,Cần Thơ,,,Đồng bằng sông Cửu Long,,,V06 raw CSV row order + metadata.txt; dated official geography reference still required,MEDIUM,needs_review,Candidate only; parent from current file order is not historical approval
H?u Giang,V06.14.csv,province,Hậu Giang,,,Đồng bằng sông Cửu Long,,,V06 raw CSV row order + metadata.txt; dated official geography reference still required,MEDIUM,needs_review,Candidate only; parent from current file order is not historical approval
Sóc Trang,V06.14.csv,province,Sóc Trăng,,,Đồng bằng sông Cửu Long,,,V06 raw CSV row order + metadata.txt; dated official geography reference still required,MEDIUM,needs_review,Candidate only; parent from current file order is not historical approval
B?c Liêu,V06.14.csv,province,Bạc Liêu,,,Đồng bằng sông Cửu Long,,,V06 raw CSV row order + metadata.txt; dated official geography reference still required,MEDIUM,needs_review,Candidate only; parent from current file order is not historical approval
Cà Mau,V06.14.csv,province,Cà Mau,,,Đồng bằng sông Cửu Long,,,V06 raw CSV row order + metadata.txt; dated official geography reference still required,MEDIUM,needs_review,Candidate only; parent from current file order is not historical approval
C? NU?C,V06.15.csv,national,Việt Nam,704,UN_M49,,,,https://unstats.un.org/unsd/methodology/m49/,HIGH,verified_country_identity_only,Candidate only; parent from current file order is not historical approval
Ð?ng b?ng sông H?ng,V06.15.csv,region,Đồng bằng sông Hồng,,,Vi?t Nam,,,V06 raw CSV row order + metadata.txt; dated official geography reference still required,MEDIUM,needs_review,Candidate only; parent from current file order is not historical approval
Hà N?i,V06.15.csv,province,Hà Nội,,,Đồng bằng sông Hồng,,,V06 raw CSV row order + metadata.txt; dated official geography reference still required,MEDIUM,needs_review,Candidate only; parent from current file order is not historical approval
Hà Tây,V06.15.csv,province,Hà Tây,,,Đồng bằng sông Hồng,,,V06 raw CSV row order + metadata.txt; dated official geography reference still required,MEDIUM,needs_review,Candidate only; parent from current file order is not historical approval
Vinh Phúc,V06.15.csv,province,Vĩnh Phúc,,,Đồng bằng sông Hồng,,,V06 raw CSV row order + metadata.txt; dated official geography reference still required,MEDIUM,needs_review,Candidate only; parent from current file order is not historical approval
B?c Ninh,V06.15.csv,province,Bắc Ninh,,,Đồng bằng sông Hồng,,,V06 raw CSV row order + metadata.txt; dated official geography reference still required,MEDIUM,needs_review,Candidate only; parent from current file order is not historical approval
Qu?ng Ninh,V06.15.csv,province,Quảng Ninh,,,Đồng bằng sông Hồng,,,V06 raw CSV row order + metadata.txt; dated official geography reference still required,MEDIUM,needs_review,Candidate only; parent from current file order is not historical approval
H?i Duong,V06.15.csv,province,Hải Dương,,,Đồng bằng sông Hồng,,,V06 raw CSV row order + metadata.txt; dated official geography reference still required,MEDIUM,needs_review,Candidate only; parent from current file order is not historical approval
H?i Phòng,V06.15.csv,province,Hải Phòng,,,Đồng bằng sông Hồng,,,V06 raw CSV row order + metadata.txt; dated official geography reference still required,MEDIUM,needs_review,Candidate only; parent from current file order is not historical approval
Hung Yên,V06.15.csv,province,Hưng Yên,,,Đồng bằng sông Hồng,,,V06 raw CSV row order + metadata.txt; dated official geography reference still required,MEDIUM,needs_review,Candidate only; parent from current file order is not historical approval
Thái Bình,V06.15.csv,province,Thái Bình,,,Đồng bằng sông Hồng,,,V06 raw CSV row order + metadata.txt; dated official geography reference still required,MEDIUM,needs_review,Candidate only; parent from current file order is not historical approval
Hà Nam,V06.15.csv,province,Hà Nam,,,Đồng bằng sông Hồng,,,V06 raw CSV row order + metadata.txt; dated official geography reference still required,MEDIUM,needs_review,Candidate only; parent from current file order is not historical approval
Nam Ð?nh,V06.15.csv,province,Nam Định,,,Đồng bằng sông Hồng,,,V06 raw CSV row order + metadata.txt; dated official geography reference still required,MEDIUM,needs_review,Candidate only; parent from current file order is not historical approval
Ninh Bình,V06.15.csv,province,Ninh Bình,,,Đồng bằng sông Hồng,,,V06 raw CSV row order + metadata.txt; dated official geography reference still required,MEDIUM,needs_review,Candidate only; parent from current file order is not historical approval
Trung du và mi?n núi phía B?c,V06.15.csv,region,Trung du và miền núi phía Bắc,,,Vi?t Nam,,,V06 raw CSV row order + metadata.txt; dated official geography reference still required,MEDIUM,needs_review,Candidate only; parent from current file order is not historical approval
Hà Giang,V06.15.csv,province,Hà Giang,,,Trung du và miền núi phía Bắc,,,V06 raw CSV row order + metadata.txt; dated official geography reference still required,MEDIUM,needs_review,Candidate only; parent from current file order is not historical approval
Cao B?ng,V06.15.csv,province,Cao Bằng,,,Trung du và miền núi phía Bắc,,,V06 raw CSV row order + metadata.txt; dated official geography reference still required,MEDIUM,needs_review,Candidate only; parent from current file order is not historical approval
B?c K?n,V06.15.csv,province,Bắc Kạn,,,Trung du và miền núi phía Bắc,,,V06 raw CSV row order + metadata.txt; dated official geography reference still required,MEDIUM,needs_review,Candidate only; parent from current file order is not historical approval
Tuyên Quang,V06.15.csv,province,Tuyên Quang,,,Trung du và miền núi phía Bắc,,,V06 raw CSV row order + metadata.txt; dated official geography reference still required,MEDIUM,needs_review,Candidate only; parent from current file order is not historical approval
Lào Cai,V06.15.csv,province,Lào Cai,,,Trung du và miền núi phía Bắc,,,V06 raw CSV row order + metadata.txt; dated official geography reference still required,MEDIUM,needs_review,Candidate only; parent from current file order is not historical approval
Yên Bái,V06.15.csv,province,Yên Bái,,,Trung du và miền núi phía Bắc,,,V06 raw CSV row order + metadata.txt; dated official geography reference still required,MEDIUM,needs_review,Candidate only; parent from current file order is not historical approval
Thái Nguyên,V06.15.csv,province,Thái Nguyên,,,Trung du và miền núi phía Bắc,,,V06 raw CSV row order + metadata.txt; dated official geography reference still required,MEDIUM,needs_review,Candidate only; parent from current file order is not historical approval
L?ng Son,V06.15.csv,province,Lạng Sơn,,,Trung du và miền núi phía Bắc,,,V06 raw CSV row order + metadata.txt; dated official geography reference still required,MEDIUM,needs_review,Candidate only; parent from current file order is not historical approval
B?c Giang,V06.15.csv,province,Bắc Giang,,,Trung du và miền núi phía Bắc,,,V06 raw CSV row order + metadata.txt; dated official geography reference still required,MEDIUM,needs_review,Candidate only; parent from current file order is not historical approval
Phú Th?,V06.15.csv,province,Phú Thọ,,,Trung du và miền núi phía Bắc,,,V06 raw CSV row order + metadata.txt; dated official geography reference still required,MEDIUM,needs_review,Candidate only; parent from current file order is not historical approval
Ði?n Biên,V06.15.csv,province,Điện Biên,,,Trung du và miền núi phía Bắc,,,V06 raw CSV row order + metadata.txt; dated official geography reference still required,MEDIUM,needs_review,Candidate only; parent from current file order is not historical approval
Lai Châu,V06.15.csv,province,Lai Châu,,,Trung du và miền núi phía Bắc,,,V06 raw CSV row order + metadata.txt; dated official geography reference still required,MEDIUM,needs_review,Candidate only; parent from current file order is not historical approval
Son La,V06.15.csv,province,Sơn La,,,Trung du và miền núi phía Bắc,,,V06 raw CSV row order + metadata.txt; dated official geography reference still required,MEDIUM,needs_review,Candidate only; parent from current file order is not historical approval
Hoà Bình,V06.15.csv,province,Hòa Bình,,,Trung du và miền núi phía Bắc,,,V06 raw CSV row order + metadata.txt; dated official geography reference still required,MEDIUM,needs_review,Candidate only; parent from current file order is not historical approval
B?c Trung B? và Duyên h?i mi?n Trung,V06.15.csv,region,Bắc Trung Bộ và Duyên hải miền Trung,,,Vi?t Nam,,,V06 raw CSV row order + metadata.txt; dated official geography reference still required,MEDIUM,needs_review,Candidate only; parent from current file order is not historical approval
Thanh Hoá,V06.15.csv,province,Thanh Hóa,,,Bắc Trung Bộ và Duyên hải miền Trung,,,V06 raw CSV row order + metadata.txt; dated official geography reference still required,MEDIUM,needs_review,Candidate only; parent from current file order is not historical approval
Ngh? An,V06.15.csv,province,Nghệ An,,,Bắc Trung Bộ và Duyên hải miền Trung,,,V06 raw CSV row order + metadata.txt; dated official geography reference still required,MEDIUM,needs_review,Candidate only; parent from current file order is not historical approval
Hà Tinh,V06.15.csv,province,Hà Tĩnh,,,Bắc Trung Bộ và Duyên hải miền Trung,,,V06 raw CSV row order + metadata.txt; dated official geography reference still required,MEDIUM,needs_review,Candidate only; parent from current file order is not historical approval
Qu?ng Bình,V06.15.csv,province,Quảng Bình,,,Bắc Trung Bộ và Duyên hải miền Trung,,,V06 raw CSV row order + metadata.txt; dated official geography reference still required,MEDIUM,needs_review,Candidate only; parent from current file order is not historical approval
Qu?ng Tr?,V06.15.csv,province,Quảng Trị,,,Bắc Trung Bộ và Duyên hải miền Trung,,,V06 raw CSV row order + metadata.txt; dated official geography reference still required,MEDIUM,needs_review,Candidate only; parent from current file order is not historical approval
Th?a Thiên Hu?,V06.15.csv,province,Thừa Thiên Huế,,,Bắc Trung Bộ và Duyên hải miền Trung,,,V06 raw CSV row order + metadata.txt; dated official geography reference still required,MEDIUM,needs_review,Candidate only; parent from current file order is not historical approval
Ðà N?ng,V06.15.csv,province,Đà Nẵng,,,Bắc Trung Bộ và Duyên hải miền Trung,,,V06 raw CSV row order + metadata.txt; dated official geography reference still required,MEDIUM,needs_review,Candidate only; parent from current file order is not historical approval
Qu?ng Nam,V06.15.csv,province,Quảng Nam,,,Bắc Trung Bộ và Duyên hải miền Trung,,,V06 raw CSV row order + metadata.txt; dated official geography reference still required,MEDIUM,needs_review,Candidate only; parent from current file order is not historical approval
Qu?ng Ngãi,V06.15.csv,province,Quảng Ngãi,,,Bắc Trung Bộ và Duyên hải miền Trung,,,V06 raw CSV row order + metadata.txt; dated official geography reference still required,MEDIUM,needs_review,Candidate only; parent from current file order is not historical approval
Bình Ð?nh,V06.15.csv,province,Bình Định,,,Bắc Trung Bộ và Duyên hải miền Trung,,,V06 raw CSV row order + metadata.txt; dated official geography reference still required,MEDIUM,needs_review,Candidate only; parent from current file order is not historical approval
Phú Yên,V06.15.csv,province,Phú Yên,,,Bắc Trung Bộ và Duyên hải miền Trung,,,V06 raw CSV row order + metadata.txt; dated official geography reference still required,MEDIUM,needs_review,Candidate only; parent from current file order is not historical approval
Khánh Hoà,V06.15.csv,province,Khánh Hòa,,,Bắc Trung Bộ và Duyên hải miền Trung,,,V06 raw CSV row order + metadata.txt; dated official geography reference still required,MEDIUM,needs_review,Candidate only; parent from current file order is not historical approval
Ninh Thu?n,V06.15.csv,province,Ninh Thuận,,,Bắc Trung Bộ và Duyên hải miền Trung,,,V06 raw CSV row order + metadata.txt; dated official geography reference still required,MEDIUM,needs_review,Candidate only; parent from current file order is not historical approval
Bình Thu?n,V06.15.csv,province,Bình Thuận,,,Bắc Trung Bộ và Duyên hải miền Trung,,,V06 raw CSV row order + metadata.txt; dated official geography reference still required,MEDIUM,needs_review,Candidate only; parent from current file order is not historical approval
Tây Nguyên,V06.15.csv,region,Tây Nguyên,,,Vi?t Nam,,,V06 raw CSV row order + metadata.txt; dated official geography reference still required,MEDIUM,needs_review,Candidate only; parent from current file order is not historical approval
Kon Tum,V06.15.csv,province,Kon Tum,,,Tây Nguyên,,,V06 raw CSV row order + metadata.txt; dated official geography reference still required,MEDIUM,needs_review,Candidate only; parent from current file order is not historical approval
Gia Lai,V06.15.csv,province,Gia Lai,,,Tây Nguyên,,,V06 raw CSV row order + metadata.txt; dated official geography reference still required,MEDIUM,needs_review,Candidate only; parent from current file order is not historical approval
Ð?k L?k,V06.15.csv,province,Đắk Lắk,,,Tây Nguyên,,,V06 raw CSV row order + metadata.txt; dated official geography reference still required,MEDIUM,needs_review,Candidate only; parent from current file order is not historical approval
Ð?k Nông,V06.15.csv,province,Đắk Nông,,,Tây Nguyên,,,V06 raw CSV row order + metadata.txt; dated official geography reference still required,MEDIUM,needs_review,Candidate only; parent from current file order is not historical approval
Lâm Ð?ng,V06.15.csv,province,Lâm Đồng,,,Tây Nguyên,,,V06 raw CSV row order + metadata.txt; dated official geography reference still required,MEDIUM,needs_review,Candidate only; parent from current file order is not historical approval
Ðông Nam B?,V06.15.csv,region,Đông Nam Bộ,,,Vi?t Nam,,,V06 raw CSV row order + metadata.txt; dated official geography reference still required,MEDIUM,needs_review,Candidate only; parent from current file order is not historical approval
Bình Phu?c,V06.15.csv,province,Bình Phước,,,Đông Nam Bộ,,,V06 raw CSV row order + metadata.txt; dated official geography reference still required,MEDIUM,needs_review,Candidate only; parent from current file order is not historical approval
Tây Ninh,V06.15.csv,province,Tây Ninh,,,Đông Nam Bộ,,,V06 raw CSV row order + metadata.txt; dated official geography reference still required,MEDIUM,needs_review,Candidate only; parent from current file order is not historical approval
Bình Duong,V06.15.csv,province,Bình Dương,,,Đông Nam Bộ,,,V06 raw CSV row order + metadata.txt; dated official geography reference still required,MEDIUM,needs_review,Candidate only; parent from current file order is not historical approval
Ð?ng Nai,V06.15.csv,province,Đồng Nai,,,Đông Nam Bộ,,,V06 raw CSV row order + metadata.txt; dated official geography reference still required,MEDIUM,needs_review,Candidate only; parent from current file order is not historical approval
Bà R?a - Vtng Tàu,V06.15.csv,province,Bà Rịa - Vũng Tàu,,,Đông Nam Bộ,,,V06 raw CSV row order + metadata.txt; dated official geography reference still required,LOW,needs_review,Candidate only; parent from current file order is not historical approval
TP.H? Chí Minh,V06.15.csv,province,Thành phố Hồ Chí Minh,,,Đông Nam Bộ,,,V06 raw CSV row order + metadata.txt; dated official geography reference still required,MEDIUM,needs_review,Candidate only; parent from current file order is not historical approval
Ð?ng b?ng sông C?u Long,V06.15.csv,region,Đồng bằng sông Cửu Long,,,Vi?t Nam,,,V06 raw CSV row order + metadata.txt; dated official geography reference still required,MEDIUM,needs_review,Candidate only; parent from current file order is not historical approval
Long An,V06.15.csv,province,Long An,,,Đồng bằng sông Cửu Long,,,V06 raw CSV row order + metadata.txt; dated official geography reference still required,MEDIUM,needs_review,Candidate only; parent from current file order is not historical approval
Ti?n Giang,V06.15.csv,province,Tiền Giang,,,Đồng bằng sông Cửu Long,,,V06 raw CSV row order + metadata.txt; dated official geography reference still required,MEDIUM,needs_review,Candidate only; parent from current file order is not historical approval
B?n Tre,V06.15.csv,province,Bến Tre,,,Đồng bằng sông Cửu Long,,,V06 raw CSV row order + metadata.txt; dated official geography reference still required,MEDIUM,needs_review,Candidate only; parent from current file order is not historical approval
Trà Vinh,V06.15.csv,province,Trà Vinh,,,Đồng bằng sông Cửu Long,,,V06 raw CSV row order + metadata.txt; dated official geography reference still required,MEDIUM,needs_review,Candidate only; parent from current file order is not historical approval
Vinh Long,V06.15.csv,province,Vĩnh Long,,,Đồng bằng sông Cửu Long,,,V06 raw CSV row order + metadata.txt; dated official geography reference still required,MEDIUM,needs_review,Candidate only; parent from current file order is not historical approval
Ð?ng Tháp,V06.15.csv,province,Đồng Tháp,,,Đồng bằng sông Cửu Long,,,V06 raw CSV row order + metadata.txt; dated official geography reference still required,MEDIUM,needs_review,Candidate only; parent from current file order is not historical approval
An Giang,V06.15.csv,province,An Giang,,,Đồng bằng sông Cửu Long,,,V06 raw CSV row order + metadata.txt; dated official geography reference still required,MEDIUM,needs_review,Candidate only; parent from current file order is not historical approval
Kiên Giang,V06.15.csv,province,Kiên Giang,,,Đồng bằng sông Cửu Long,,,V06 raw CSV row order + metadata.txt; dated official geography reference still required,MEDIUM,needs_review,Candidate only; parent from current file order is not historical approval
C?n Tho,V06.15.csv,province,Cần Thơ,,,Đồng bằng sông Cửu Long,,,V06 raw CSV row order + metadata.txt; dated official geography reference still required,MEDIUM,needs_review,Candidate only; parent from current file order is not historical approval
H?u Giang,V06.15.csv,province,Hậu Giang,,,Đồng bằng sông Cửu Long,,,V06 raw CSV row order + metadata.txt; dated official geography reference still required,MEDIUM,needs_review,Candidate only; parent from current file order is not historical approval
Sóc Trang,V06.15.csv,province,Sóc Trăng,,,Đồng bằng sông Cửu Long,,,V06 raw CSV row order + metadata.txt; dated official geography reference still required,MEDIUM,needs_review,Candidate only; parent from current file order is not historical approval
B?c Liêu,V06.15.csv,province,Bạc Liêu,,,Đồng bằng sông Cửu Long,,,V06 raw CSV row order + metadata.txt; dated official geography reference still required,MEDIUM,needs_review,Candidate only; parent from current file order is not historical approval
Cà Mau,V06.15.csv,province,Cà Mau,,,Đồng bằng sông Cửu Long,,,V06 raw CSV row order + metadata.txt; dated official geography reference still required,MEDIUM,needs_review,Candidate only; parent from current file order is not historical approval
C? NU?C,V06.16.csv,national,Việt Nam,704,UN_M49,,,,https://unstats.un.org/unsd/methodology/m49/,HIGH,verified_country_identity_only,Candidate only; parent from current file order is not historical approval
Ð?ng b?ng sông H?ng,V06.16.csv,region,Đồng bằng sông Hồng,,,Vi?t Nam,,,V06 raw CSV row order + metadata.txt; dated official geography reference still required,MEDIUM,needs_review,Candidate only; parent from current file order is not historical approval
Hà N?i,V06.16.csv,province,Hà Nội,,,Đồng bằng sông Hồng,,,V06 raw CSV row order + metadata.txt; dated official geography reference still required,MEDIUM,needs_review,Candidate only; parent from current file order is not historical approval
Hà Tây,V06.16.csv,province,Hà Tây,,,Đồng bằng sông Hồng,,,V06 raw CSV row order + metadata.txt; dated official geography reference still required,MEDIUM,needs_review,Candidate only; parent from current file order is not historical approval
Vinh Phúc,V06.16.csv,province,Vĩnh Phúc,,,Đồng bằng sông Hồng,,,V06 raw CSV row order + metadata.txt; dated official geography reference still required,MEDIUM,needs_review,Candidate only; parent from current file order is not historical approval
B?c Ninh,V06.16.csv,province,Bắc Ninh,,,Đồng bằng sông Hồng,,,V06 raw CSV row order + metadata.txt; dated official geography reference still required,MEDIUM,needs_review,Candidate only; parent from current file order is not historical approval
Qu?ng Ninh,V06.16.csv,province,Quảng Ninh,,,Đồng bằng sông Hồng,,,V06 raw CSV row order + metadata.txt; dated official geography reference still required,MEDIUM,needs_review,Candidate only; parent from current file order is not historical approval
H?i Duong,V06.16.csv,province,Hải Dương,,,Đồng bằng sông Hồng,,,V06 raw CSV row order + metadata.txt; dated official geography reference still required,MEDIUM,needs_review,Candidate only; parent from current file order is not historical approval
H?i Phòng,V06.16.csv,province,Hải Phòng,,,Đồng bằng sông Hồng,,,V06 raw CSV row order + metadata.txt; dated official geography reference still required,MEDIUM,needs_review,Candidate only; parent from current file order is not historical approval
Hung Yên,V06.16.csv,province,Hưng Yên,,,Đồng bằng sông Hồng,,,V06 raw CSV row order + metadata.txt; dated official geography reference still required,MEDIUM,needs_review,Candidate only; parent from current file order is not historical approval
Thái Bình,V06.16.csv,province,Thái Bình,,,Đồng bằng sông Hồng,,,V06 raw CSV row order + metadata.txt; dated official geography reference still required,MEDIUM,needs_review,Candidate only; parent from current file order is not historical approval
Hà Nam,V06.16.csv,province,Hà Nam,,,Đồng bằng sông Hồng,,,V06 raw CSV row order + metadata.txt; dated official geography reference still required,MEDIUM,needs_review,Candidate only; parent from current file order is not historical approval
Nam Ð?nh,V06.16.csv,province,Nam Định,,,Đồng bằng sông Hồng,,,V06 raw CSV row order + metadata.txt; dated official geography reference still required,MEDIUM,needs_review,Candidate only; parent from current file order is not historical approval
Ninh Bình,V06.16.csv,province,Ninh Bình,,,Đồng bằng sông Hồng,,,V06 raw CSV row order + metadata.txt; dated official geography reference still required,MEDIUM,needs_review,Candidate only; parent from current file order is not historical approval
Trung du và mi?n núi phía B?c,V06.16.csv,region,Trung du và miền núi phía Bắc,,,Vi?t Nam,,,V06 raw CSV row order + metadata.txt; dated official geography reference still required,MEDIUM,needs_review,Candidate only; parent from current file order is not historical approval
Hà Giang,V06.16.csv,province,Hà Giang,,,Trung du và miền núi phía Bắc,,,V06 raw CSV row order + metadata.txt; dated official geography reference still required,MEDIUM,needs_review,Candidate only; parent from current file order is not historical approval
Cao B?ng,V06.16.csv,province,Cao Bằng,,,Trung du và miền núi phía Bắc,,,V06 raw CSV row order + metadata.txt; dated official geography reference still required,MEDIUM,needs_review,Candidate only; parent from current file order is not historical approval
B?c K?n,V06.16.csv,province,Bắc Kạn,,,Trung du và miền núi phía Bắc,,,V06 raw CSV row order + metadata.txt; dated official geography reference still required,MEDIUM,needs_review,Candidate only; parent from current file order is not historical approval
Tuyên Quang,V06.16.csv,province,Tuyên Quang,,,Trung du và miền núi phía Bắc,,,V06 raw CSV row order + metadata.txt; dated official geography reference still required,MEDIUM,needs_review,Candidate only; parent from current file order is not historical approval
Lào Cai,V06.16.csv,province,Lào Cai,,,Trung du và miền núi phía Bắc,,,V06 raw CSV row order + metadata.txt; dated official geography reference still required,MEDIUM,needs_review,Candidate only; parent from current file order is not historical approval
Yên Bái,V06.16.csv,province,Yên Bái,,,Trung du và miền núi phía Bắc,,,V06 raw CSV row order + metadata.txt; dated official geography reference still required,MEDIUM,needs_review,Candidate only; parent from current file order is not historical approval
Thái Nguyên,V06.16.csv,province,Thái Nguyên,,,Trung du và miền núi phía Bắc,,,V06 raw CSV row order + metadata.txt; dated official geography reference still required,MEDIUM,needs_review,Candidate only; parent from current file order is not historical approval
L?ng Son,V06.16.csv,province,Lạng Sơn,,,Trung du và miền núi phía Bắc,,,V06 raw CSV row order + metadata.txt; dated official geography reference still required,MEDIUM,needs_review,Candidate only; parent from current file order is not historical approval
B?c Giang,V06.16.csv,province,Bắc Giang,,,Trung du và miền núi phía Bắc,,,V06 raw CSV row order + metadata.txt; dated official geography reference still required,MEDIUM,needs_review,Candidate only; parent from current file order is not historical approval
Phú Th?,V06.16.csv,province,Phú Thọ,,,Trung du và miền núi phía Bắc,,,V06 raw CSV row order + metadata.txt; dated official geography reference still required,MEDIUM,needs_review,Candidate only; parent from current file order is not historical approval
Ði?n Biên,V06.16.csv,province,Điện Biên,,,Trung du và miền núi phía Bắc,,,V06 raw CSV row order + metadata.txt; dated official geography reference still required,MEDIUM,needs_review,Candidate only; parent from current file order is not historical approval
Lai Châu,V06.16.csv,province,Lai Châu,,,Trung du và miền núi phía Bắc,,,V06 raw CSV row order + metadata.txt; dated official geography reference still required,MEDIUM,needs_review,Candidate only; parent from current file order is not historical approval
Son La,V06.16.csv,province,Sơn La,,,Trung du và miền núi phía Bắc,,,V06 raw CSV row order + metadata.txt; dated official geography reference still required,MEDIUM,needs_review,Candidate only; parent from current file order is not historical approval
Hoà Bình,V06.16.csv,province,Hòa Bình,,,Trung du và miền núi phía Bắc,,,V06 raw CSV row order + metadata.txt; dated official geography reference still required,MEDIUM,needs_review,Candidate only; parent from current file order is not historical approval
B?c Trung B? và Duyên h?i mi?n Trung,V06.16.csv,region,Bắc Trung Bộ và Duyên hải miền Trung,,,Vi?t Nam,,,V06 raw CSV row order + metadata.txt; dated official geography reference still required,MEDIUM,needs_review,Candidate only; parent from current file order is not historical approval
Thanh Hoá,V06.16.csv,province,Thanh Hóa,,,Bắc Trung Bộ và Duyên hải miền Trung,,,V06 raw CSV row order + metadata.txt; dated official geography reference still required,MEDIUM,needs_review,Candidate only; parent from current file order is not historical approval
Ngh? An,V06.16.csv,province,Nghệ An,,,Bắc Trung Bộ và Duyên hải miền Trung,,,V06 raw CSV row order + metadata.txt; dated official geography reference still required,MEDIUM,needs_review,Candidate only; parent from current file order is not historical approval
Hà Tinh,V06.16.csv,province,Hà Tĩnh,,,Bắc Trung Bộ và Duyên hải miền Trung,,,V06 raw CSV row order + metadata.txt; dated official geography reference still required,MEDIUM,needs_review,Candidate only; parent from current file order is not historical approval
Qu?ng Bình,V06.16.csv,province,Quảng Bình,,,Bắc Trung Bộ và Duyên hải miền Trung,,,V06 raw CSV row order + metadata.txt; dated official geography reference still required,MEDIUM,needs_review,Candidate only; parent from current file order is not historical approval
Qu?ng Tr?,V06.16.csv,province,Quảng Trị,,,Bắc Trung Bộ và Duyên hải miền Trung,,,V06 raw CSV row order + metadata.txt; dated official geography reference still required,MEDIUM,needs_review,Candidate only; parent from current file order is not historical approval
Th?a Thiên Hu?,V06.16.csv,province,Thừa Thiên Huế,,,Bắc Trung Bộ và Duyên hải miền Trung,,,V06 raw CSV row order + metadata.txt; dated official geography reference still required,MEDIUM,needs_review,Candidate only; parent from current file order is not historical approval
Ðà N?ng,V06.16.csv,province,Đà Nẵng,,,Bắc Trung Bộ và Duyên hải miền Trung,,,V06 raw CSV row order + metadata.txt; dated official geography reference still required,MEDIUM,needs_review,Candidate only; parent from current file order is not historical approval
Qu?ng Nam,V06.16.csv,province,Quảng Nam,,,Bắc Trung Bộ và Duyên hải miền Trung,,,V06 raw CSV row order + metadata.txt; dated official geography reference still required,MEDIUM,needs_review,Candidate only; parent from current file order is not historical approval
Qu?ng Ngãi,V06.16.csv,province,Quảng Ngãi,,,Bắc Trung Bộ và Duyên hải miền Trung,,,V06 raw CSV row order + metadata.txt; dated official geography reference still required,MEDIUM,needs_review,Candidate only; parent from current file order is not historical approval
Bình Ð?nh,V06.16.csv,province,Bình Định,,,Bắc Trung Bộ và Duyên hải miền Trung,,,V06 raw CSV row order + metadata.txt; dated official geography reference still required,MEDIUM,needs_review,Candidate only; parent from current file order is not historical approval
Phú Yên,V06.16.csv,province,Phú Yên,,,Bắc Trung Bộ và Duyên hải miền Trung,,,V06 raw CSV row order + metadata.txt; dated official geography reference still required,MEDIUM,needs_review,Candidate only; parent from current file order is not historical approval
Khánh Hoà,V06.16.csv,province,Khánh Hòa,,,Bắc Trung Bộ và Duyên hải miền Trung,,,V06 raw CSV row order + metadata.txt; dated official geography reference still required,MEDIUM,needs_review,Candidate only; parent from current file order is not historical approval
Ninh Thu?n,V06.16.csv,province,Ninh Thuận,,,Bắc Trung Bộ và Duyên hải miền Trung,,,V06 raw CSV row order + metadata.txt; dated official geography reference still required,MEDIUM,needs_review,Candidate only; parent from current file order is not historical approval
Bình Thu?n,V06.16.csv,province,Bình Thuận,,,Bắc Trung Bộ và Duyên hải miền Trung,,,V06 raw CSV row order + metadata.txt; dated official geography reference still required,MEDIUM,needs_review,Candidate only; parent from current file order is not historical approval
Tây Nguyên,V06.16.csv,region,Tây Nguyên,,,Vi?t Nam,,,V06 raw CSV row order + metadata.txt; dated official geography reference still required,MEDIUM,needs_review,Candidate only; parent from current file order is not historical approval
Kon Tum,V06.16.csv,province,Kon Tum,,,Tây Nguyên,,,V06 raw CSV row order + metadata.txt; dated official geography reference still required,MEDIUM,needs_review,Candidate only; parent from current file order is not historical approval
Gia Lai,V06.16.csv,province,Gia Lai,,,Tây Nguyên,,,V06 raw CSV row order + metadata.txt; dated official geography reference still required,MEDIUM,needs_review,Candidate only; parent from current file order is not historical approval
Ð?k L?k,V06.16.csv,province,Đắk Lắk,,,Tây Nguyên,,,V06 raw CSV row order + metadata.txt; dated official geography reference still required,MEDIUM,needs_review,Candidate only; parent from current file order is not historical approval
Ð?k Nông,V06.16.csv,province,Đắk Nông,,,Tây Nguyên,,,V06 raw CSV row order + metadata.txt; dated official geography reference still required,MEDIUM,needs_review,Candidate only; parent from current file order is not historical approval
Lâm Ð?ng,V06.16.csv,province,Lâm Đồng,,,Tây Nguyên,,,V06 raw CSV row order + metadata.txt; dated official geography reference still required,MEDIUM,needs_review,Candidate only; parent from current file order is not historical approval
Ðông Nam B?,V06.16.csv,region,Đông Nam Bộ,,,Vi?t Nam,,,V06 raw CSV row order + metadata.txt; dated official geography reference still required,MEDIUM,needs_review,Candidate only; parent from current file order is not historical approval
Bình Phu?c,V06.16.csv,province,Bình Phước,,,Đông Nam Bộ,,,V06 raw CSV row order + metadata.txt; dated official geography reference still required,MEDIUM,needs_review,Candidate only; parent from current file order is not historical approval
Tây Ninh,V06.16.csv,province,Tây Ninh,,,Đông Nam Bộ,,,V06 raw CSV row order + metadata.txt; dated official geography reference still required,MEDIUM,needs_review,Candidate only; parent from current file order is not historical approval
Bình Duong,V06.16.csv,province,Bình Dương,,,Đông Nam Bộ,,,V06 raw CSV row order + metadata.txt; dated official geography reference still required,MEDIUM,needs_review,Candidate only; parent from current file order is not historical approval
Ð?ng Nai,V06.16.csv,province,Đồng Nai,,,Đông Nam Bộ,,,V06 raw CSV row order + metadata.txt; dated official geography reference still required,MEDIUM,needs_review,Candidate only; parent from current file order is not historical approval
Bà R?a - Vtng Tàu,V06.16.csv,province,Bà Rịa - Vũng Tàu,,,Đông Nam Bộ,,,V06 raw CSV row order + metadata.txt; dated official geography reference still required,LOW,needs_review,Candidate only; parent from current file order is not historical approval
TP.H? Chí Minh,V06.16.csv,province,Thành phố Hồ Chí Minh,,,Đông Nam Bộ,,,V06 raw CSV row order + metadata.txt; dated official geography reference still required,MEDIUM,needs_review,Candidate only; parent from current file order is not historical approval
Ð?ng b?ng sông C?u Long,V06.16.csv,region,Đồng bằng sông Cửu Long,,,Vi?t Nam,,,V06 raw CSV row order + metadata.txt; dated official geography reference still required,MEDIUM,needs_review,Candidate only; parent from current file order is not historical approval
Long An,V06.16.csv,province,Long An,,,Đồng bằng sông Cửu Long,,,V06 raw CSV row order + metadata.txt; dated official geography reference still required,MEDIUM,needs_review,Candidate only; parent from current file order is not historical approval
Ti?n Giang,V06.16.csv,province,Tiền Giang,,,Đồng bằng sông Cửu Long,,,V06 raw CSV row order + metadata.txt; dated official geography reference still required,MEDIUM,needs_review,Candidate only; parent from current file order is not historical approval
B?n Tre,V06.16.csv,province,Bến Tre,,,Đồng bằng sông Cửu Long,,,V06 raw CSV row order + metadata.txt; dated official geography reference still required,MEDIUM,needs_review,Candidate only; parent from current file order is not historical approval
Trà Vinh,V06.16.csv,province,Trà Vinh,,,Đồng bằng sông Cửu Long,,,V06 raw CSV row order + metadata.txt; dated official geography reference still required,MEDIUM,needs_review,Candidate only; parent from current file order is not historical approval
Vinh Long,V06.16.csv,province,Vĩnh Long,,,Đồng bằng sông Cửu Long,,,V06 raw CSV row order + metadata.txt; dated official geography reference still required,MEDIUM,needs_review,Candidate only; parent from current file order is not historical approval
Ð?ng Tháp,V06.16.csv,province,Đồng Tháp,,,Đồng bằng sông Cửu Long,,,V06 raw CSV row order + metadata.txt; dated official geography reference still required,MEDIUM,needs_review,Candidate only; parent from current file order is not historical approval
An Giang,V06.16.csv,province,An Giang,,,Đồng bằng sông Cửu Long,,,V06 raw CSV row order + metadata.txt; dated official geography reference still required,MEDIUM,needs_review,Candidate only; parent from current file order is not historical approval
Kiên Giang,V06.16.csv,province,Kiên Giang,,,Đồng bằng sông Cửu Long,,,V06 raw CSV row order + metadata.txt; dated official geography reference still required,MEDIUM,needs_review,Candidate only; parent from current file order is not historical approval
C?n Tho,V06.16.csv,province,Cần Thơ,,,Đồng bằng sông Cửu Long,,,V06 raw CSV row order + metadata.txt; dated official geography reference still required,MEDIUM,needs_review,Candidate only; parent from current file order is not historical approval
H?u Giang,V06.16.csv,province,Hậu Giang,,,Đồng bằng sông Cửu Long,,,V06 raw CSV row order + metadata.txt; dated official geography reference still required,MEDIUM,needs_review,Candidate only; parent from current file order is not historical approval
Sóc Trang,V06.16.csv,province,Sóc Trăng,,,Đồng bằng sông Cửu Long,,,V06 raw CSV row order + metadata.txt; dated official geography reference still required,MEDIUM,needs_review,Candidate only; parent from current file order is not historical approval
B?c Liêu,V06.16.csv,province,Bạc Liêu,,,Đồng bằng sông Cửu Long,,,V06 raw CSV row order + metadata.txt; dated official geography reference still required,MEDIUM,needs_review,Candidate only; parent from current file order is not historical approval
Cà Mau,V06.16.csv,province,Cà Mau,,,Đồng bằng sông Cửu Long,,,V06 raw CSV row order + metadata.txt; dated official geography reference still required,MEDIUM,needs_review,Candidate only; parent from current file order is not historical approval
C? NU?C,V06.17.csv,national,Việt Nam,704,UN_M49,,,,https://unstats.un.org/unsd/methodology/m49/,HIGH,verified_country_identity_only,Candidate only; parent from current file order is not historical approval
Ð?ng b?ng sông H?ng,V06.17.csv,region,Đồng bằng sông Hồng,,,Vi?t Nam,,,V06 raw CSV row order + metadata.txt; dated official geography reference still required,MEDIUM,needs_review,Candidate only; parent from current file order is not historical approval
Hà N?i,V06.17.csv,province,Hà Nội,,,Đồng bằng sông Hồng,,,V06 raw CSV row order + metadata.txt; dated official geography reference still required,MEDIUM,needs_review,Candidate only; parent from current file order is not historical approval
Hà Tây,V06.17.csv,province,Hà Tây,,,Đồng bằng sông Hồng,,,V06 raw CSV row order + metadata.txt; dated official geography reference still required,MEDIUM,needs_review,Candidate only; parent from current file order is not historical approval
Vinh Phúc,V06.17.csv,province,Vĩnh Phúc,,,Đồng bằng sông Hồng,,,V06 raw CSV row order + metadata.txt; dated official geography reference still required,MEDIUM,needs_review,Candidate only; parent from current file order is not historical approval
B?c Ninh,V06.17.csv,province,Bắc Ninh,,,Đồng bằng sông Hồng,,,V06 raw CSV row order + metadata.txt; dated official geography reference still required,MEDIUM,needs_review,Candidate only; parent from current file order is not historical approval
Qu?ng Ninh,V06.17.csv,province,Quảng Ninh,,,Đồng bằng sông Hồng,,,V06 raw CSV row order + metadata.txt; dated official geography reference still required,MEDIUM,needs_review,Candidate only; parent from current file order is not historical approval
H?i Duong,V06.17.csv,province,Hải Dương,,,Đồng bằng sông Hồng,,,V06 raw CSV row order + metadata.txt; dated official geography reference still required,MEDIUM,needs_review,Candidate only; parent from current file order is not historical approval
H?i Phòng,V06.17.csv,province,Hải Phòng,,,Đồng bằng sông Hồng,,,V06 raw CSV row order + metadata.txt; dated official geography reference still required,MEDIUM,needs_review,Candidate only; parent from current file order is not historical approval
Hung Yên,V06.17.csv,province,Hưng Yên,,,Đồng bằng sông Hồng,,,V06 raw CSV row order + metadata.txt; dated official geography reference still required,MEDIUM,needs_review,Candidate only; parent from current file order is not historical approval
Thái Bình,V06.17.csv,province,Thái Bình,,,Đồng bằng sông Hồng,,,V06 raw CSV row order + metadata.txt; dated official geography reference still required,MEDIUM,needs_review,Candidate only; parent from current file order is not historical approval
Hà Nam,V06.17.csv,province,Hà Nam,,,Đồng bằng sông Hồng,,,V06 raw CSV row order + metadata.txt; dated official geography reference still required,MEDIUM,needs_review,Candidate only; parent from current file order is not historical approval
Nam Ð?nh,V06.17.csv,province,Nam Định,,,Đồng bằng sông Hồng,,,V06 raw CSV row order + metadata.txt; dated official geography reference still required,MEDIUM,needs_review,Candidate only; parent from current file order is not historical approval
Ninh Bình,V06.17.csv,province,Ninh Bình,,,Đồng bằng sông Hồng,,,V06 raw CSV row order + metadata.txt; dated official geography reference still required,MEDIUM,needs_review,Candidate only; parent from current file order is not historical approval
Trung du và mi?n núi phía B?c,V06.17.csv,region,Trung du và miền núi phía Bắc,,,Vi?t Nam,,,V06 raw CSV row order + metadata.txt; dated official geography reference still required,MEDIUM,needs_review,Candidate only; parent from current file order is not historical approval
Hà Giang,V06.17.csv,province,Hà Giang,,,Trung du và miền núi phía Bắc,,,V06 raw CSV row order + metadata.txt; dated official geography reference still required,MEDIUM,needs_review,Candidate only; parent from current file order is not historical approval
Cao B?ng,V06.17.csv,province,Cao Bằng,,,Trung du và miền núi phía Bắc,,,V06 raw CSV row order + metadata.txt; dated official geography reference still required,MEDIUM,needs_review,Candidate only; parent from current file order is not historical approval
B?c K?n,V06.17.csv,province,Bắc Kạn,,,Trung du và miền núi phía Bắc,,,V06 raw CSV row order + metadata.txt; dated official geography reference still required,MEDIUM,needs_review,Candidate only; parent from current file order is not historical approval
Tuyên Quang,V06.17.csv,province,Tuyên Quang,,,Trung du và miền núi phía Bắc,,,V06 raw CSV row order + metadata.txt; dated official geography reference still required,MEDIUM,needs_review,Candidate only; parent from current file order is not historical approval
Lào Cai,V06.17.csv,province,Lào Cai,,,Trung du và miền núi phía Bắc,,,V06 raw CSV row order + metadata.txt; dated official geography reference still required,MEDIUM,needs_review,Candidate only; parent from current file order is not historical approval
Yên Bái,V06.17.csv,province,Yên Bái,,,Trung du và miền núi phía Bắc,,,V06 raw CSV row order + metadata.txt; dated official geography reference still required,MEDIUM,needs_review,Candidate only; parent from current file order is not historical approval
Thái Nguyên,V06.17.csv,province,Thái Nguyên,,,Trung du và miền núi phía Bắc,,,V06 raw CSV row order + metadata.txt; dated official geography reference still required,MEDIUM,needs_review,Candidate only; parent from current file order is not historical approval
L?ng Son,V06.17.csv,province,Lạng Sơn,,,Trung du và miền núi phía Bắc,,,V06 raw CSV row order + metadata.txt; dated official geography reference still required,MEDIUM,needs_review,Candidate only; parent from current file order is not historical approval
B?c Giang,V06.17.csv,province,Bắc Giang,,,Trung du và miền núi phía Bắc,,,V06 raw CSV row order + metadata.txt; dated official geography reference still required,MEDIUM,needs_review,Candidate only; parent from current file order is not historical approval
Phú Th?,V06.17.csv,province,Phú Thọ,,,Trung du và miền núi phía Bắc,,,V06 raw CSV row order + metadata.txt; dated official geography reference still required,MEDIUM,needs_review,Candidate only; parent from current file order is not historical approval
Ði?n Biên,V06.17.csv,province,Điện Biên,,,Trung du và miền núi phía Bắc,,,V06 raw CSV row order + metadata.txt; dated official geography reference still required,MEDIUM,needs_review,Candidate only; parent from current file order is not historical approval
Lai Châu,V06.17.csv,province,Lai Châu,,,Trung du và miền núi phía Bắc,,,V06 raw CSV row order + metadata.txt; dated official geography reference still required,MEDIUM,needs_review,Candidate only; parent from current file order is not historical approval
Son La,V06.17.csv,province,Sơn La,,,Trung du và miền núi phía Bắc,,,V06 raw CSV row order + metadata.txt; dated official geography reference still required,MEDIUM,needs_review,Candidate only; parent from current file order is not historical approval
Hoà Bình,V06.17.csv,province,Hòa Bình,,,Trung du và miền núi phía Bắc,,,V06 raw CSV row order + metadata.txt; dated official geography reference still required,MEDIUM,needs_review,Candidate only; parent from current file order is not historical approval
B?c Trung B? và Duyên h?i mi?n Trung,V06.17.csv,region,Bắc Trung Bộ và Duyên hải miền Trung,,,Vi?t Nam,,,V06 raw CSV row order + metadata.txt; dated official geography reference still required,MEDIUM,needs_review,Candidate only; parent from current file order is not historical approval
Thanh Hoá,V06.17.csv,province,Thanh Hóa,,,Bắc Trung Bộ và Duyên hải miền Trung,,,V06 raw CSV row order + metadata.txt; dated official geography reference still required,MEDIUM,needs_review,Candidate only; parent from current file order is not historical approval
Ngh? An,V06.17.csv,province,Nghệ An,,,Bắc Trung Bộ và Duyên hải miền Trung,,,V06 raw CSV row order + metadata.txt; dated official geography reference still required,MEDIUM,needs_review,Candidate only; parent from current file order is not historical approval
Hà Tinh,V06.17.csv,province,Hà Tĩnh,,,Bắc Trung Bộ và Duyên hải miền Trung,,,V06 raw CSV row order + metadata.txt; dated official geography reference still required,MEDIUM,needs_review,Candidate only; parent from current file order is not historical approval
Qu?ng Bình,V06.17.csv,province,Quảng Bình,,,Bắc Trung Bộ và Duyên hải miền Trung,,,V06 raw CSV row order + metadata.txt; dated official geography reference still required,MEDIUM,needs_review,Candidate only; parent from current file order is not historical approval
Qu?ng Tr?,V06.17.csv,province,Quảng Trị,,,Bắc Trung Bộ và Duyên hải miền Trung,,,V06 raw CSV row order + metadata.txt; dated official geography reference still required,MEDIUM,needs_review,Candidate only; parent from current file order is not historical approval
Th?a Thiên Hu?,V06.17.csv,province,Thừa Thiên Huế,,,Bắc Trung Bộ và Duyên hải miền Trung,,,V06 raw CSV row order + metadata.txt; dated official geography reference still required,MEDIUM,needs_review,Candidate only; parent from current file order is not historical approval
Ðà N?ng,V06.17.csv,province,Đà Nẵng,,,Bắc Trung Bộ và Duyên hải miền Trung,,,V06 raw CSV row order + metadata.txt; dated official geography reference still required,MEDIUM,needs_review,Candidate only; parent from current file order is not historical approval
Qu?ng Nam,V06.17.csv,province,Quảng Nam,,,Bắc Trung Bộ và Duyên hải miền Trung,,,V06 raw CSV row order + metadata.txt; dated official geography reference still required,MEDIUM,needs_review,Candidate only; parent from current file order is not historical approval
Qu?ng Ngãi,V06.17.csv,province,Quảng Ngãi,,,Bắc Trung Bộ và Duyên hải miền Trung,,,V06 raw CSV row order + metadata.txt; dated official geography reference still required,MEDIUM,needs_review,Candidate only; parent from current file order is not historical approval
Bình Ð?nh,V06.17.csv,province,Bình Định,,,Bắc Trung Bộ và Duyên hải miền Trung,,,V06 raw CSV row order + metadata.txt; dated official geography reference still required,MEDIUM,needs_review,Candidate only; parent from current file order is not historical approval
Phú Yên,V06.17.csv,province,Phú Yên,,,Bắc Trung Bộ và Duyên hải miền Trung,,,V06 raw CSV row order + metadata.txt; dated official geography reference still required,MEDIUM,needs_review,Candidate only; parent from current file order is not historical approval
Khánh Hoà,V06.17.csv,province,Khánh Hòa,,,Bắc Trung Bộ và Duyên hải miền Trung,,,V06 raw CSV row order + metadata.txt; dated official geography reference still required,MEDIUM,needs_review,Candidate only; parent from current file order is not historical approval
Ninh Thu?n,V06.17.csv,province,Ninh Thuận,,,Bắc Trung Bộ và Duyên hải miền Trung,,,V06 raw CSV row order + metadata.txt; dated official geography reference still required,MEDIUM,needs_review,Candidate only; parent from current file order is not historical approval
Bình Thu?n,V06.17.csv,province,Bình Thuận,,,Bắc Trung Bộ và Duyên hải miền Trung,,,V06 raw CSV row order + metadata.txt; dated official geography reference still required,MEDIUM,needs_review,Candidate only; parent from current file order is not historical approval
Tây Nguyên,V06.17.csv,region,Tây Nguyên,,,Vi?t Nam,,,V06 raw CSV row order + metadata.txt; dated official geography reference still required,MEDIUM,needs_review,Candidate only; parent from current file order is not historical approval
Kon Tum,V06.17.csv,province,Kon Tum,,,Tây Nguyên,,,V06 raw CSV row order + metadata.txt; dated official geography reference still required,MEDIUM,needs_review,Candidate only; parent from current file order is not historical approval
Gia Lai,V06.17.csv,province,Gia Lai,,,Tây Nguyên,,,V06 raw CSV row order + metadata.txt; dated official geography reference still required,MEDIUM,needs_review,Candidate only; parent from current file order is not historical approval
Ð?k L?k,V06.17.csv,province,Đắk Lắk,,,Tây Nguyên,,,V06 raw CSV row order + metadata.txt; dated official geography reference still required,MEDIUM,needs_review,Candidate only; parent from current file order is not historical approval
Ð?k Nông,V06.17.csv,province,Đắk Nông,,,Tây Nguyên,,,V06 raw CSV row order + metadata.txt; dated official geography reference still required,MEDIUM,needs_review,Candidate only; parent from current file order is not historical approval
Lâm Ð?ng,V06.17.csv,province,Lâm Đồng,,,Tây Nguyên,,,V06 raw CSV row order + metadata.txt; dated official geography reference still required,MEDIUM,needs_review,Candidate only; parent from current file order is not historical approval
Ðông Nam B?,V06.17.csv,region,Đông Nam Bộ,,,Vi?t Nam,,,V06 raw CSV row order + metadata.txt; dated official geography reference still required,MEDIUM,needs_review,Candidate only; parent from current file order is not historical approval
Bình Phu?c,V06.17.csv,province,Bình Phước,,,Đông Nam Bộ,,,V06 raw CSV row order + metadata.txt; dated official geography reference still required,MEDIUM,needs_review,Candidate only; parent from current file order is not historical approval
Tây Ninh,V06.17.csv,province,Tây Ninh,,,Đông Nam Bộ,,,V06 raw CSV row order + metadata.txt; dated official geography reference still required,MEDIUM,needs_review,Candidate only; parent from current file order is not historical approval
Bình Duong,V06.17.csv,province,Bình Dương,,,Đông Nam Bộ,,,V06 raw CSV row order + metadata.txt; dated official geography reference still required,MEDIUM,needs_review,Candidate only; parent from current file order is not historical approval
Ð?ng Nai,V06.17.csv,province,Đồng Nai,,,Đông Nam Bộ,,,V06 raw CSV row order + metadata.txt; dated official geography reference still required,MEDIUM,needs_review,Candidate only; parent from current file order is not historical approval
Bà R?a - Vtng Tàu,V06.17.csv,province,Bà Rịa - Vũng Tàu,,,Đông Nam Bộ,,,V06 raw CSV row order + metadata.txt; dated official geography reference still required,LOW,needs_review,Candidate only; parent from current file order is not historical approval
TP.H? Chí Minh,V06.17.csv,province,Thành phố Hồ Chí Minh,,,Đông Nam Bộ,,,V06 raw CSV row order + metadata.txt; dated official geography reference still required,MEDIUM,needs_review,Candidate only; parent from current file order is not historical approval
Ð?ng b?ng sông C?u Long,V06.17.csv,region,Đồng bằng sông Cửu Long,,,Vi?t Nam,,,V06 raw CSV row order + metadata.txt; dated official geography reference still required,MEDIUM,needs_review,Candidate only; parent from current file order is not historical approval
Long An,V06.17.csv,province,Long An,,,Đồng bằng sông Cửu Long,,,V06 raw CSV row order + metadata.txt; dated official geography reference still required,MEDIUM,needs_review,Candidate only; parent from current file order is not historical approval
Ti?n Giang,V06.17.csv,province,Tiền Giang,,,Đồng bằng sông Cửu Long,,,V06 raw CSV row order + metadata.txt; dated official geography reference still required,MEDIUM,needs_review,Candidate only; parent from current file order is not historical approval
B?n Tre,V06.17.csv,province,Bến Tre,,,Đồng bằng sông Cửu Long,,,V06 raw CSV row order + metadata.txt; dated official geography reference still required,MEDIUM,needs_review,Candidate only; parent from current file order is not historical approval
Trà Vinh,V06.17.csv,province,Trà Vinh,,,Đồng bằng sông Cửu Long,,,V06 raw CSV row order + metadata.txt; dated official geography reference still required,MEDIUM,needs_review,Candidate only; parent from current file order is not historical approval
Vinh Long,V06.17.csv,province,Vĩnh Long,,,Đồng bằng sông Cửu Long,,,V06 raw CSV row order + metadata.txt; dated official geography reference still required,MEDIUM,needs_review,Candidate only; parent from current file order is not historical approval
Ð?ng Tháp,V06.17.csv,province,Đồng Tháp,,,Đồng bằng sông Cửu Long,,,V06 raw CSV row order + metadata.txt; dated official geography reference still required,MEDIUM,needs_review,Candidate only; parent from current file order is not historical approval
An Giang,V06.17.csv,province,An Giang,,,Đồng bằng sông Cửu Long,,,V06 raw CSV row order + metadata.txt; dated official geography reference still required,MEDIUM,needs_review,Candidate only; parent from current file order is not historical approval
Kiên Giang,V06.17.csv,province,Kiên Giang,,,Đồng bằng sông Cửu Long,,,V06 raw CSV row order + metadata.txt; dated official geography reference still required,MEDIUM,needs_review,Candidate only; parent from current file order is not historical approval
C?n Tho,V06.17.csv,province,Cần Thơ,,,Đồng bằng sông Cửu Long,,,V06 raw CSV row order + metadata.txt; dated official geography reference still required,MEDIUM,needs_review,Candidate only; parent from current file order is not historical approval
H?u Giang,V06.17.csv,province,Hậu Giang,,,Đồng bằng sông Cửu Long,,,V06 raw CSV row order + metadata.txt; dated official geography reference still required,MEDIUM,needs_review,Candidate only; parent from current file order is not historical approval
Sóc Trang,V06.17.csv,province,Sóc Trăng,,,Đồng bằng sông Cửu Long,,,V06 raw CSV row order + metadata.txt; dated official geography reference still required,MEDIUM,needs_review,Candidate only; parent from current file order is not historical approval
B?c Liêu,V06.17.csv,province,Bạc Liêu,,,Đồng bằng sông Cửu Long,,,V06 raw CSV row order + metadata.txt; dated official geography reference still required,MEDIUM,needs_review,Candidate only; parent from current file order is not historical approval
Cà Mau,V06.17.csv,province,Cà Mau,,,Đồng bằng sông Cửu Long,,,V06 raw CSV row order + metadata.txt; dated official geography reference still required,MEDIUM,needs_review,Candidate only; parent from current file order is not historical approval
C? NU?C,V06.18.csv,national,Việt Nam,704,UN_M49,,,,https://unstats.un.org/unsd/methodology/m49/,HIGH,verified_country_identity_only,Candidate only; parent from current file order is not historical approval
Ð?ng b?ng sông H?ng,V06.18.csv,region,Đồng bằng sông Hồng,,,Vi?t Nam,,,V06 raw CSV row order + metadata.txt; dated official geography reference still required,MEDIUM,needs_review,Candidate only; parent from current file order is not historical approval
Hà N?i,V06.18.csv,province,Hà Nội,,,Đồng bằng sông Hồng,,,V06 raw CSV row order + metadata.txt; dated official geography reference still required,MEDIUM,needs_review,Candidate only; parent from current file order is not historical approval
Hà Tây,V06.18.csv,province,Hà Tây,,,Đồng bằng sông Hồng,,,V06 raw CSV row order + metadata.txt; dated official geography reference still required,MEDIUM,needs_review,Candidate only; parent from current file order is not historical approval
Vinh Phúc,V06.18.csv,province,Vĩnh Phúc,,,Đồng bằng sông Hồng,,,V06 raw CSV row order + metadata.txt; dated official geography reference still required,MEDIUM,needs_review,Candidate only; parent from current file order is not historical approval
B?c Ninh,V06.18.csv,province,Bắc Ninh,,,Đồng bằng sông Hồng,,,V06 raw CSV row order + metadata.txt; dated official geography reference still required,MEDIUM,needs_review,Candidate only; parent from current file order is not historical approval
Qu?ng Ninh,V06.18.csv,province,Quảng Ninh,,,Đồng bằng sông Hồng,,,V06 raw CSV row order + metadata.txt; dated official geography reference still required,MEDIUM,needs_review,Candidate only; parent from current file order is not historical approval
H?i Duong,V06.18.csv,province,Hải Dương,,,Đồng bằng sông Hồng,,,V06 raw CSV row order + metadata.txt; dated official geography reference still required,MEDIUM,needs_review,Candidate only; parent from current file order is not historical approval
H?i Phòng,V06.18.csv,province,Hải Phòng,,,Đồng bằng sông Hồng,,,V06 raw CSV row order + metadata.txt; dated official geography reference still required,MEDIUM,needs_review,Candidate only; parent from current file order is not historical approval
Hung Yên,V06.18.csv,province,Hưng Yên,,,Đồng bằng sông Hồng,,,V06 raw CSV row order + metadata.txt; dated official geography reference still required,MEDIUM,needs_review,Candidate only; parent from current file order is not historical approval
Thái Bình,V06.18.csv,province,Thái Bình,,,Đồng bằng sông Hồng,,,V06 raw CSV row order + metadata.txt; dated official geography reference still required,MEDIUM,needs_review,Candidate only; parent from current file order is not historical approval
Hà Nam,V06.18.csv,province,Hà Nam,,,Đồng bằng sông Hồng,,,V06 raw CSV row order + metadata.txt; dated official geography reference still required,MEDIUM,needs_review,Candidate only; parent from current file order is not historical approval
Nam Ð?nh,V06.18.csv,province,Nam Định,,,Đồng bằng sông Hồng,,,V06 raw CSV row order + metadata.txt; dated official geography reference still required,MEDIUM,needs_review,Candidate only; parent from current file order is not historical approval
Ninh Bình,V06.18.csv,province,Ninh Bình,,,Đồng bằng sông Hồng,,,V06 raw CSV row order + metadata.txt; dated official geography reference still required,MEDIUM,needs_review,Candidate only; parent from current file order is not historical approval
Trung du và mi?n núi phía B?c,V06.18.csv,region,Trung du và miền núi phía Bắc,,,Vi?t Nam,,,V06 raw CSV row order + metadata.txt; dated official geography reference still required,MEDIUM,needs_review,Candidate only; parent from current file order is not historical approval
Hà Giang,V06.18.csv,province,Hà Giang,,,Trung du và miền núi phía Bắc,,,V06 raw CSV row order + metadata.txt; dated official geography reference still required,MEDIUM,needs_review,Candidate only; parent from current file order is not historical approval
Cao B?ng,V06.18.csv,province,Cao Bằng,,,Trung du và miền núi phía Bắc,,,V06 raw CSV row order + metadata.txt; dated official geography reference still required,MEDIUM,needs_review,Candidate only; parent from current file order is not historical approval
B?c K?n,V06.18.csv,province,Bắc Kạn,,,Trung du và miền núi phía Bắc,,,V06 raw CSV row order + metadata.txt; dated official geography reference still required,MEDIUM,needs_review,Candidate only; parent from current file order is not historical approval
Tuyên Quang,V06.18.csv,province,Tuyên Quang,,,Trung du và miền núi phía Bắc,,,V06 raw CSV row order + metadata.txt; dated official geography reference still required,MEDIUM,needs_review,Candidate only; parent from current file order is not historical approval
Lào Cai,V06.18.csv,province,Lào Cai,,,Trung du và miền núi phía Bắc,,,V06 raw CSV row order + metadata.txt; dated official geography reference still required,MEDIUM,needs_review,Candidate only; parent from current file order is not historical approval
Yên Bái,V06.18.csv,province,Yên Bái,,,Trung du và miền núi phía Bắc,,,V06 raw CSV row order + metadata.txt; dated official geography reference still required,MEDIUM,needs_review,Candidate only; parent from current file order is not historical approval
Thái Nguyên,V06.18.csv,province,Thái Nguyên,,,Trung du và miền núi phía Bắc,,,V06 raw CSV row order + metadata.txt; dated official geography reference still required,MEDIUM,needs_review,Candidate only; parent from current file order is not historical approval
L?ng Son,V06.18.csv,province,Lạng Sơn,,,Trung du và miền núi phía Bắc,,,V06 raw CSV row order + metadata.txt; dated official geography reference still required,MEDIUM,needs_review,Candidate only; parent from current file order is not historical approval
B?c Giang,V06.18.csv,province,Bắc Giang,,,Trung du và miền núi phía Bắc,,,V06 raw CSV row order + metadata.txt; dated official geography reference still required,MEDIUM,needs_review,Candidate only; parent from current file order is not historical approval
Phú Th?,V06.18.csv,province,Phú Thọ,,,Trung du và miền núi phía Bắc,,,V06 raw CSV row order + metadata.txt; dated official geography reference still required,MEDIUM,needs_review,Candidate only; parent from current file order is not historical approval
Ði?n Biên,V06.18.csv,province,Điện Biên,,,Trung du và miền núi phía Bắc,,,V06 raw CSV row order + metadata.txt; dated official geography reference still required,MEDIUM,needs_review,Candidate only; parent from current file order is not historical approval
Lai Châu,V06.18.csv,province,Lai Châu,,,Trung du và miền núi phía Bắc,,,V06 raw CSV row order + metadata.txt; dated official geography reference still required,MEDIUM,needs_review,Candidate only; parent from current file order is not historical approval
Son La,V06.18.csv,province,Sơn La,,,Trung du và miền núi phía Bắc,,,V06 raw CSV row order + metadata.txt; dated official geography reference still required,MEDIUM,needs_review,Candidate only; parent from current file order is not historical approval
Hoà Bình,V06.18.csv,province,Hòa Bình,,,Trung du và miền núi phía Bắc,,,V06 raw CSV row order + metadata.txt; dated official geography reference still required,MEDIUM,needs_review,Candidate only; parent from current file order is not historical approval
B?c Trung B? và Duyên h?i mi?n Trung,V06.18.csv,region,Bắc Trung Bộ và Duyên hải miền Trung,,,Vi?t Nam,,,V06 raw CSV row order + metadata.txt; dated official geography reference still required,MEDIUM,needs_review,Candidate only; parent from current file order is not historical approval
Thanh Hoá,V06.18.csv,province,Thanh Hóa,,,Bắc Trung Bộ và Duyên hải miền Trung,,,V06 raw CSV row order + metadata.txt; dated official geography reference still required,MEDIUM,needs_review,Candidate only; parent from current file order is not historical approval
Ngh? An,V06.18.csv,province,Nghệ An,,,Bắc Trung Bộ và Duyên hải miền Trung,,,V06 raw CSV row order + metadata.txt; dated official geography reference still required,MEDIUM,needs_review,Candidate only; parent from current file order is not historical approval
Hà Tinh,V06.18.csv,province,Hà Tĩnh,,,Bắc Trung Bộ và Duyên hải miền Trung,,,V06 raw CSV row order + metadata.txt; dated official geography reference still required,MEDIUM,needs_review,Candidate only; parent from current file order is not historical approval
Qu?ng Bình,V06.18.csv,province,Quảng Bình,,,Bắc Trung Bộ và Duyên hải miền Trung,,,V06 raw CSV row order + metadata.txt; dated official geography reference still required,MEDIUM,needs_review,Candidate only; parent from current file order is not historical approval
Qu?ng Tr?,V06.18.csv,province,Quảng Trị,,,Bắc Trung Bộ và Duyên hải miền Trung,,,V06 raw CSV row order + metadata.txt; dated official geography reference still required,MEDIUM,needs_review,Candidate only; parent from current file order is not historical approval
Th?a Thiên Hu?,V06.18.csv,province,Thừa Thiên Huế,,,Bắc Trung Bộ và Duyên hải miền Trung,,,V06 raw CSV row order + metadata.txt; dated official geography reference still required,MEDIUM,needs_review,Candidate only; parent from current file order is not historical approval
Ðà N?ng,V06.18.csv,province,Đà Nẵng,,,Bắc Trung Bộ và Duyên hải miền Trung,,,V06 raw CSV row order + metadata.txt; dated official geography reference still required,MEDIUM,needs_review,Candidate only; parent from current file order is not historical approval
Qu?ng Nam,V06.18.csv,province,Quảng Nam,,,Bắc Trung Bộ và Duyên hải miền Trung,,,V06 raw CSV row order + metadata.txt; dated official geography reference still required,MEDIUM,needs_review,Candidate only; parent from current file order is not historical approval
Qu?ng Ngãi,V06.18.csv,province,Quảng Ngãi,,,Bắc Trung Bộ và Duyên hải miền Trung,,,V06 raw CSV row order + metadata.txt; dated official geography reference still required,MEDIUM,needs_review,Candidate only; parent from current file order is not historical approval
Bình Ð?nh,V06.18.csv,province,Bình Định,,,Bắc Trung Bộ và Duyên hải miền Trung,,,V06 raw CSV row order + metadata.txt; dated official geography reference still required,MEDIUM,needs_review,Candidate only; parent from current file order is not historical approval
Phú Yên,V06.18.csv,province,Phú Yên,,,Bắc Trung Bộ và Duyên hải miền Trung,,,V06 raw CSV row order + metadata.txt; dated official geography reference still required,MEDIUM,needs_review,Candidate only; parent from current file order is not historical approval
Khánh Hoà,V06.18.csv,province,Khánh Hòa,,,Bắc Trung Bộ và Duyên hải miền Trung,,,V06 raw CSV row order + metadata.txt; dated official geography reference still required,MEDIUM,needs_review,Candidate only; parent from current file order is not historical approval
Ninh Thu?n,V06.18.csv,province,Ninh Thuận,,,Bắc Trung Bộ và Duyên hải miền Trung,,,V06 raw CSV row order + metadata.txt; dated official geography reference still required,MEDIUM,needs_review,Candidate only; parent from current file order is not historical approval
Bình Thu?n,V06.18.csv,province,Bình Thuận,,,Bắc Trung Bộ và Duyên hải miền Trung,,,V06 raw CSV row order + metadata.txt; dated official geography reference still required,MEDIUM,needs_review,Candidate only; parent from current file order is not historical approval
Tây Nguyên,V06.18.csv,region,Tây Nguyên,,,Vi?t Nam,,,V06 raw CSV row order + metadata.txt; dated official geography reference still required,MEDIUM,needs_review,Candidate only; parent from current file order is not historical approval
Kon Tum,V06.18.csv,province,Kon Tum,,,Tây Nguyên,,,V06 raw CSV row order + metadata.txt; dated official geography reference still required,MEDIUM,needs_review,Candidate only; parent from current file order is not historical approval
Gia Lai,V06.18.csv,province,Gia Lai,,,Tây Nguyên,,,V06 raw CSV row order + metadata.txt; dated official geography reference still required,MEDIUM,needs_review,Candidate only; parent from current file order is not historical approval
Ð?k L?k,V06.18.csv,province,Đắk Lắk,,,Tây Nguyên,,,V06 raw CSV row order + metadata.txt; dated official geography reference still required,MEDIUM,needs_review,Candidate only; parent from current file order is not historical approval
Ð?k Nông,V06.18.csv,province,Đắk Nông,,,Tây Nguyên,,,V06 raw CSV row order + metadata.txt; dated official geography reference still required,MEDIUM,needs_review,Candidate only; parent from current file order is not historical approval
Lâm Ð?ng,V06.18.csv,province,Lâm Đồng,,,Tây Nguyên,,,V06 raw CSV row order + metadata.txt; dated official geography reference still required,MEDIUM,needs_review,Candidate only; parent from current file order is not historical approval
Ðông Nam B?,V06.18.csv,region,Đông Nam Bộ,,,Vi?t Nam,,,V06 raw CSV row order + metadata.txt; dated official geography reference still required,MEDIUM,needs_review,Candidate only; parent from current file order is not historical approval
Bình Phu?c,V06.18.csv,province,Bình Phước,,,Đông Nam Bộ,,,V06 raw CSV row order + metadata.txt; dated official geography reference still required,MEDIUM,needs_review,Candidate only; parent from current file order is not historical approval
Tây Ninh,V06.18.csv,province,Tây Ninh,,,Đông Nam Bộ,,,V06 raw CSV row order + metadata.txt; dated official geography reference still required,MEDIUM,needs_review,Candidate only; parent from current file order is not historical approval
Bình Duong,V06.18.csv,province,Bình Dương,,,Đông Nam Bộ,,,V06 raw CSV row order + metadata.txt; dated official geography reference still required,MEDIUM,needs_review,Candidate only; parent from current file order is not historical approval
Ð?ng Nai,V06.18.csv,province,Đồng Nai,,,Đông Nam Bộ,,,V06 raw CSV row order + metadata.txt; dated official geography reference still required,MEDIUM,needs_review,Candidate only; parent from current file order is not historical approval
Bà R?a - Vtng Tàu,V06.18.csv,province,Bà Rịa - Vũng Tàu,,,Đông Nam Bộ,,,V06 raw CSV row order + metadata.txt; dated official geography reference still required,LOW,needs_review,Candidate only; parent from current file order is not historical approval
TP.H? Chí Minh,V06.18.csv,province,Thành phố Hồ Chí Minh,,,Đông Nam Bộ,,,V06 raw CSV row order + metadata.txt; dated official geography reference still required,MEDIUM,needs_review,Candidate only; parent from current file order is not historical approval
Ð?ng b?ng sông C?u Long,V06.18.csv,region,Đồng bằng sông Cửu Long,,,Vi?t Nam,,,V06 raw CSV row order + metadata.txt; dated official geography reference still required,MEDIUM,needs_review,Candidate only; parent from current file order is not historical approval
Long An,V06.18.csv,province,Long An,,,Đồng bằng sông Cửu Long,,,V06 raw CSV row order + metadata.txt; dated official geography reference still required,MEDIUM,needs_review,Candidate only; parent from current file order is not historical approval
Ti?n Giang,V06.18.csv,province,Tiền Giang,,,Đồng bằng sông Cửu Long,,,V06 raw CSV row order + metadata.txt; dated official geography reference still required,MEDIUM,needs_review,Candidate only; parent from current file order is not historical approval
B?n Tre,V06.18.csv,province,Bến Tre,,,Đồng bằng sông Cửu Long,,,V06 raw CSV row order + metadata.txt; dated official geography reference still required,MEDIUM,needs_review,Candidate only; parent from current file order is not historical approval
Trà Vinh,V06.18.csv,province,Trà Vinh,,,Đồng bằng sông Cửu Long,,,V06 raw CSV row order + metadata.txt; dated official geography reference still required,MEDIUM,needs_review,Candidate only; parent from current file order is not historical approval
Vinh Long,V06.18.csv,province,Vĩnh Long,,,Đồng bằng sông Cửu Long,,,V06 raw CSV row order + metadata.txt; dated official geography reference still required,MEDIUM,needs_review,Candidate only; parent from current file order is not historical approval
Ð?ng Tháp,V06.18.csv,province,Đồng Tháp,,,Đồng bằng sông Cửu Long,,,V06 raw CSV row order + metadata.txt; dated official geography reference still required,MEDIUM,needs_review,Candidate only; parent from current file order is not historical approval
An Giang,V06.18.csv,province,An Giang,,,Đồng bằng sông Cửu Long,,,V06 raw CSV row order + metadata.txt; dated official geography reference still required,MEDIUM,needs_review,Candidate only; parent from current file order is not historical approval
Kiên Giang,V06.18.csv,province,Kiên Giang,,,Đồng bằng sông Cửu Long,,,V06 raw CSV row order + metadata.txt; dated official geography reference still required,MEDIUM,needs_review,Candidate only; parent from current file order is not historical approval
C?n Tho,V06.18.csv,province,Cần Thơ,,,Đồng bằng sông Cửu Long,,,V06 raw CSV row order + metadata.txt; dated official geography reference still required,MEDIUM,needs_review,Candidate only; parent from current file order is not historical approval
H?u Giang,V06.18.csv,province,Hậu Giang,,,Đồng bằng sông Cửu Long,,,V06 raw CSV row order + metadata.txt; dated official geography reference still required,MEDIUM,needs_review,Candidate only; parent from current file order is not historical approval
Sóc Trang,V06.18.csv,province,Sóc Trăng,,,Đồng bằng sông Cửu Long,,,V06 raw CSV row order + metadata.txt; dated official geography reference still required,MEDIUM,needs_review,Candidate only; parent from current file order is not historical approval
B?c Liêu,V06.18.csv,province,Bạc Liêu,,,Đồng bằng sông Cửu Long,,,V06 raw CSV row order + metadata.txt; dated official geography reference still required,MEDIUM,needs_review,Candidate only; parent from current file order is not historical approval
Cà Mau,V06.18.csv,province,Cà Mau,,,Đồng bằng sông Cửu Long,,,V06 raw CSV row order + metadata.txt; dated official geography reference still required,MEDIUM,needs_review,Candidate only; parent from current file order is not historical approval
C? NU?C,V06.19.csv,national,Việt Nam,704,UN_M49,,,,https://unstats.un.org/unsd/methodology/m49/,HIGH,verified_country_identity_only,Candidate only; parent from current file order is not historical approval
B?c Trung B? và Duyên h?i mi?n Trung,V06.19.csv,region,Bắc Trung Bộ và Duyên hải miền Trung,,,Vi?t Nam,,,V06 raw CSV row order + metadata.txt; dated official geography reference still required,MEDIUM,needs_review,Candidate only; parent from current file order is not historical approval
Ngh? An,V06.19.csv,province,Nghệ An,,,Bắc Trung Bộ và Duyên hải miền Trung,,,V06 raw CSV row order + metadata.txt; dated official geography reference still required,MEDIUM,needs_review,Candidate only; parent from current file order is not historical approval
Hà Tinh,V06.19.csv,province,Hà Tĩnh,,,Bắc Trung Bộ và Duyên hải miền Trung,,,V06 raw CSV row order + metadata.txt; dated official geography reference still required,MEDIUM,needs_review,Candidate only; parent from current file order is not historical approval
Qu?ng Bình,V06.19.csv,province,Quảng Bình,,,Bắc Trung Bộ và Duyên hải miền Trung,,,V06 raw CSV row order + metadata.txt; dated official geography reference still required,MEDIUM,needs_review,Candidate only; parent from current file order is not historical approval
Qu?ng Tr?,V06.19.csv,province,Quảng Trị,,,Bắc Trung Bộ và Duyên hải miền Trung,,,V06 raw CSV row order + metadata.txt; dated official geography reference still required,MEDIUM,needs_review,Candidate only; parent from current file order is not historical approval
Th?a Thiên Hu?,V06.19.csv,province,Thừa Thiên Huế,,,Bắc Trung Bộ và Duyên hải miền Trung,,,V06 raw CSV row order + metadata.txt; dated official geography reference still required,MEDIUM,needs_review,Candidate only; parent from current file order is not historical approval
Ðà N?ng,V06.19.csv,province,Đà Nẵng,,,Bắc Trung Bộ và Duyên hải miền Trung,,,V06 raw CSV row order + metadata.txt; dated official geography reference still required,MEDIUM,needs_review,Candidate only; parent from current file order is not historical approval
Qu?ng Nam,V06.19.csv,province,Quảng Nam,,,Bắc Trung Bộ và Duyên hải miền Trung,,,V06 raw CSV row order + metadata.txt; dated official geography reference still required,MEDIUM,needs_review,Candidate only; parent from current file order is not historical approval
Qu?ng Ngãi,V06.19.csv,province,Quảng Ngãi,,,Bắc Trung Bộ và Duyên hải miền Trung,,,V06 raw CSV row order + metadata.txt; dated official geography reference still required,MEDIUM,needs_review,Candidate only; parent from current file order is not historical approval
Bình Ð?nh,V06.19.csv,province,Bình Định,,,Bắc Trung Bộ và Duyên hải miền Trung,,,V06 raw CSV row order + metadata.txt; dated official geography reference still required,MEDIUM,needs_review,Candidate only; parent from current file order is not historical approval
Phú Yên,V06.19.csv,province,Phú Yên,,,Bắc Trung Bộ và Duyên hải miền Trung,,,V06 raw CSV row order + metadata.txt; dated official geography reference still required,MEDIUM,needs_review,Candidate only; parent from current file order is not historical approval
Khánh Hoà,V06.19.csv,province,Khánh Hòa,,,Bắc Trung Bộ và Duyên hải miền Trung,,,V06 raw CSV row order + metadata.txt; dated official geography reference still required,MEDIUM,needs_review,Candidate only; parent from current file order is not historical approval
Ninh Thu?n,V06.19.csv,province,Ninh Thuận,,,Bắc Trung Bộ và Duyên hải miền Trung,,,V06 raw CSV row order + metadata.txt; dated official geography reference still required,MEDIUM,needs_review,Candidate only; parent from current file order is not historical approval
Bình Thu?n,V06.19.csv,province,Bình Thuận,,,Bắc Trung Bộ và Duyên hải miền Trung,,,V06 raw CSV row order + metadata.txt; dated official geography reference still required,MEDIUM,needs_review,Candidate only; parent from current file order is not historical approval
Tây Nguyên,V06.19.csv,region,Tây Nguyên,,,Vi?t Nam,,,V06 raw CSV row order + metadata.txt; dated official geography reference still required,MEDIUM,needs_review,Candidate only; parent from current file order is not historical approval
Lâm Ð?ng,V06.19.csv,province,Lâm Đồng,,,Tây Nguyên,,,V06 raw CSV row order + metadata.txt; dated official geography reference still required,MEDIUM,needs_review,Candidate only; parent from current file order is not historical approval
Ðông Nam B?,V06.19.csv,region,Đông Nam Bộ,,,Vi?t Nam,,,V06 raw CSV row order + metadata.txt; dated official geography reference still required,MEDIUM,needs_review,Candidate only; parent from current file order is not historical approval
Tây Ninh,V06.19.csv,province,Tây Ninh,,,Đông Nam Bộ,,,V06 raw CSV row order + metadata.txt; dated official geography reference still required,MEDIUM,needs_review,Candidate only; parent from current file order is not historical approval
Bình Duong,V06.19.csv,province,Bình Dương,,,Đông Nam Bộ,,,V06 raw CSV row order + metadata.txt; dated official geography reference still required,MEDIUM,needs_review,Candidate only; parent from current file order is not historical approval
Ð?ng Nai,V06.19.csv,province,Đồng Nai,,,Đông Nam Bộ,,,V06 raw CSV row order + metadata.txt; dated official geography reference still required,MEDIUM,needs_review,Candidate only; parent from current file order is not historical approval
Bà R?a - Vtng Tàu,V06.19.csv,province,Bà Rịa - Vũng Tàu,,,Đông Nam Bộ,,,V06 raw CSV row order + metadata.txt; dated official geography reference still required,LOW,needs_review,Candidate only; parent from current file order is not historical approval
TP.H? Chí Minh,V06.19.csv,province,Thành phố Hồ Chí Minh,,,Đông Nam Bộ,,,V06 raw CSV row order + metadata.txt; dated official geography reference still required,MEDIUM,needs_review,Candidate only; parent from current file order is not historical approval
Ð?ng b?ng sông C?u Long,V06.19.csv,region,Đồng bằng sông Cửu Long,,,Vi?t Nam,,,V06 raw CSV row order + metadata.txt; dated official geography reference still required,MEDIUM,needs_review,Candidate only; parent from current file order is not historical approval
Long An,V06.19.csv,province,Long An,,,Đồng bằng sông Cửu Long,,,V06 raw CSV row order + metadata.txt; dated official geography reference still required,MEDIUM,needs_review,Candidate only; parent from current file order is not historical approval
Ti?n Giang,V06.19.csv,province,Tiền Giang,,,Đồng bằng sông Cửu Long,,,V06 raw CSV row order + metadata.txt; dated official geography reference still required,MEDIUM,needs_review,Candidate only; parent from current file order is not historical approval
B?n Tre,V06.19.csv,province,Bến Tre,,,Đồng bằng sông Cửu Long,,,V06 raw CSV row order + metadata.txt; dated official geography reference still required,MEDIUM,needs_review,Candidate only; parent from current file order is not historical approval
Trà Vinh,V06.19.csv,province,Trà Vinh,,,Đồng bằng sông Cửu Long,,,V06 raw CSV row order + metadata.txt; dated official geography reference still required,MEDIUM,needs_review,Candidate only; parent from current file order is not historical approval
Vinh Long,V06.19.csv,province,Vĩnh Long,,,Đồng bằng sông Cửu Long,,,V06 raw CSV row order + metadata.txt; dated official geography reference still required,MEDIUM,needs_review,Candidate only; parent from current file order is not historical approval
Ð?ng Tháp,V06.19.csv,province,Đồng Tháp,,,Đồng bằng sông Cửu Long,,,V06 raw CSV row order + metadata.txt; dated official geography reference still required,MEDIUM,needs_review,Candidate only; parent from current file order is not historical approval
An Giang,V06.19.csv,province,An Giang,,,Đồng bằng sông Cửu Long,,,V06 raw CSV row order + metadata.txt; dated official geography reference still required,MEDIUM,needs_review,Candidate only; parent from current file order is not historical approval
Kiên Giang,V06.19.csv,province,Kiên Giang,,,Đồng bằng sông Cửu Long,,,V06 raw CSV row order + metadata.txt; dated official geography reference still required,MEDIUM,needs_review,Candidate only; parent from current file order is not historical approval
C?n Tho,V06.19.csv,province,Cần Thơ,,,Đồng bằng sông Cửu Long,,,V06 raw CSV row order + metadata.txt; dated official geography reference still required,MEDIUM,needs_review,Candidate only; parent from current file order is not historical approval
H?u Giang,V06.19.csv,province,Hậu Giang,,,Đồng bằng sông Cửu Long,,,V06 raw CSV row order + metadata.txt; dated official geography reference still required,MEDIUM,needs_review,Candidate only; parent from current file order is not historical approval
Sóc Trang,V06.19.csv,province,Sóc Trăng,,,Đồng bằng sông Cửu Long,,,V06 raw CSV row order + metadata.txt; dated official geography reference still required,MEDIUM,needs_review,Candidate only; parent from current file order is not historical approval
B?c Liêu,V06.19.csv,province,Bạc Liêu,,,Đồng bằng sông Cửu Long,,,V06 raw CSV row order + metadata.txt; dated official geography reference still required,MEDIUM,needs_review,Candidate only; parent from current file order is not historical approval
Cà Mau,V06.19.csv,province,Cà Mau,,,Đồng bằng sông Cửu Long,,,V06 raw CSV row order + metadata.txt; dated official geography reference still required,MEDIUM,needs_review,Candidate only; parent from current file order is not historical approval
C? NU?C,V06.20.csv,national,Việt Nam,704,UN_M49,,,,https://unstats.un.org/unsd/methodology/m49/,HIGH,verified_country_identity_only,Candidate only; parent from current file order is not historical approval
B?c Trung B? và Duyên h?i mi?n Trung,V06.20.csv,region,Bắc Trung Bộ và Duyên hải miền Trung,,,Vi?t Nam,,,V06 raw CSV row order + metadata.txt; dated official geography reference still required,MEDIUM,needs_review,Candidate only; parent from current file order is not historical approval
Ngh? An,V06.20.csv,province,Nghệ An,,,Bắc Trung Bộ và Duyên hải miền Trung,,,V06 raw CSV row order + metadata.txt; dated official geography reference still required,MEDIUM,needs_review,Candidate only; parent from current file order is not historical approval
Hà Tinh,V06.20.csv,province,Hà Tĩnh,,,Bắc Trung Bộ và Duyên hải miền Trung,,,V06 raw CSV row order + metadata.txt; dated official geography reference still required,MEDIUM,needs_review,Candidate only; parent from current file order is not historical approval
Qu?ng Bình,V06.20.csv,province,Quảng Bình,,,Bắc Trung Bộ và Duyên hải miền Trung,,,V06 raw CSV row order + metadata.txt; dated official geography reference still required,MEDIUM,needs_review,Candidate only; parent from current file order is not historical approval
Qu?ng Tr?,V06.20.csv,province,Quảng Trị,,,Bắc Trung Bộ và Duyên hải miền Trung,,,V06 raw CSV row order + metadata.txt; dated official geography reference still required,MEDIUM,needs_review,Candidate only; parent from current file order is not historical approval
Th?a Thiên Hu?,V06.20.csv,province,Thừa Thiên Huế,,,Bắc Trung Bộ và Duyên hải miền Trung,,,V06 raw CSV row order + metadata.txt; dated official geography reference still required,MEDIUM,needs_review,Candidate only; parent from current file order is not historical approval
Ðà N?ng,V06.20.csv,province,Đà Nẵng,,,Bắc Trung Bộ và Duyên hải miền Trung,,,V06 raw CSV row order + metadata.txt; dated official geography reference still required,MEDIUM,needs_review,Candidate only; parent from current file order is not historical approval
Qu?ng Nam,V06.20.csv,province,Quảng Nam,,,Bắc Trung Bộ và Duyên hải miền Trung,,,V06 raw CSV row order + metadata.txt; dated official geography reference still required,MEDIUM,needs_review,Candidate only; parent from current file order is not historical approval
Qu?ng Ngãi,V06.20.csv,province,Quảng Ngãi,,,Bắc Trung Bộ và Duyên hải miền Trung,,,V06 raw CSV row order + metadata.txt; dated official geography reference still required,MEDIUM,needs_review,Candidate only; parent from current file order is not historical approval
Bình Ð?nh,V06.20.csv,province,Bình Định,,,Bắc Trung Bộ và Duyên hải miền Trung,,,V06 raw CSV row order + metadata.txt; dated official geography reference still required,MEDIUM,needs_review,Candidate only; parent from current file order is not historical approval
Phú Yên,V06.20.csv,province,Phú Yên,,,Bắc Trung Bộ và Duyên hải miền Trung,,,V06 raw CSV row order + metadata.txt; dated official geography reference still required,MEDIUM,needs_review,Candidate only; parent from current file order is not historical approval
Khánh Hoà,V06.20.csv,province,Khánh Hòa,,,Bắc Trung Bộ và Duyên hải miền Trung,,,V06 raw CSV row order + metadata.txt; dated official geography reference still required,MEDIUM,needs_review,Candidate only; parent from current file order is not historical approval
Ninh Thu?n,V06.20.csv,province,Ninh Thuận,,,Bắc Trung Bộ và Duyên hải miền Trung,,,V06 raw CSV row order + metadata.txt; dated official geography reference still required,MEDIUM,needs_review,Candidate only; parent from current file order is not historical approval
Bình Thu?n,V06.20.csv,province,Bình Thuận,,,Bắc Trung Bộ và Duyên hải miền Trung,,,V06 raw CSV row order + metadata.txt; dated official geography reference still required,MEDIUM,needs_review,Candidate only; parent from current file order is not historical approval
Tây Nguyên,V06.20.csv,region,Tây Nguyên,,,Vi?t Nam,,,V06 raw CSV row order + metadata.txt; dated official geography reference still required,MEDIUM,needs_review,Candidate only; parent from current file order is not historical approval
Lâm Ð?ng,V06.20.csv,province,Lâm Đồng,,,Tây Nguyên,,,V06 raw CSV row order + metadata.txt; dated official geography reference still required,MEDIUM,needs_review,Candidate only; parent from current file order is not historical approval
Ðông Nam B?,V06.20.csv,region,Đông Nam Bộ,,,Vi?t Nam,,,V06 raw CSV row order + metadata.txt; dated official geography reference still required,MEDIUM,needs_review,Candidate only; parent from current file order is not historical approval
Tây Ninh,V06.20.csv,province,Tây Ninh,,,Đông Nam Bộ,,,V06 raw CSV row order + metadata.txt; dated official geography reference still required,MEDIUM,needs_review,Candidate only; parent from current file order is not historical approval
Bình Duong,V06.20.csv,province,Bình Dương,,,Đông Nam Bộ,,,V06 raw CSV row order + metadata.txt; dated official geography reference still required,MEDIUM,needs_review,Candidate only; parent from current file order is not historical approval
Ð?ng Nai,V06.20.csv,province,Đồng Nai,,,Đông Nam Bộ,,,V06 raw CSV row order + metadata.txt; dated official geography reference still required,MEDIUM,needs_review,Candidate only; parent from current file order is not historical approval
Bà R?a - Vtng Tàu,V06.20.csv,province,Bà Rịa - Vũng Tàu,,,Đông Nam Bộ,,,V06 raw CSV row order + metadata.txt; dated official geography reference still required,LOW,needs_review,Candidate only; parent from current file order is not historical approval
TP.H? Chí Minh,V06.20.csv,province,Thành phố Hồ Chí Minh,,,Đông Nam Bộ,,,V06 raw CSV row order + metadata.txt; dated official geography reference still required,MEDIUM,needs_review,Candidate only; parent from current file order is not historical approval
Ð?ng b?ng sông C?u Long,V06.20.csv,region,Đồng bằng sông Cửu Long,,,Vi?t Nam,,,V06 raw CSV row order + metadata.txt; dated official geography reference still required,MEDIUM,needs_review,Candidate only; parent from current file order is not historical approval
Long An,V06.20.csv,province,Long An,,,Đồng bằng sông Cửu Long,,,V06 raw CSV row order + metadata.txt; dated official geography reference still required,MEDIUM,needs_review,Candidate only; parent from current file order is not historical approval
Ti?n Giang,V06.20.csv,province,Tiền Giang,,,Đồng bằng sông Cửu Long,,,V06 raw CSV row order + metadata.txt; dated official geography reference still required,MEDIUM,needs_review,Candidate only; parent from current file order is not historical approval
B?n Tre,V06.20.csv,province,Bến Tre,,,Đồng bằng sông Cửu Long,,,V06 raw CSV row order + metadata.txt; dated official geography reference still required,MEDIUM,needs_review,Candidate only; parent from current file order is not historical approval
Trà Vinh,V06.20.csv,province,Trà Vinh,,,Đồng bằng sông Cửu Long,,,V06 raw CSV row order + metadata.txt; dated official geography reference still required,MEDIUM,needs_review,Candidate only; parent from current file order is not historical approval
Vinh Long,V06.20.csv,province,Vĩnh Long,,,Đồng bằng sông Cửu Long,,,V06 raw CSV row order + metadata.txt; dated official geography reference still required,MEDIUM,needs_review,Candidate only; parent from current file order is not historical approval
Ð?ng Tháp,V06.20.csv,province,Đồng Tháp,,,Đồng bằng sông Cửu Long,,,V06 raw CSV row order + metadata.txt; dated official geography reference still required,MEDIUM,needs_review,Candidate only; parent from current file order is not historical approval
An Giang,V06.20.csv,province,An Giang,,,Đồng bằng sông Cửu Long,,,V06 raw CSV row order + metadata.txt; dated official geography reference still required,MEDIUM,needs_review,Candidate only; parent from current file order is not historical approval
Kiên Giang,V06.20.csv,province,Kiên Giang,,,Đồng bằng sông Cửu Long,,,V06 raw CSV row order + metadata.txt; dated official geography reference still required,MEDIUM,needs_review,Candidate only; parent from current file order is not historical approval
C?n Tho,V06.20.csv,province,Cần Thơ,,,Đồng bằng sông Cửu Long,,,V06 raw CSV row order + metadata.txt; dated official geography reference still required,MEDIUM,needs_review,Candidate only; parent from current file order is not historical approval
H?u Giang,V06.20.csv,province,Hậu Giang,,,Đồng bằng sông Cửu Long,,,V06 raw CSV row order + metadata.txt; dated official geography reference still required,MEDIUM,needs_review,Candidate only; parent from current file order is not historical approval
Sóc Trang,V06.20.csv,province,Sóc Trăng,,,Đồng bằng sông Cửu Long,,,V06 raw CSV row order + metadata.txt; dated official geography reference still required,MEDIUM,needs_review,Candidate only; parent from current file order is not historical approval
B?c Liêu,V06.20.csv,province,Bạc Liêu,,,Đồng bằng sông Cửu Long,,,V06 raw CSV row order + metadata.txt; dated official geography reference still required,MEDIUM,needs_review,Candidate only; parent from current file order is not historical approval
Cà Mau,V06.20.csv,province,Cà Mau,,,Đồng bằng sông Cửu Long,,,V06 raw CSV row order + metadata.txt; dated official geography reference still required,MEDIUM,needs_review,Candidate only; parent from current file order is not historical approval
C? NU?C,V06.21.csv,national,Việt Nam,704,UN_M49,,,,https://unstats.un.org/unsd/methodology/m49/,HIGH,verified_country_identity_only,Candidate only; parent from current file order is not historical approval
B?c Trung B? và Duyên h?i mi?n Trung,V06.21.csv,region,Bắc Trung Bộ và Duyên hải miền Trung,,,Vi?t Nam,,,V06 raw CSV row order + metadata.txt; dated official geography reference still required,MEDIUM,needs_review,Candidate only; parent from current file order is not historical approval
Ngh? An,V06.21.csv,province,Nghệ An,,,Bắc Trung Bộ và Duyên hải miền Trung,,,V06 raw CSV row order + metadata.txt; dated official geography reference still required,MEDIUM,needs_review,Candidate only; parent from current file order is not historical approval
Hà Tinh,V06.21.csv,province,Hà Tĩnh,,,Bắc Trung Bộ và Duyên hải miền Trung,,,V06 raw CSV row order + metadata.txt; dated official geography reference still required,MEDIUM,needs_review,Candidate only; parent from current file order is not historical approval
Qu?ng Bình,V06.21.csv,province,Quảng Bình,,,Bắc Trung Bộ và Duyên hải miền Trung,,,V06 raw CSV row order + metadata.txt; dated official geography reference still required,MEDIUM,needs_review,Candidate only; parent from current file order is not historical approval
Qu?ng Tr?,V06.21.csv,province,Quảng Trị,,,Bắc Trung Bộ và Duyên hải miền Trung,,,V06 raw CSV row order + metadata.txt; dated official geography reference still required,MEDIUM,needs_review,Candidate only; parent from current file order is not historical approval
Th?a Thiên Hu?,V06.21.csv,province,Thừa Thiên Huế,,,Bắc Trung Bộ và Duyên hải miền Trung,,,V06 raw CSV row order + metadata.txt; dated official geography reference still required,MEDIUM,needs_review,Candidate only; parent from current file order is not historical approval
Ðà N?ng,V06.21.csv,province,Đà Nẵng,,,Bắc Trung Bộ và Duyên hải miền Trung,,,V06 raw CSV row order + metadata.txt; dated official geography reference still required,MEDIUM,needs_review,Candidate only; parent from current file order is not historical approval
Qu?ng Nam,V06.21.csv,province,Quảng Nam,,,Bắc Trung Bộ và Duyên hải miền Trung,,,V06 raw CSV row order + metadata.txt; dated official geography reference still required,MEDIUM,needs_review,Candidate only; parent from current file order is not historical approval
Qu?ng Ngãi,V06.21.csv,province,Quảng Ngãi,,,Bắc Trung Bộ và Duyên hải miền Trung,,,V06 raw CSV row order + metadata.txt; dated official geography reference still required,MEDIUM,needs_review,Candidate only; parent from current file order is not historical approval
Bình Ð?nh,V06.21.csv,province,Bình Định,,,Bắc Trung Bộ và Duyên hải miền Trung,,,V06 raw CSV row order + metadata.txt; dated official geography reference still required,MEDIUM,needs_review,Candidate only; parent from current file order is not historical approval
Phú Yên,V06.21.csv,province,Phú Yên,,,Bắc Trung Bộ và Duyên hải miền Trung,,,V06 raw CSV row order + metadata.txt; dated official geography reference still required,MEDIUM,needs_review,Candidate only; parent from current file order is not historical approval
Khánh Hoà,V06.21.csv,province,Khánh Hòa,,,Bắc Trung Bộ và Duyên hải miền Trung,,,V06 raw CSV row order + metadata.txt; dated official geography reference still required,MEDIUM,needs_review,Candidate only; parent from current file order is not historical approval
Ninh Thu?n,V06.21.csv,province,Ninh Thuận,,,Bắc Trung Bộ và Duyên hải miền Trung,,,V06 raw CSV row order + metadata.txt; dated official geography reference still required,MEDIUM,needs_review,Candidate only; parent from current file order is not historical approval
Bình Thu?n,V06.21.csv,province,Bình Thuận,,,Bắc Trung Bộ và Duyên hải miền Trung,,,V06 raw CSV row order + metadata.txt; dated official geography reference still required,MEDIUM,needs_review,Candidate only; parent from current file order is not historical approval
Tây Nguyên,V06.21.csv,region,Tây Nguyên,,,Vi?t Nam,,,V06 raw CSV row order + metadata.txt; dated official geography reference still required,MEDIUM,needs_review,Candidate only; parent from current file order is not historical approval
Lâm Ð?ng,V06.21.csv,province,Lâm Đồng,,,Tây Nguyên,,,V06 raw CSV row order + metadata.txt; dated official geography reference still required,MEDIUM,needs_review,Candidate only; parent from current file order is not historical approval
Ðông Nam B?,V06.21.csv,region,Đông Nam Bộ,,,Vi?t Nam,,,V06 raw CSV row order + metadata.txt; dated official geography reference still required,MEDIUM,needs_review,Candidate only; parent from current file order is not historical approval
Tây Ninh,V06.21.csv,province,Tây Ninh,,,Đông Nam Bộ,,,V06 raw CSV row order + metadata.txt; dated official geography reference still required,MEDIUM,needs_review,Candidate only; parent from current file order is not historical approval
Bình Duong,V06.21.csv,province,Bình Dương,,,Đông Nam Bộ,,,V06 raw CSV row order + metadata.txt; dated official geography reference still required,MEDIUM,needs_review,Candidate only; parent from current file order is not historical approval
Ð?ng Nai,V06.21.csv,province,Đồng Nai,,,Đông Nam Bộ,,,V06 raw CSV row order + metadata.txt; dated official geography reference still required,MEDIUM,needs_review,Candidate only; parent from current file order is not historical approval
Bà R?a - Vtng Tàu,V06.21.csv,province,Bà Rịa - Vũng Tàu,,,Đông Nam Bộ,,,V06 raw CSV row order + metadata.txt; dated official geography reference still required,LOW,needs_review,Candidate only; parent from current file order is not historical approval
TP.H? Chí Minh,V06.21.csv,province,Thành phố Hồ Chí Minh,,,Đông Nam Bộ,,,V06 raw CSV row order + metadata.txt; dated official geography reference still required,MEDIUM,needs_review,Candidate only; parent from current file order is not historical approval
Ð?ng b?ng sông C?u Long,V06.21.csv,region,Đồng bằng sông Cửu Long,,,Vi?t Nam,,,V06 raw CSV row order + metadata.txt; dated official geography reference still required,MEDIUM,needs_review,Candidate only; parent from current file order is not historical approval
Long An,V06.21.csv,province,Long An,,,Đồng bằng sông Cửu Long,,,V06 raw CSV row order + metadata.txt; dated official geography reference still required,MEDIUM,needs_review,Candidate only; parent from current file order is not historical approval
Ti?n Giang,V06.21.csv,province,Tiền Giang,,,Đồng bằng sông Cửu Long,,,V06 raw CSV row order + metadata.txt; dated official geography reference still required,MEDIUM,needs_review,Candidate only; parent from current file order is not historical approval
B?n Tre,V06.21.csv,province,Bến Tre,,,Đồng bằng sông Cửu Long,,,V06 raw CSV row order + metadata.txt; dated official geography reference still required,MEDIUM,needs_review,Candidate only; parent from current file order is not historical approval
Trà Vinh,V06.21.csv,province,Trà Vinh,,,Đồng bằng sông Cửu Long,,,V06 raw CSV row order + metadata.txt; dated official geography reference still required,MEDIUM,needs_review,Candidate only; parent from current file order is not historical approval
Vinh Long,V06.21.csv,province,Vĩnh Long,,,Đồng bằng sông Cửu Long,,,V06 raw CSV row order + metadata.txt; dated official geography reference still required,MEDIUM,needs_review,Candidate only; parent from current file order is not historical approval
Ð?ng Tháp,V06.21.csv,province,Đồng Tháp,,,Đồng bằng sông Cửu Long,,,V06 raw CSV row order + metadata.txt; dated official geography reference still required,MEDIUM,needs_review,Candidate only; parent from current file order is not historical approval
An Giang,V06.21.csv,province,An Giang,,,Đồng bằng sông Cửu Long,,,V06 raw CSV row order + metadata.txt; dated official geography reference still required,MEDIUM,needs_review,Candidate only; parent from current file order is not historical approval
Kiên Giang,V06.21.csv,province,Kiên Giang,,,Đồng bằng sông Cửu Long,,,V06 raw CSV row order + metadata.txt; dated official geography reference still required,MEDIUM,needs_review,Candidate only; parent from current file order is not historical approval
C?n Tho,V06.21.csv,province,Cần Thơ,,,Đồng bằng sông Cửu Long,,,V06 raw CSV row order + metadata.txt; dated official geography reference still required,MEDIUM,needs_review,Candidate only; parent from current file order is not historical approval
H?u Giang,V06.21.csv,province,Hậu Giang,,,Đồng bằng sông Cửu Long,,,V06 raw CSV row order + metadata.txt; dated official geography reference still required,MEDIUM,needs_review,Candidate only; parent from current file order is not historical approval
Sóc Trang,V06.21.csv,province,Sóc Trăng,,,Đồng bằng sông Cửu Long,,,V06 raw CSV row order + metadata.txt; dated official geography reference still required,MEDIUM,needs_review,Candidate only; parent from current file order is not historical approval
B?c Liêu,V06.21.csv,province,Bạc Liêu,,,Đồng bằng sông Cửu Long,,,V06 raw CSV row order + metadata.txt; dated official geography reference still required,MEDIUM,needs_review,Candidate only; parent from current file order is not historical approval
Cà Mau,V06.21.csv,province,Cà Mau,,,Đồng bằng sông Cửu Long,,,V06 raw CSV row order + metadata.txt; dated official geography reference still required,MEDIUM,needs_review,Candidate only; parent from current file order is not historical approval
C? NU?C,V06.22.csv,national,Việt Nam,704,UN_M49,,,,https://unstats.un.org/unsd/methodology/m49/,HIGH,verified_country_identity_only,Candidate only; parent from current file order is not historical approval
Ð?ng b?ng sông H?ng,V06.22.csv,region,Đồng bằng sông Hồng,,,Vi?t Nam,,,V06 raw CSV row order + metadata.txt; dated official geography reference still required,MEDIUM,needs_review,Candidate only; parent from current file order is not historical approval
Hà N?i,V06.22.csv,province,Hà Nội,,,Đồng bằng sông Hồng,,,V06 raw CSV row order + metadata.txt; dated official geography reference still required,MEDIUM,needs_review,Candidate only; parent from current file order is not historical approval
Hà Tây,V06.22.csv,province,Hà Tây,,,Đồng bằng sông Hồng,,,V06 raw CSV row order + metadata.txt; dated official geography reference still required,MEDIUM,needs_review,Candidate only; parent from current file order is not historical approval
Vinh Phúc,V06.22.csv,province,Vĩnh Phúc,,,Đồng bằng sông Hồng,,,V06 raw CSV row order + metadata.txt; dated official geography reference still required,MEDIUM,needs_review,Candidate only; parent from current file order is not historical approval
B?c Ninh,V06.22.csv,province,Bắc Ninh,,,Đồng bằng sông Hồng,,,V06 raw CSV row order + metadata.txt; dated official geography reference still required,MEDIUM,needs_review,Candidate only; parent from current file order is not historical approval
Qu?ng Ninh,V06.22.csv,province,Quảng Ninh,,,Đồng bằng sông Hồng,,,V06 raw CSV row order + metadata.txt; dated official geography reference still required,MEDIUM,needs_review,Candidate only; parent from current file order is not historical approval
H?i Duong,V06.22.csv,province,Hải Dương,,,Đồng bằng sông Hồng,,,V06 raw CSV row order + metadata.txt; dated official geography reference still required,MEDIUM,needs_review,Candidate only; parent from current file order is not historical approval
H?i Phòng,V06.22.csv,province,Hải Phòng,,,Đồng bằng sông Hồng,,,V06 raw CSV row order + metadata.txt; dated official geography reference still required,MEDIUM,needs_review,Candidate only; parent from current file order is not historical approval
Hung Yên,V06.22.csv,province,Hưng Yên,,,Đồng bằng sông Hồng,,,V06 raw CSV row order + metadata.txt; dated official geography reference still required,MEDIUM,needs_review,Candidate only; parent from current file order is not historical approval
Thái Bình,V06.22.csv,province,Thái Bình,,,Đồng bằng sông Hồng,,,V06 raw CSV row order + metadata.txt; dated official geography reference still required,MEDIUM,needs_review,Candidate only; parent from current file order is not historical approval
Hà Nam,V06.22.csv,province,Hà Nam,,,Đồng bằng sông Hồng,,,V06 raw CSV row order + metadata.txt; dated official geography reference still required,MEDIUM,needs_review,Candidate only; parent from current file order is not historical approval
Nam Ð?nh,V06.22.csv,province,Nam Định,,,Đồng bằng sông Hồng,,,V06 raw CSV row order + metadata.txt; dated official geography reference still required,MEDIUM,needs_review,Candidate only; parent from current file order is not historical approval
Ninh Bình,V06.22.csv,province,Ninh Bình,,,Đồng bằng sông Hồng,,,V06 raw CSV row order + metadata.txt; dated official geography reference still required,MEDIUM,needs_review,Candidate only; parent from current file order is not historical approval
Trung du và mi?n núi phía B?c,V06.22.csv,region,Trung du và miền núi phía Bắc,,,Vi?t Nam,,,V06 raw CSV row order + metadata.txt; dated official geography reference still required,MEDIUM,needs_review,Candidate only; parent from current file order is not historical approval
Hà Giang,V06.22.csv,province,Hà Giang,,,Trung du và miền núi phía Bắc,,,V06 raw CSV row order + metadata.txt; dated official geography reference still required,MEDIUM,needs_review,Candidate only; parent from current file order is not historical approval
Cao B?ng,V06.22.csv,province,Cao Bằng,,,Trung du và miền núi phía Bắc,,,V06 raw CSV row order + metadata.txt; dated official geography reference still required,MEDIUM,needs_review,Candidate only; parent from current file order is not historical approval
B?c K?n,V06.22.csv,province,Bắc Kạn,,,Trung du và miền núi phía Bắc,,,V06 raw CSV row order + metadata.txt; dated official geography reference still required,MEDIUM,needs_review,Candidate only; parent from current file order is not historical approval
Tuyên Quang,V06.22.csv,province,Tuyên Quang,,,Trung du và miền núi phía Bắc,,,V06 raw CSV row order + metadata.txt; dated official geography reference still required,MEDIUM,needs_review,Candidate only; parent from current file order is not historical approval
Lào Cai,V06.22.csv,province,Lào Cai,,,Trung du và miền núi phía Bắc,,,V06 raw CSV row order + metadata.txt; dated official geography reference still required,MEDIUM,needs_review,Candidate only; parent from current file order is not historical approval
Yên Bái,V06.22.csv,province,Yên Bái,,,Trung du và miền núi phía Bắc,,,V06 raw CSV row order + metadata.txt; dated official geography reference still required,MEDIUM,needs_review,Candidate only; parent from current file order is not historical approval
Thái Nguyên,V06.22.csv,province,Thái Nguyên,,,Trung du và miền núi phía Bắc,,,V06 raw CSV row order + metadata.txt; dated official geography reference still required,MEDIUM,needs_review,Candidate only; parent from current file order is not historical approval
L?ng Son,V06.22.csv,province,Lạng Sơn,,,Trung du và miền núi phía Bắc,,,V06 raw CSV row order + metadata.txt; dated official geography reference still required,MEDIUM,needs_review,Candidate only; parent from current file order is not historical approval
B?c Giang,V06.22.csv,province,Bắc Giang,,,Trung du và miền núi phía Bắc,,,V06 raw CSV row order + metadata.txt; dated official geography reference still required,MEDIUM,needs_review,Candidate only; parent from current file order is not historical approval
Phú Th?,V06.22.csv,province,Phú Thọ,,,Trung du và miền núi phía Bắc,,,V06 raw CSV row order + metadata.txt; dated official geography reference still required,MEDIUM,needs_review,Candidate only; parent from current file order is not historical approval
Ði?n Biên,V06.22.csv,province,Điện Biên,,,Trung du và miền núi phía Bắc,,,V06 raw CSV row order + metadata.txt; dated official geography reference still required,MEDIUM,needs_review,Candidate only; parent from current file order is not historical approval
Lai Châu,V06.22.csv,province,Lai Châu,,,Trung du và miền núi phía Bắc,,,V06 raw CSV row order + metadata.txt; dated official geography reference still required,MEDIUM,needs_review,Candidate only; parent from current file order is not historical approval
Son La,V06.22.csv,province,Sơn La,,,Trung du và miền núi phía Bắc,,,V06 raw CSV row order + metadata.txt; dated official geography reference still required,MEDIUM,needs_review,Candidate only; parent from current file order is not historical approval
Hoà Bình,V06.22.csv,province,Hòa Bình,,,Trung du và miền núi phía Bắc,,,V06 raw CSV row order + metadata.txt; dated official geography reference still required,MEDIUM,needs_review,Candidate only; parent from current file order is not historical approval
B?c Trung B? và Duyên h?i mi?n Trung,V06.22.csv,region,Bắc Trung Bộ và Duyên hải miền Trung,,,Vi?t Nam,,,V06 raw CSV row order + metadata.txt; dated official geography reference still required,MEDIUM,needs_review,Candidate only; parent from current file order is not historical approval
Thanh Hoá,V06.22.csv,province,Thanh Hóa,,,Bắc Trung Bộ và Duyên hải miền Trung,,,V06 raw CSV row order + metadata.txt; dated official geography reference still required,MEDIUM,needs_review,Candidate only; parent from current file order is not historical approval
Ngh? An,V06.22.csv,province,Nghệ An,,,Bắc Trung Bộ và Duyên hải miền Trung,,,V06 raw CSV row order + metadata.txt; dated official geography reference still required,MEDIUM,needs_review,Candidate only; parent from current file order is not historical approval
Hà Tinh,V06.22.csv,province,Hà Tĩnh,,,Bắc Trung Bộ và Duyên hải miền Trung,,,V06 raw CSV row order + metadata.txt; dated official geography reference still required,MEDIUM,needs_review,Candidate only; parent from current file order is not historical approval
Qu?ng Bình,V06.22.csv,province,Quảng Bình,,,Bắc Trung Bộ và Duyên hải miền Trung,,,V06 raw CSV row order + metadata.txt; dated official geography reference still required,MEDIUM,needs_review,Candidate only; parent from current file order is not historical approval
Qu?ng Tr?,V06.22.csv,province,Quảng Trị,,,Bắc Trung Bộ và Duyên hải miền Trung,,,V06 raw CSV row order + metadata.txt; dated official geography reference still required,MEDIUM,needs_review,Candidate only; parent from current file order is not historical approval
Th?a Thiên Hu?,V06.22.csv,province,Thừa Thiên Huế,,,Bắc Trung Bộ và Duyên hải miền Trung,,,V06 raw CSV row order + metadata.txt; dated official geography reference still required,MEDIUM,needs_review,Candidate only; parent from current file order is not historical approval
Ðà N?ng,V06.22.csv,province,Đà Nẵng,,,Bắc Trung Bộ và Duyên hải miền Trung,,,V06 raw CSV row order + metadata.txt; dated official geography reference still required,MEDIUM,needs_review,Candidate only; parent from current file order is not historical approval
Qu?ng Nam,V06.22.csv,province,Quảng Nam,,,Bắc Trung Bộ và Duyên hải miền Trung,,,V06 raw CSV row order + metadata.txt; dated official geography reference still required,MEDIUM,needs_review,Candidate only; parent from current file order is not historical approval
Qu?ng Ngãi,V06.22.csv,province,Quảng Ngãi,,,Bắc Trung Bộ và Duyên hải miền Trung,,,V06 raw CSV row order + metadata.txt; dated official geography reference still required,MEDIUM,needs_review,Candidate only; parent from current file order is not historical approval
Bình Ð?nh,V06.22.csv,province,Bình Định,,,Bắc Trung Bộ và Duyên hải miền Trung,,,V06 raw CSV row order + metadata.txt; dated official geography reference still required,MEDIUM,needs_review,Candidate only; parent from current file order is not historical approval
Phú Yên,V06.22.csv,province,Phú Yên,,,Bắc Trung Bộ và Duyên hải miền Trung,,,V06 raw CSV row order + metadata.txt; dated official geography reference still required,MEDIUM,needs_review,Candidate only; parent from current file order is not historical approval
Khánh Hoà,V06.22.csv,province,Khánh Hòa,,,Bắc Trung Bộ và Duyên hải miền Trung,,,V06 raw CSV row order + metadata.txt; dated official geography reference still required,MEDIUM,needs_review,Candidate only; parent from current file order is not historical approval
Ninh Thu?n,V06.22.csv,province,Ninh Thuận,,,Bắc Trung Bộ và Duyên hải miền Trung,,,V06 raw CSV row order + metadata.txt; dated official geography reference still required,MEDIUM,needs_review,Candidate only; parent from current file order is not historical approval
Bình Thu?n,V06.22.csv,province,Bình Thuận,,,Bắc Trung Bộ và Duyên hải miền Trung,,,V06 raw CSV row order + metadata.txt; dated official geography reference still required,MEDIUM,needs_review,Candidate only; parent from current file order is not historical approval
Tây Nguyên,V06.22.csv,region,Tây Nguyên,,,Vi?t Nam,,,V06 raw CSV row order + metadata.txt; dated official geography reference still required,MEDIUM,needs_review,Candidate only; parent from current file order is not historical approval
Kon Tum,V06.22.csv,province,Kon Tum,,,Tây Nguyên,,,V06 raw CSV row order + metadata.txt; dated official geography reference still required,MEDIUM,needs_review,Candidate only; parent from current file order is not historical approval
Gia Lai,V06.22.csv,province,Gia Lai,,,Tây Nguyên,,,V06 raw CSV row order + metadata.txt; dated official geography reference still required,MEDIUM,needs_review,Candidate only; parent from current file order is not historical approval
Ð?k L?k,V06.22.csv,province,Đắk Lắk,,,Tây Nguyên,,,V06 raw CSV row order + metadata.txt; dated official geography reference still required,MEDIUM,needs_review,Candidate only; parent from current file order is not historical approval
Ð?k Nông,V06.22.csv,province,Đắk Nông,,,Tây Nguyên,,,V06 raw CSV row order + metadata.txt; dated official geography reference still required,MEDIUM,needs_review,Candidate only; parent from current file order is not historical approval
Lâm Ð?ng,V06.22.csv,province,Lâm Đồng,,,Tây Nguyên,,,V06 raw CSV row order + metadata.txt; dated official geography reference still required,MEDIUM,needs_review,Candidate only; parent from current file order is not historical approval
Ðông Nam B?,V06.22.csv,region,Đông Nam Bộ,,,Vi?t Nam,,,V06 raw CSV row order + metadata.txt; dated official geography reference still required,MEDIUM,needs_review,Candidate only; parent from current file order is not historical approval
Bình Phu?c,V06.22.csv,province,Bình Phước,,,Đông Nam Bộ,,,V06 raw CSV row order + metadata.txt; dated official geography reference still required,MEDIUM,needs_review,Candidate only; parent from current file order is not historical approval
Tây Ninh,V06.22.csv,province,Tây Ninh,,,Đông Nam Bộ,,,V06 raw CSV row order + metadata.txt; dated official geography reference still required,MEDIUM,needs_review,Candidate only; parent from current file order is not historical approval
Bình Duong,V06.22.csv,province,Bình Dương,,,Đông Nam Bộ,,,V06 raw CSV row order + metadata.txt; dated official geography reference still required,MEDIUM,needs_review,Candidate only; parent from current file order is not historical approval
Ð?ng Nai,V06.22.csv,province,Đồng Nai,,,Đông Nam Bộ,,,V06 raw CSV row order + metadata.txt; dated official geography reference still required,MEDIUM,needs_review,Candidate only; parent from current file order is not historical approval
Bà R?a - Vtng Tàu,V06.22.csv,province,Bà Rịa - Vũng Tàu,,,Đông Nam Bộ,,,V06 raw CSV row order + metadata.txt; dated official geography reference still required,LOW,needs_review,Candidate only; parent from current file order is not historical approval
TP.H? Chí Minh,V06.22.csv,province,Thành phố Hồ Chí Minh,,,Đông Nam Bộ,,,V06 raw CSV row order + metadata.txt; dated official geography reference still required,MEDIUM,needs_review,Candidate only; parent from current file order is not historical approval
Ð?ng b?ng sông C?u Long,V06.22.csv,region,Đồng bằng sông Cửu Long,,,Vi?t Nam,,,V06 raw CSV row order + metadata.txt; dated official geography reference still required,MEDIUM,needs_review,Candidate only; parent from current file order is not historical approval
Long An,V06.22.csv,province,Long An,,,Đồng bằng sông Cửu Long,,,V06 raw CSV row order + metadata.txt; dated official geography reference still required,MEDIUM,needs_review,Candidate only; parent from current file order is not historical approval
Ti?n Giang,V06.22.csv,province,Tiền Giang,,,Đồng bằng sông Cửu Long,,,V06 raw CSV row order + metadata.txt; dated official geography reference still required,MEDIUM,needs_review,Candidate only; parent from current file order is not historical approval
B?n Tre,V06.22.csv,province,Bến Tre,,,Đồng bằng sông Cửu Long,,,V06 raw CSV row order + metadata.txt; dated official geography reference still required,MEDIUM,needs_review,Candidate only; parent from current file order is not historical approval
Trà Vinh,V06.22.csv,province,Trà Vinh,,,Đồng bằng sông Cửu Long,,,V06 raw CSV row order + metadata.txt; dated official geography reference still required,MEDIUM,needs_review,Candidate only; parent from current file order is not historical approval
Vinh Long,V06.22.csv,province,Vĩnh Long,,,Đồng bằng sông Cửu Long,,,V06 raw CSV row order + metadata.txt; dated official geography reference still required,MEDIUM,needs_review,Candidate only; parent from current file order is not historical approval
Ð?ng Tháp,V06.22.csv,province,Đồng Tháp,,,Đồng bằng sông Cửu Long,,,V06 raw CSV row order + metadata.txt; dated official geography reference still required,MEDIUM,needs_review,Candidate only; parent from current file order is not historical approval
An Giang,V06.22.csv,province,An Giang,,,Đồng bằng sông Cửu Long,,,V06 raw CSV row order + metadata.txt; dated official geography reference still required,MEDIUM,needs_review,Candidate only; parent from current file order is not historical approval
Kiên Giang,V06.22.csv,province,Kiên Giang,,,Đồng bằng sông Cửu Long,,,V06 raw CSV row order + metadata.txt; dated official geography reference still required,MEDIUM,needs_review,Candidate only; parent from current file order is not historical approval
C?n Tho,V06.22.csv,province,Cần Thơ,,,Đồng bằng sông Cửu Long,,,V06 raw CSV row order + metadata.txt; dated official geography reference still required,MEDIUM,needs_review,Candidate only; parent from current file order is not historical approval
H?u Giang,V06.22.csv,province,Hậu Giang,,,Đồng bằng sông Cửu Long,,,V06 raw CSV row order + metadata.txt; dated official geography reference still required,MEDIUM,needs_review,Candidate only; parent from current file order is not historical approval
Sóc Trang,V06.22.csv,province,Sóc Trăng,,,Đồng bằng sông Cửu Long,,,V06 raw CSV row order + metadata.txt; dated official geography reference still required,MEDIUM,needs_review,Candidate only; parent from current file order is not historical approval
B?c Liêu,V06.22.csv,province,Bạc Liêu,,,Đồng bằng sông Cửu Long,,,V06 raw CSV row order + metadata.txt; dated official geography reference still required,MEDIUM,needs_review,Candidate only; parent from current file order is not historical approval
Cà Mau,V06.22.csv,province,Cà Mau,,,Đồng bằng sông Cửu Long,,,V06 raw CSV row order + metadata.txt; dated official geography reference still required,MEDIUM,needs_review,Candidate only; parent from current file order is not historical approval
C? NU?C,V06.23.csv,national,Việt Nam,704,UN_M49,,,,https://unstats.un.org/unsd/methodology/m49/,HIGH,verified_country_identity_only,Candidate only; parent from current file order is not historical approval
Ð?ng b?ng sông H?ng,V06.23.csv,region,Đồng bằng sông Hồng,,,Vi?t Nam,,,V06 raw CSV row order + metadata.txt; dated official geography reference still required,MEDIUM,needs_review,Candidate only; parent from current file order is not historical approval
Hà N?i,V06.23.csv,province,Hà Nội,,,Đồng bằng sông Hồng,,,V06 raw CSV row order + metadata.txt; dated official geography reference still required,MEDIUM,needs_review,Candidate only; parent from current file order is not historical approval
Hà Tây,V06.23.csv,province,Hà Tây,,,Đồng bằng sông Hồng,,,V06 raw CSV row order + metadata.txt; dated official geography reference still required,MEDIUM,needs_review,Candidate only; parent from current file order is not historical approval
Vinh Phúc,V06.23.csv,province,Vĩnh Phúc,,,Đồng bằng sông Hồng,,,V06 raw CSV row order + metadata.txt; dated official geography reference still required,MEDIUM,needs_review,Candidate only; parent from current file order is not historical approval
B?c Ninh,V06.23.csv,province,Bắc Ninh,,,Đồng bằng sông Hồng,,,V06 raw CSV row order + metadata.txt; dated official geography reference still required,MEDIUM,needs_review,Candidate only; parent from current file order is not historical approval
Qu?ng Ninh,V06.23.csv,province,Quảng Ninh,,,Đồng bằng sông Hồng,,,V06 raw CSV row order + metadata.txt; dated official geography reference still required,MEDIUM,needs_review,Candidate only; parent from current file order is not historical approval
H?i Duong,V06.23.csv,province,Hải Dương,,,Đồng bằng sông Hồng,,,V06 raw CSV row order + metadata.txt; dated official geography reference still required,MEDIUM,needs_review,Candidate only; parent from current file order is not historical approval
H?i Phòng,V06.23.csv,province,Hải Phòng,,,Đồng bằng sông Hồng,,,V06 raw CSV row order + metadata.txt; dated official geography reference still required,MEDIUM,needs_review,Candidate only; parent from current file order is not historical approval
Hung Yên,V06.23.csv,province,Hưng Yên,,,Đồng bằng sông Hồng,,,V06 raw CSV row order + metadata.txt; dated official geography reference still required,MEDIUM,needs_review,Candidate only; parent from current file order is not historical approval
Thái Bình,V06.23.csv,province,Thái Bình,,,Đồng bằng sông Hồng,,,V06 raw CSV row order + metadata.txt; dated official geography reference still required,MEDIUM,needs_review,Candidate only; parent from current file order is not historical approval
Hà Nam,V06.23.csv,province,Hà Nam,,,Đồng bằng sông Hồng,,,V06 raw CSV row order + metadata.txt; dated official geography reference still required,MEDIUM,needs_review,Candidate only; parent from current file order is not historical approval
Nam Ð?nh,V06.23.csv,province,Nam Định,,,Đồng bằng sông Hồng,,,V06 raw CSV row order + metadata.txt; dated official geography reference still required,MEDIUM,needs_review,Candidate only; parent from current file order is not historical approval
Ninh Bình,V06.23.csv,province,Ninh Bình,,,Đồng bằng sông Hồng,,,V06 raw CSV row order + metadata.txt; dated official geography reference still required,MEDIUM,needs_review,Candidate only; parent from current file order is not historical approval
Trung du và mi?n núi phía B?c,V06.23.csv,region,Trung du và miền núi phía Bắc,,,Vi?t Nam,,,V06 raw CSV row order + metadata.txt; dated official geography reference still required,MEDIUM,needs_review,Candidate only; parent from current file order is not historical approval
Hà Giang,V06.23.csv,province,Hà Giang,,,Trung du và miền núi phía Bắc,,,V06 raw CSV row order + metadata.txt; dated official geography reference still required,MEDIUM,needs_review,Candidate only; parent from current file order is not historical approval
Cao B?ng,V06.23.csv,province,Cao Bằng,,,Trung du và miền núi phía Bắc,,,V06 raw CSV row order + metadata.txt; dated official geography reference still required,MEDIUM,needs_review,Candidate only; parent from current file order is not historical approval
B?c K?n,V06.23.csv,province,Bắc Kạn,,,Trung du và miền núi phía Bắc,,,V06 raw CSV row order + metadata.txt; dated official geography reference still required,MEDIUM,needs_review,Candidate only; parent from current file order is not historical approval
Tuyên Quang,V06.23.csv,province,Tuyên Quang,,,Trung du và miền núi phía Bắc,,,V06 raw CSV row order + metadata.txt; dated official geography reference still required,MEDIUM,needs_review,Candidate only; parent from current file order is not historical approval
Lào Cai,V06.23.csv,province,Lào Cai,,,Trung du và miền núi phía Bắc,,,V06 raw CSV row order + metadata.txt; dated official geography reference still required,MEDIUM,needs_review,Candidate only; parent from current file order is not historical approval
Yên Bái,V06.23.csv,province,Yên Bái,,,Trung du và miền núi phía Bắc,,,V06 raw CSV row order + metadata.txt; dated official geography reference still required,MEDIUM,needs_review,Candidate only; parent from current file order is not historical approval
Thái Nguyên,V06.23.csv,province,Thái Nguyên,,,Trung du và miền núi phía Bắc,,,V06 raw CSV row order + metadata.txt; dated official geography reference still required,MEDIUM,needs_review,Candidate only; parent from current file order is not historical approval
L?ng Son,V06.23.csv,province,Lạng Sơn,,,Trung du và miền núi phía Bắc,,,V06 raw CSV row order + metadata.txt; dated official geography reference still required,MEDIUM,needs_review,Candidate only; parent from current file order is not historical approval
B?c Giang,V06.23.csv,province,Bắc Giang,,,Trung du và miền núi phía Bắc,,,V06 raw CSV row order + metadata.txt; dated official geography reference still required,MEDIUM,needs_review,Candidate only; parent from current file order is not historical approval
Phú Th?,V06.23.csv,province,Phú Thọ,,,Trung du và miền núi phía Bắc,,,V06 raw CSV row order + metadata.txt; dated official geography reference still required,MEDIUM,needs_review,Candidate only; parent from current file order is not historical approval
Ði?n Biên,V06.23.csv,province,Điện Biên,,,Trung du và miền núi phía Bắc,,,V06 raw CSV row order + metadata.txt; dated official geography reference still required,MEDIUM,needs_review,Candidate only; parent from current file order is not historical approval
Lai Châu,V06.23.csv,province,Lai Châu,,,Trung du và miền núi phía Bắc,,,V06 raw CSV row order + metadata.txt; dated official geography reference still required,MEDIUM,needs_review,Candidate only; parent from current file order is not historical approval
Son La,V06.23.csv,province,Sơn La,,,Trung du và miền núi phía Bắc,,,V06 raw CSV row order + metadata.txt; dated official geography reference still required,MEDIUM,needs_review,Candidate only; parent from current file order is not historical approval
Hoà Bình,V06.23.csv,province,Hòa Bình,,,Trung du và miền núi phía Bắc,,,V06 raw CSV row order + metadata.txt; dated official geography reference still required,MEDIUM,needs_review,Candidate only; parent from current file order is not historical approval
B?c Trung B? và Duyên h?i mi?n Trung,V06.23.csv,region,Bắc Trung Bộ và Duyên hải miền Trung,,,Vi?t Nam,,,V06 raw CSV row order + metadata.txt; dated official geography reference still required,MEDIUM,needs_review,Candidate only; parent from current file order is not historical approval
Thanh Hoá,V06.23.csv,province,Thanh Hóa,,,Bắc Trung Bộ và Duyên hải miền Trung,,,V06 raw CSV row order + metadata.txt; dated official geography reference still required,MEDIUM,needs_review,Candidate only; parent from current file order is not historical approval
Ngh? An,V06.23.csv,province,Nghệ An,,,Bắc Trung Bộ và Duyên hải miền Trung,,,V06 raw CSV row order + metadata.txt; dated official geography reference still required,MEDIUM,needs_review,Candidate only; parent from current file order is not historical approval
Hà Tinh,V06.23.csv,province,Hà Tĩnh,,,Bắc Trung Bộ và Duyên hải miền Trung,,,V06 raw CSV row order + metadata.txt; dated official geography reference still required,MEDIUM,needs_review,Candidate only; parent from current file order is not historical approval
Qu?ng Bình,V06.23.csv,province,Quảng Bình,,,Bắc Trung Bộ và Duyên hải miền Trung,,,V06 raw CSV row order + metadata.txt; dated official geography reference still required,MEDIUM,needs_review,Candidate only; parent from current file order is not historical approval
Qu?ng Tr?,V06.23.csv,province,Quảng Trị,,,Bắc Trung Bộ và Duyên hải miền Trung,,,V06 raw CSV row order + metadata.txt; dated official geography reference still required,MEDIUM,needs_review,Candidate only; parent from current file order is not historical approval
Th?a Thiên Hu?,V06.23.csv,province,Thừa Thiên Huế,,,Bắc Trung Bộ và Duyên hải miền Trung,,,V06 raw CSV row order + metadata.txt; dated official geography reference still required,MEDIUM,needs_review,Candidate only; parent from current file order is not historical approval
Ðà N?ng,V06.23.csv,province,Đà Nẵng,,,Bắc Trung Bộ và Duyên hải miền Trung,,,V06 raw CSV row order + metadata.txt; dated official geography reference still required,MEDIUM,needs_review,Candidate only; parent from current file order is not historical approval
Qu?ng Nam,V06.23.csv,province,Quảng Nam,,,Bắc Trung Bộ và Duyên hải miền Trung,,,V06 raw CSV row order + metadata.txt; dated official geography reference still required,MEDIUM,needs_review,Candidate only; parent from current file order is not historical approval
Qu?ng Ngãi,V06.23.csv,province,Quảng Ngãi,,,Bắc Trung Bộ và Duyên hải miền Trung,,,V06 raw CSV row order + metadata.txt; dated official geography reference still required,MEDIUM,needs_review,Candidate only; parent from current file order is not historical approval
Bình Ð?nh,V06.23.csv,province,Bình Định,,,Bắc Trung Bộ và Duyên hải miền Trung,,,V06 raw CSV row order + metadata.txt; dated official geography reference still required,MEDIUM,needs_review,Candidate only; parent from current file order is not historical approval
Phú Yên,V06.23.csv,province,Phú Yên,,,Bắc Trung Bộ và Duyên hải miền Trung,,,V06 raw CSV row order + metadata.txt; dated official geography reference still required,MEDIUM,needs_review,Candidate only; parent from current file order is not historical approval
Khánh Hoà,V06.23.csv,province,Khánh Hòa,,,Bắc Trung Bộ và Duyên hải miền Trung,,,V06 raw CSV row order + metadata.txt; dated official geography reference still required,MEDIUM,needs_review,Candidate only; parent from current file order is not historical approval
Ninh Thu?n,V06.23.csv,province,Ninh Thuận,,,Bắc Trung Bộ và Duyên hải miền Trung,,,V06 raw CSV row order + metadata.txt; dated official geography reference still required,MEDIUM,needs_review,Candidate only; parent from current file order is not historical approval
Bình Thu?n,V06.23.csv,province,Bình Thuận,,,Bắc Trung Bộ và Duyên hải miền Trung,,,V06 raw CSV row order + metadata.txt; dated official geography reference still required,MEDIUM,needs_review,Candidate only; parent from current file order is not historical approval
Tây Nguyên,V06.23.csv,region,Tây Nguyên,,,Vi?t Nam,,,V06 raw CSV row order + metadata.txt; dated official geography reference still required,MEDIUM,needs_review,Candidate only; parent from current file order is not historical approval
Kon Tum,V06.23.csv,province,Kon Tum,,,Tây Nguyên,,,V06 raw CSV row order + metadata.txt; dated official geography reference still required,MEDIUM,needs_review,Candidate only; parent from current file order is not historical approval
Gia Lai,V06.23.csv,province,Gia Lai,,,Tây Nguyên,,,V06 raw CSV row order + metadata.txt; dated official geography reference still required,MEDIUM,needs_review,Candidate only; parent from current file order is not historical approval
Ð?k L?k,V06.23.csv,province,Đắk Lắk,,,Tây Nguyên,,,V06 raw CSV row order + metadata.txt; dated official geography reference still required,MEDIUM,needs_review,Candidate only; parent from current file order is not historical approval
Ð?k Nông,V06.23.csv,province,Đắk Nông,,,Tây Nguyên,,,V06 raw CSV row order + metadata.txt; dated official geography reference still required,MEDIUM,needs_review,Candidate only; parent from current file order is not historical approval
Lâm Ð?ng,V06.23.csv,province,Lâm Đồng,,,Tây Nguyên,,,V06 raw CSV row order + metadata.txt; dated official geography reference still required,MEDIUM,needs_review,Candidate only; parent from current file order is not historical approval
Ðông Nam B?,V06.23.csv,region,Đông Nam Bộ,,,Vi?t Nam,,,V06 raw CSV row order + metadata.txt; dated official geography reference still required,MEDIUM,needs_review,Candidate only; parent from current file order is not historical approval
Bình Phu?c,V06.23.csv,province,Bình Phước,,,Đông Nam Bộ,,,V06 raw CSV row order + metadata.txt; dated official geography reference still required,MEDIUM,needs_review,Candidate only; parent from current file order is not historical approval
Tây Ninh,V06.23.csv,province,Tây Ninh,,,Đông Nam Bộ,,,V06 raw CSV row order + metadata.txt; dated official geography reference still required,MEDIUM,needs_review,Candidate only; parent from current file order is not historical approval
Bình Duong,V06.23.csv,province,Bình Dương,,,Đông Nam Bộ,,,V06 raw CSV row order + metadata.txt; dated official geography reference still required,MEDIUM,needs_review,Candidate only; parent from current file order is not historical approval
Ð?ng Nai,V06.23.csv,province,Đồng Nai,,,Đông Nam Bộ,,,V06 raw CSV row order + metadata.txt; dated official geography reference still required,MEDIUM,needs_review,Candidate only; parent from current file order is not historical approval
Bà R?a - Vtng Tàu,V06.23.csv,province,Bà Rịa - Vũng Tàu,,,Đông Nam Bộ,,,V06 raw CSV row order + metadata.txt; dated official geography reference still required,LOW,needs_review,Candidate only; parent from current file order is not historical approval
TP.H? Chí Minh,V06.23.csv,province,Thành phố Hồ Chí Minh,,,Đông Nam Bộ,,,V06 raw CSV row order + metadata.txt; dated official geography reference still required,MEDIUM,needs_review,Candidate only; parent from current file order is not historical approval
Ð?ng b?ng sông C?u Long,V06.23.csv,region,Đồng bằng sông Cửu Long,,,Vi?t Nam,,,V06 raw CSV row order + metadata.txt; dated official geography reference still required,MEDIUM,needs_review,Candidate only; parent from current file order is not historical approval
Long An,V06.23.csv,province,Long An,,,Đồng bằng sông Cửu Long,,,V06 raw CSV row order + metadata.txt; dated official geography reference still required,MEDIUM,needs_review,Candidate only; parent from current file order is not historical approval
Ti?n Giang,V06.23.csv,province,Tiền Giang,,,Đồng bằng sông Cửu Long,,,V06 raw CSV row order + metadata.txt; dated official geography reference still required,MEDIUM,needs_review,Candidate only; parent from current file order is not historical approval
B?n Tre,V06.23.csv,province,Bến Tre,,,Đồng bằng sông Cửu Long,,,V06 raw CSV row order + metadata.txt; dated official geography reference still required,MEDIUM,needs_review,Candidate only; parent from current file order is not historical approval
Trà Vinh,V06.23.csv,province,Trà Vinh,,,Đồng bằng sông Cửu Long,,,V06 raw CSV row order + metadata.txt; dated official geography reference still required,MEDIUM,needs_review,Candidate only; parent from current file order is not historical approval
Vinh Long,V06.23.csv,province,Vĩnh Long,,,Đồng bằng sông Cửu Long,,,V06 raw CSV row order + metadata.txt; dated official geography reference still required,MEDIUM,needs_review,Candidate only; parent from current file order is not historical approval
Ð?ng Tháp,V06.23.csv,province,Đồng Tháp,,,Đồng bằng sông Cửu Long,,,V06 raw CSV row order + metadata.txt; dated official geography reference still required,MEDIUM,needs_review,Candidate only; parent from current file order is not historical approval
An Giang,V06.23.csv,province,An Giang,,,Đồng bằng sông Cửu Long,,,V06 raw CSV row order + metadata.txt; dated official geography reference still required,MEDIUM,needs_review,Candidate only; parent from current file order is not historical approval
Kiên Giang,V06.23.csv,province,Kiên Giang,,,Đồng bằng sông Cửu Long,,,V06 raw CSV row order + metadata.txt; dated official geography reference still required,MEDIUM,needs_review,Candidate only; parent from current file order is not historical approval
C?n Tho,V06.23.csv,province,Cần Thơ,,,Đồng bằng sông Cửu Long,,,V06 raw CSV row order + metadata.txt; dated official geography reference still required,MEDIUM,needs_review,Candidate only; parent from current file order is not historical approval
H?u Giang,V06.23.csv,province,Hậu Giang,,,Đồng bằng sông Cửu Long,,,V06 raw CSV row order + metadata.txt; dated official geography reference still required,MEDIUM,needs_review,Candidate only; parent from current file order is not historical approval
Sóc Trang,V06.23.csv,province,Sóc Trăng,,,Đồng bằng sông Cửu Long,,,V06 raw CSV row order + metadata.txt; dated official geography reference still required,MEDIUM,needs_review,Candidate only; parent from current file order is not historical approval
B?c Liêu,V06.23.csv,province,Bạc Liêu,,,Đồng bằng sông Cửu Long,,,V06 raw CSV row order + metadata.txt; dated official geography reference still required,MEDIUM,needs_review,Candidate only; parent from current file order is not historical approval
Cà Mau,V06.23.csv,province,Cà Mau,,,Đồng bằng sông Cửu Long,,,V06 raw CSV row order + metadata.txt; dated official geography reference still required,MEDIUM,needs_review,Candidate only; parent from current file order is not historical approval
C? NU?C,V06.24.csv,national,Việt Nam,704,UN_M49,,,,https://unstats.un.org/unsd/methodology/m49/,HIGH,verified_country_identity_only,Candidate only; parent from current file order is not historical approval
Ð?ng b?ng sông H?ng,V06.24.csv,region,Đồng bằng sông Hồng,,,Vi?t Nam,,,V06 raw CSV row order + metadata.txt; dated official geography reference still required,MEDIUM,needs_review,Candidate only; parent from current file order is not historical approval
Hà N?i,V06.24.csv,province,Hà Nội,,,Đồng bằng sông Hồng,,,V06 raw CSV row order + metadata.txt; dated official geography reference still required,MEDIUM,needs_review,Candidate only; parent from current file order is not historical approval
Hà Tây,V06.24.csv,province,Hà Tây,,,Đồng bằng sông Hồng,,,V06 raw CSV row order + metadata.txt; dated official geography reference still required,MEDIUM,needs_review,Candidate only; parent from current file order is not historical approval
Vinh Phúc,V06.24.csv,province,Vĩnh Phúc,,,Đồng bằng sông Hồng,,,V06 raw CSV row order + metadata.txt; dated official geography reference still required,MEDIUM,needs_review,Candidate only; parent from current file order is not historical approval
B?c Ninh,V06.24.csv,province,Bắc Ninh,,,Đồng bằng sông Hồng,,,V06 raw CSV row order + metadata.txt; dated official geography reference still required,MEDIUM,needs_review,Candidate only; parent from current file order is not historical approval
Qu?ng Ninh,V06.24.csv,province,Quảng Ninh,,,Đồng bằng sông Hồng,,,V06 raw CSV row order + metadata.txt; dated official geography reference still required,MEDIUM,needs_review,Candidate only; parent from current file order is not historical approval
H?i Duong,V06.24.csv,province,Hải Dương,,,Đồng bằng sông Hồng,,,V06 raw CSV row order + metadata.txt; dated official geography reference still required,MEDIUM,needs_review,Candidate only; parent from current file order is not historical approval
H?i Phòng,V06.24.csv,province,Hải Phòng,,,Đồng bằng sông Hồng,,,V06 raw CSV row order + metadata.txt; dated official geography reference still required,MEDIUM,needs_review,Candidate only; parent from current file order is not historical approval
Hung Yên,V06.24.csv,province,Hưng Yên,,,Đồng bằng sông Hồng,,,V06 raw CSV row order + metadata.txt; dated official geography reference still required,MEDIUM,needs_review,Candidate only; parent from current file order is not historical approval
Thái Bình,V06.24.csv,province,Thái Bình,,,Đồng bằng sông Hồng,,,V06 raw CSV row order + metadata.txt; dated official geography reference still required,MEDIUM,needs_review,Candidate only; parent from current file order is not historical approval
Hà Nam,V06.24.csv,province,Hà Nam,,,Đồng bằng sông Hồng,,,V06 raw CSV row order + metadata.txt; dated official geography reference still required,MEDIUM,needs_review,Candidate only; parent from current file order is not historical approval
Nam Ð?nh,V06.24.csv,province,Nam Định,,,Đồng bằng sông Hồng,,,V06 raw CSV row order + metadata.txt; dated official geography reference still required,MEDIUM,needs_review,Candidate only; parent from current file order is not historical approval
Ninh Bình,V06.24.csv,province,Ninh Bình,,,Đồng bằng sông Hồng,,,V06 raw CSV row order + metadata.txt; dated official geography reference still required,MEDIUM,needs_review,Candidate only; parent from current file order is not historical approval
Trung du và mi?n núi phía B?c,V06.24.csv,region,Trung du và miền núi phía Bắc,,,Vi?t Nam,,,V06 raw CSV row order + metadata.txt; dated official geography reference still required,MEDIUM,needs_review,Candidate only; parent from current file order is not historical approval
Hà Giang,V06.24.csv,province,Hà Giang,,,Trung du và miền núi phía Bắc,,,V06 raw CSV row order + metadata.txt; dated official geography reference still required,MEDIUM,needs_review,Candidate only; parent from current file order is not historical approval
Cao B?ng,V06.24.csv,province,Cao Bằng,,,Trung du và miền núi phía Bắc,,,V06 raw CSV row order + metadata.txt; dated official geography reference still required,MEDIUM,needs_review,Candidate only; parent from current file order is not historical approval
B?c K?n,V06.24.csv,province,Bắc Kạn,,,Trung du và miền núi phía Bắc,,,V06 raw CSV row order + metadata.txt; dated official geography reference still required,MEDIUM,needs_review,Candidate only; parent from current file order is not historical approval
Tuyên Quang,V06.24.csv,province,Tuyên Quang,,,Trung du và miền núi phía Bắc,,,V06 raw CSV row order + metadata.txt; dated official geography reference still required,MEDIUM,needs_review,Candidate only; parent from current file order is not historical approval
Lào Cai,V06.24.csv,province,Lào Cai,,,Trung du và miền núi phía Bắc,,,V06 raw CSV row order + metadata.txt; dated official geography reference still required,MEDIUM,needs_review,Candidate only; parent from current file order is not historical approval
Yên Bái,V06.24.csv,province,Yên Bái,,,Trung du và miền núi phía Bắc,,,V06 raw CSV row order + metadata.txt; dated official geography reference still required,MEDIUM,needs_review,Candidate only; parent from current file order is not historical approval
Thái Nguyên,V06.24.csv,province,Thái Nguyên,,,Trung du và miền núi phía Bắc,,,V06 raw CSV row order + metadata.txt; dated official geography reference still required,MEDIUM,needs_review,Candidate only; parent from current file order is not historical approval
L?ng Son,V06.24.csv,province,Lạng Sơn,,,Trung du và miền núi phía Bắc,,,V06 raw CSV row order + metadata.txt; dated official geography reference still required,MEDIUM,needs_review,Candidate only; parent from current file order is not historical approval
B?c Giang,V06.24.csv,province,Bắc Giang,,,Trung du và miền núi phía Bắc,,,V06 raw CSV row order + metadata.txt; dated official geography reference still required,MEDIUM,needs_review,Candidate only; parent from current file order is not historical approval
Phú Th?,V06.24.csv,province,Phú Thọ,,,Trung du và miền núi phía Bắc,,,V06 raw CSV row order + metadata.txt; dated official geography reference still required,MEDIUM,needs_review,Candidate only; parent from current file order is not historical approval
Ði?n Biên,V06.24.csv,province,Điện Biên,,,Trung du và miền núi phía Bắc,,,V06 raw CSV row order + metadata.txt; dated official geography reference still required,MEDIUM,needs_review,Candidate only; parent from current file order is not historical approval
Lai Châu,V06.24.csv,province,Lai Châu,,,Trung du và miền núi phía Bắc,,,V06 raw CSV row order + metadata.txt; dated official geography reference still required,MEDIUM,needs_review,Candidate only; parent from current file order is not historical approval
Son La,V06.24.csv,province,Sơn La,,,Trung du và miền núi phía Bắc,,,V06 raw CSV row order + metadata.txt; dated official geography reference still required,MEDIUM,needs_review,Candidate only; parent from current file order is not historical approval
Hoà Bình,V06.24.csv,province,Hòa Bình,,,Trung du và miền núi phía Bắc,,,V06 raw CSV row order + metadata.txt; dated official geography reference still required,MEDIUM,needs_review,Candidate only; parent from current file order is not historical approval
B?c Trung B? và Duyên h?i mi?n Trung,V06.24.csv,region,Bắc Trung Bộ và Duyên hải miền Trung,,,Vi?t Nam,,,V06 raw CSV row order + metadata.txt; dated official geography reference still required,MEDIUM,needs_review,Candidate only; parent from current file order is not historical approval
Thanh Hoá,V06.24.csv,province,Thanh Hóa,,,Bắc Trung Bộ và Duyên hải miền Trung,,,V06 raw CSV row order + metadata.txt; dated official geography reference still required,MEDIUM,needs_review,Candidate only; parent from current file order is not historical approval
Ngh? An,V06.24.csv,province,Nghệ An,,,Bắc Trung Bộ và Duyên hải miền Trung,,,V06 raw CSV row order + metadata.txt; dated official geography reference still required,MEDIUM,needs_review,Candidate only; parent from current file order is not historical approval
Hà Tinh,V06.24.csv,province,Hà Tĩnh,,,Bắc Trung Bộ và Duyên hải miền Trung,,,V06 raw CSV row order + metadata.txt; dated official geography reference still required,MEDIUM,needs_review,Candidate only; parent from current file order is not historical approval
Qu?ng Bình,V06.24.csv,province,Quảng Bình,,,Bắc Trung Bộ và Duyên hải miền Trung,,,V06 raw CSV row order + metadata.txt; dated official geography reference still required,MEDIUM,needs_review,Candidate only; parent from current file order is not historical approval
Qu?ng Tr?,V06.24.csv,province,Quảng Trị,,,Bắc Trung Bộ và Duyên hải miền Trung,,,V06 raw CSV row order + metadata.txt; dated official geography reference still required,MEDIUM,needs_review,Candidate only; parent from current file order is not historical approval
Th?a Thiên Hu?,V06.24.csv,province,Thừa Thiên Huế,,,Bắc Trung Bộ và Duyên hải miền Trung,,,V06 raw CSV row order + metadata.txt; dated official geography reference still required,MEDIUM,needs_review,Candidate only; parent from current file order is not historical approval
Ðà N?ng,V06.24.csv,province,Đà Nẵng,,,Bắc Trung Bộ và Duyên hải miền Trung,,,V06 raw CSV row order + metadata.txt; dated official geography reference still required,MEDIUM,needs_review,Candidate only; parent from current file order is not historical approval
Qu?ng Nam,V06.24.csv,province,Quảng Nam,,,Bắc Trung Bộ và Duyên hải miền Trung,,,V06 raw CSV row order + metadata.txt; dated official geography reference still required,MEDIUM,needs_review,Candidate only; parent from current file order is not historical approval
Qu?ng Ngãi,V06.24.csv,province,Quảng Ngãi,,,Bắc Trung Bộ và Duyên hải miền Trung,,,V06 raw CSV row order + metadata.txt; dated official geography reference still required,MEDIUM,needs_review,Candidate only; parent from current file order is not historical approval
Bình Ð?nh,V06.24.csv,province,Bình Định,,,Bắc Trung Bộ và Duyên hải miền Trung,,,V06 raw CSV row order + metadata.txt; dated official geography reference still required,MEDIUM,needs_review,Candidate only; parent from current file order is not historical approval
Phú Yên,V06.24.csv,province,Phú Yên,,,Bắc Trung Bộ và Duyên hải miền Trung,,,V06 raw CSV row order + metadata.txt; dated official geography reference still required,MEDIUM,needs_review,Candidate only; parent from current file order is not historical approval
Khánh Hoà,V06.24.csv,province,Khánh Hòa,,,Bắc Trung Bộ và Duyên hải miền Trung,,,V06 raw CSV row order + metadata.txt; dated official geography reference still required,MEDIUM,needs_review,Candidate only; parent from current file order is not historical approval
Ninh Thu?n,V06.24.csv,province,Ninh Thuận,,,Bắc Trung Bộ và Duyên hải miền Trung,,,V06 raw CSV row order + metadata.txt; dated official geography reference still required,MEDIUM,needs_review,Candidate only; parent from current file order is not historical approval
Bình Thu?n,V06.24.csv,province,Bình Thuận,,,Bắc Trung Bộ và Duyên hải miền Trung,,,V06 raw CSV row order + metadata.txt; dated official geography reference still required,MEDIUM,needs_review,Candidate only; parent from current file order is not historical approval
Tây Nguyên,V06.24.csv,region,Tây Nguyên,,,Vi?t Nam,,,V06 raw CSV row order + metadata.txt; dated official geography reference still required,MEDIUM,needs_review,Candidate only; parent from current file order is not historical approval
Kon Tum,V06.24.csv,province,Kon Tum,,,Tây Nguyên,,,V06 raw CSV row order + metadata.txt; dated official geography reference still required,MEDIUM,needs_review,Candidate only; parent from current file order is not historical approval
Gia Lai,V06.24.csv,province,Gia Lai,,,Tây Nguyên,,,V06 raw CSV row order + metadata.txt; dated official geography reference still required,MEDIUM,needs_review,Candidate only; parent from current file order is not historical approval
Ð?k L?k,V06.24.csv,province,Đắk Lắk,,,Tây Nguyên,,,V06 raw CSV row order + metadata.txt; dated official geography reference still required,MEDIUM,needs_review,Candidate only; parent from current file order is not historical approval
Ð?k Nông,V06.24.csv,province,Đắk Nông,,,Tây Nguyên,,,V06 raw CSV row order + metadata.txt; dated official geography reference still required,MEDIUM,needs_review,Candidate only; parent from current file order is not historical approval
Lâm Ð?ng,V06.24.csv,province,Lâm Đồng,,,Tây Nguyên,,,V06 raw CSV row order + metadata.txt; dated official geography reference still required,MEDIUM,needs_review,Candidate only; parent from current file order is not historical approval
Ðông Nam B?,V06.24.csv,region,Đông Nam Bộ,,,Vi?t Nam,,,V06 raw CSV row order + metadata.txt; dated official geography reference still required,MEDIUM,needs_review,Candidate only; parent from current file order is not historical approval
Bình Phu?c,V06.24.csv,province,Bình Phước,,,Đông Nam Bộ,,,V06 raw CSV row order + metadata.txt; dated official geography reference still required,MEDIUM,needs_review,Candidate only; parent from current file order is not historical approval
Tây Ninh,V06.24.csv,province,Tây Ninh,,,Đông Nam Bộ,,,V06 raw CSV row order + metadata.txt; dated official geography reference still required,MEDIUM,needs_review,Candidate only; parent from current file order is not historical approval
Bình Duong,V06.24.csv,province,Bình Dương,,,Đông Nam Bộ,,,V06 raw CSV row order + metadata.txt; dated official geography reference still required,MEDIUM,needs_review,Candidate only; parent from current file order is not historical approval
Ð?ng Nai,V06.24.csv,province,Đồng Nai,,,Đông Nam Bộ,,,V06 raw CSV row order + metadata.txt; dated official geography reference still required,MEDIUM,needs_review,Candidate only; parent from current file order is not historical approval
Bà R?a - Vtng Tàu,V06.24.csv,province,Bà Rịa - Vũng Tàu,,,Đông Nam Bộ,,,V06 raw CSV row order + metadata.txt; dated official geography reference still required,LOW,needs_review,Candidate only; parent from current file order is not historical approval
TP.H? Chí Minh,V06.24.csv,province,Thành phố Hồ Chí Minh,,,Đông Nam Bộ,,,V06 raw CSV row order + metadata.txt; dated official geography reference still required,MEDIUM,needs_review,Candidate only; parent from current file order is not historical approval
Ð?ng b?ng sông C?u Long,V06.24.csv,region,Đồng bằng sông Cửu Long,,,Vi?t Nam,,,V06 raw CSV row order + metadata.txt; dated official geography reference still required,MEDIUM,needs_review,Candidate only; parent from current file order is not historical approval
Long An,V06.24.csv,province,Long An,,,Đồng bằng sông Cửu Long,,,V06 raw CSV row order + metadata.txt; dated official geography reference still required,MEDIUM,needs_review,Candidate only; parent from current file order is not historical approval
Ti?n Giang,V06.24.csv,province,Tiền Giang,,,Đồng bằng sông Cửu Long,,,V06 raw CSV row order + metadata.txt; dated official geography reference still required,MEDIUM,needs_review,Candidate only; parent from current file order is not historical approval
B?n Tre,V06.24.csv,province,Bến Tre,,,Đồng bằng sông Cửu Long,,,V06 raw CSV row order + metadata.txt; dated official geography reference still required,MEDIUM,needs_review,Candidate only; parent from current file order is not historical approval
Trà Vinh,V06.24.csv,province,Trà Vinh,,,Đồng bằng sông Cửu Long,,,V06 raw CSV row order + metadata.txt; dated official geography reference still required,MEDIUM,needs_review,Candidate only; parent from current file order is not historical approval
Vinh Long,V06.24.csv,province,Vĩnh Long,,,Đồng bằng sông Cửu Long,,,V06 raw CSV row order + metadata.txt; dated official geography reference still required,MEDIUM,needs_review,Candidate only; parent from current file order is not historical approval
Ð?ng Tháp,V06.24.csv,province,Đồng Tháp,,,Đồng bằng sông Cửu Long,,,V06 raw CSV row order + metadata.txt; dated official geography reference still required,MEDIUM,needs_review,Candidate only; parent from current file order is not historical approval
An Giang,V06.24.csv,province,An Giang,,,Đồng bằng sông Cửu Long,,,V06 raw CSV row order + metadata.txt; dated official geography reference still required,MEDIUM,needs_review,Candidate only; parent from current file order is not historical approval
Kiên Giang,V06.24.csv,province,Kiên Giang,,,Đồng bằng sông Cửu Long,,,V06 raw CSV row order + metadata.txt; dated official geography reference still required,MEDIUM,needs_review,Candidate only; parent from current file order is not historical approval
C?n Tho,V06.24.csv,province,Cần Thơ,,,Đồng bằng sông Cửu Long,,,V06 raw CSV row order + metadata.txt; dated official geography reference still required,MEDIUM,needs_review,Candidate only; parent from current file order is not historical approval
H?u Giang,V06.24.csv,province,Hậu Giang,,,Đồng bằng sông Cửu Long,,,V06 raw CSV row order + metadata.txt; dated official geography reference still required,MEDIUM,needs_review,Candidate only; parent from current file order is not historical approval
Sóc Trang,V06.24.csv,province,Sóc Trăng,,,Đồng bằng sông Cửu Long,,,V06 raw CSV row order + metadata.txt; dated official geography reference still required,MEDIUM,needs_review,Candidate only; parent from current file order is not historical approval
B?c Liêu,V06.24.csv,province,Bạc Liêu,,,Đồng bằng sông Cửu Long,,,V06 raw CSV row order + metadata.txt; dated official geography reference still required,MEDIUM,needs_review,Candidate only; parent from current file order is not historical approval
Cà Mau,V06.24.csv,province,Cà Mau,,,Đồng bằng sông Cửu Long,,,V06 raw CSV row order + metadata.txt; dated official geography reference still required,MEDIUM,needs_review,Candidate only; parent from current file order is not historical approval
