Domain Code,Domain,Reporter Country Code (M49),Reporter Countries,Partner Country Code (M49),Partner Countries,Element Code,Element,Item Code (CPC),Item,Year Code,Year,Unit,Value,Flag,Flag Description
"TM","Detailed trade matrix","704","Viet Nam","012","Algeria","5910","Export quantity","23161.02","Rice, milled","2012","2012","t","77838","A","Official value"
"TM","Detailed trade matrix","704","Viet Nam","012","Algeria","5910","Export quantity","23161.02","Rice, milled","2013","2013","t","95494","A","Official value"
"TM","Detailed trade matrix","704","Viet Nam","012","Algeria","5910","Export quantity","23161.02","Rice, milled","2014","2014","t","36583.81","A","Official value"
"TM","Detailed trade matrix","704","Viet Nam","012","Algeria","5910","Export quantity","23161.02","Rice, milled","2015","2015","t","37580.2","A","Official value"
"TM","Detailed trade matrix","704","Viet Nam","012","Algeria","5910","Export quantity","23161.02","Rice, milled","2016","2016","t","39646.9","A","Official value"
"TM","Detailed trade matrix","704","Viet Nam","012","Algeria","5910","Export quantity","23161.02","Rice, milled","2017","2017","t","43575.2","A","Official value"
"TM","Detailed trade matrix","704","Viet Nam","012","Algeria","5910","Export quantity","23161.02","Rice, milled","2018","2018","t","10399.08","A","Official value"
"TM","Detailed trade matrix","704","Viet Nam","012","Algeria","5910","Export quantity","23161.02","Rice, milled","2019","2019","t","16394.4","A","Official value"
"TM","Detailed trade matrix","704","Viet Nam","012","Algeria","5910","Export quantity","23161.02","Rice, milled","2020","2020","t","338.28","I","Value imputed by a receiving agency"
"TM","Detailed trade matrix","704","Viet Nam","012","Algeria","5910","Export quantity","23161.02","Rice, milled","2022","2022","t","240","A","Official value"
"TM","Detailed trade matrix","704","Viet Nam","012","Algeria","5910","Export quantity","23161.02","Rice, milled","2023","2023","t","25","A","Official value"
"TM","Detailed trade matrix","704","Viet Nam","012","Algeria","5922","Export value","23161.02","Rice, milled","2012","2012","1000 USD","35618","A","Official value"
"TM","Detailed trade matrix","704","Viet Nam","012","Algeria","5922","Export value","23161.02","Rice, milled","2013","2013","1000 USD","39934","A","Official value"
"TM","Detailed trade matrix","704","Viet Nam","012","Algeria","5922","Export value","23161.02","Rice, milled","2014","2014","1000 USD","15811","A","Official value"
"TM","Detailed trade matrix","704","Viet Nam","012","Algeria","5922","Export value","23161.02","Rice, milled","2015","2015","1000 USD","14853","A","Official value"
"TM","Detailed trade matrix","704","Viet Nam","012","Algeria","5922","Export value","23161.02","Rice, milled","2016","2016","1000 USD","15184","A","Official value"
"TM","Detailed trade matrix","704","Viet Nam","012","Algeria","5922","Export value","23161.02","Rice, milled","2017","2017","1000 USD","17329","A","Official value"
"TM","Detailed trade matrix","704","Viet Nam","012","Algeria","5922","Export value","23161.02","Rice, milled","2018","2018","1000 USD","5200","A","Official value"
"TM","Detailed trade matrix","704","Viet Nam","012","Algeria","5922","Export value","23161.02","Rice, milled","2019","2019","1000 USD","6281","A","Official value"
"TM","Detailed trade matrix","704","Viet Nam","012","Algeria","5922","Export value","23161.02","Rice, milled","2020","2020","1000 USD","211","A","Official value"
"TM","Detailed trade matrix","704","Viet Nam","012","Algeria","5922","Export value","23161.02","Rice, milled","2022","2022","1000 USD","195","A","Official value"
"TM","Detailed trade matrix","704","Viet Nam","012","Algeria","5922","Export value","23161.02","Rice, milled","2023","2023","1000 USD","16","A","Official value"
"TM","Detailed trade matrix","704","Viet Nam","024","Angola","5910","Export quantity","23161.02","Rice, milled","2012","2012","t","120613","A","Official value"
"TM","Detailed trade matrix","704","Viet Nam","024","Angola","5910","Export quantity","23161.02","Rice, milled","2013","2013","t","116738","A","Official value"
"TM","Detailed trade matrix","704","Viet Nam","024","Angola","5910","Export quantity","23161.02","Rice, milled","2014","2014","t","13699.25","A","Official value"
"TM","Detailed trade matrix","704","Viet Nam","024","Angola","5910","Export quantity","23161.02","Rice, milled","2015","2015","t","12787.59","A","Official value"
"TM","Detailed trade matrix","704","Viet Nam","024","Angola","5910","Export quantity","23161.02","Rice, milled","2016","2016","t","36814.9","A","Official value"
"TM","Detailed trade matrix","704","Viet Nam","024","Angola","5910","Export quantity","23161.02","Rice, milled","2017","2017","t","15765.3","A","Official value"
"TM","Detailed trade matrix","704","Viet Nam","024","Angola","5910","Export quantity","23161.02","Rice, milled","2018","2018","t","5163.37","A","Official value"
"TM","Detailed trade matrix","704","Viet Nam","024","Angola","5910","Export quantity","23161.02","Rice, milled","2019","2019","t","16253.18","A","Official value"
"TM","Detailed trade matrix","704","Viet Nam","024","Angola","5910","Export quantity","23161.02","Rice, milled","2020","2020","t","3578.65","I","Value imputed by a receiving agency"
"TM","Detailed trade matrix","704","Viet Nam","024","Angola","5910","Export quantity","23161.02","Rice, milled","2021","2021","t","1824.77","A","Official value"
"TM","Detailed trade matrix","704","Viet Nam","024","Angola","5910","Export quantity","23161.02","Rice, milled","2022","2022","t","1570.56","A","Official value"
"TM","Detailed trade matrix","704","Viet Nam","024","Angola","5910","Export quantity","23161.02","Rice, milled","2023","2023","t","1676.2","A","Official value"
"TM","Detailed trade matrix","704","Viet Nam","024","Angola","5922","Export value","23161.02","Rice, milled","2012","2012","1000 USD","54095","A","Official value"
"TM","Detailed trade matrix","704","Viet Nam","024","Angola","5922","Export value","23161.02","Rice, milled","2013","2013","1000 USD","47783","A","Official value"
"TM","Detailed trade matrix","704","Viet Nam","024","Angola","5922","Export value","23161.02","Rice, milled","2014","2014","1000 USD","7130","A","Official value"
"TM","Detailed trade matrix","704","Viet Nam","024","Angola","5922","Export value","23161.02","Rice, milled","2015","2015","1000 USD","6378","A","Official value"
"TM","Detailed trade matrix","704","Viet Nam","024","Angola","5922","Export value","23161.02","Rice, milled","2016","2016","1000 USD","14757","A","Official value"
"TM","Detailed trade matrix","704","Viet Nam","024","Angola","5922","Export value","23161.02","Rice, milled","2017","2017","1000 USD","6097","A","Official value"
"TM","Detailed trade matrix","704","Viet Nam","024","Angola","5922","Export value","23161.02","Rice, milled","2018","2018","1000 USD","2582","A","Official value"
"TM","Detailed trade matrix","704","Viet Nam","024","Angola","5922","Export value","23161.02","Rice, milled","2019","2019","1000 USD","6071","A","Official value"
"TM","Detailed trade matrix","704","Viet Nam","024","Angola","5922","Export value","23161.02","Rice, milled","2020","2020","1000 USD","1696","A","Official value"
"TM","Detailed trade matrix","704","Viet Nam","024","Angola","5922","Export value","23161.02","Rice, milled","2021","2021","1000 USD","918","A","Official value"
"TM","Detailed trade matrix","704","Viet Nam","024","Angola","5922","Export value","23161.02","Rice, milled","2022","2022","1000 USD","862","A","Official value"
"TM","Detailed trade matrix","704","Viet Nam","024","Angola","5922","Export value","23161.02","Rice, milled","2023","2023","1000 USD","1002","A","Official value"
"TM","Detailed trade matrix","704","Viet Nam","032","Argentina","5910","Export quantity","23161.02","Rice, milled","2015","2015","t","171","A","Official value"
"TM","Detailed trade matrix","704","Viet Nam","032","Argentina","5910","Export quantity","23161.02","Rice, milled","2016","2016","t","46.8","A","Official value"
"TM","Detailed trade matrix","704","Viet Nam","032","Argentina","5910","Export quantity","23161.02","Rice, milled","2017","2017","t","5","A","Official value"
"TM","Detailed trade matrix","704","Viet Nam","032","Argentina","5910","Export quantity","23161.02","Rice, milled","2018","2018","t","98.97","A","Official value"
"TM","Detailed trade matrix","704","Viet Nam","032","Argentina","5910","Export quantity","23161.02","Rice, milled","2019","2019","t","127.76","A","Official value"
"TM","Detailed trade matrix","704","Viet Nam","032","Argentina","5910","Export quantity","23161.02","Rice, milled","2020","2020","t","70.63","I","Value imputed by a receiving agency"
"TM","Detailed trade matrix","704","Viet Nam","032","Argentina","5910","Export quantity","23161.02","Rice, milled","2021","2021","t","303.5","A","Official value"
"TM","Detailed trade matrix","704","Viet Nam","032","Argentina","5922","Export value","23161.02","Rice, milled","2015","2015","1000 USD","85","A","Official value"
"TM","Detailed trade matrix","704","Viet Nam","032","Argentina","5922","Export value","23161.02","Rice, milled","2016","2016","1000 USD","29","A","Official value"
"TM","Detailed trade matrix","704","Viet Nam","032","Argentina","5922","Export value","23161.02","Rice, milled","2017","2017","1000 USD","4","A","Official value"
"TM","Detailed trade matrix","704","Viet Nam","032","Argentina","5922","Export value","23161.02","Rice, milled","2018","2018","1000 USD","49","A","Official value"
"TM","Detailed trade matrix","704","Viet Nam","032","Argentina","5922","Export value","23161.02","Rice, milled","2019","2019","1000 USD","78","A","Official value"
"TM","Detailed trade matrix","704","Viet Nam","032","Argentina","5922","Export value","23161.02","Rice, milled","2020","2020","1000 USD","38","A","Official value"
"TM","Detailed trade matrix","704","Viet Nam","032","Argentina","5922","Export value","23161.02","Rice, milled","2021","2021","1000 USD","238","A","Official value"
"TM","Detailed trade matrix","704","Viet Nam","051","Armenia","5910","Export quantity","23161.02","Rice, milled","2012","2012","t","275","A","Official value"
"TM","Detailed trade matrix","704","Viet Nam","051","Armenia","5910","Export quantity","23161.02","Rice, milled","2014","2014","t","50","A","Official value"
"TM","Detailed trade matrix","704","Viet Nam","051","Armenia","5922","Export value","23161.02","Rice, milled","2012","2012","1000 USD","137","A","Official value"
"TM","Detailed trade matrix","704","Viet Nam","051","Armenia","5922","Export value","23161.02","Rice, milled","2014","2014","1000 USD","41","A","Official value"
"TM","Detailed trade matrix","704","Viet Nam","036","Australia","5610","Import quantity","23161.02","Rice, milled","2022","2022","t","1.88","A","Official value"
"TM","Detailed trade matrix","704","Viet Nam","036","Australia","5622","Import value","23161.02","Rice, milled","2022","2022","1000 USD","1","A","Official value"
"TM","Detailed trade matrix","704","Viet Nam","036","Australia","5910","Export quantity","23161.02","Rice, milled","2012","2012","t","5597","A","Official value"
"TM","Detailed trade matrix","704","Viet Nam","036","Australia","5910","Export quantity","23161.02","Rice, milled","2013","2013","t","6672","A","Official value"
"TM","Detailed trade matrix","704","Viet Nam","036","Australia","5910","Export quantity","23161.02","Rice, milled","2014","2014","t","7385.98","A","Official value"
"TM","Detailed trade matrix","704","Viet Nam","036","Australia","5910","Export quantity","23161.02","Rice, milled","2015","2015","t","7720.04","A","Official value"
"TM","Detailed trade matrix","704","Viet Nam","036","Australia","5910","Export quantity","23161.02","Rice, milled","2016","2016","t","9282.1","A","Official value"
"TM","Detailed trade matrix","704","Viet Nam","036","Australia","5910","Export quantity","23161.02","Rice, milled","2017","2017","t","8266.4","A","Official value"
"TM","Detailed trade matrix","704","Viet Nam","036","Australia","5910","Export quantity","23161.02","Rice, milled","2018","2018","t","14302.26","A","Official value"
"TM","Detailed trade matrix","704","Viet Nam","036","Australia","5910","Export quantity","23161.02","Rice, milled","2019","2019","t","17120.66","I","Value imputed by a receiving agency"
"TM","Detailed trade matrix","704","Viet Nam","036","Australia","5910","Export quantity","23161.02","Rice, milled","2020","2020","t","28513.23","I","Value imputed by a receiving agency"
"TM","Detailed trade matrix","704","Viet Nam","036","Australia","5910","Export quantity","23161.02","Rice, milled","2021","2021","t","37134.53","A","Official value"
"TM","Detailed trade matrix","704","Viet Nam","036","Australia","5910","Export quantity","23161.02","Rice, milled","2022","2022","t","37455.75","A","Official value"
"TM","Detailed trade matrix","704","Viet Nam","036","Australia","5910","Export quantity","23161.02","Rice, milled","2023","2023","t","44791.78","A","Official value"
"TM","Detailed trade matrix","704","Viet Nam","036","Australia","5922","Export value","23161.02","Rice, milled","2012","2012","1000 USD","4073","A","Official value"
"TM","Detailed trade matrix","704","Viet Nam","036","Australia","5922","Export value","23161.02","Rice, milled","2013","2013","1000 USD","4549","A","Official value"
"TM","Detailed trade matrix","704","Viet Nam","036","Australia","5922","Export value","23161.02","Rice, milled","2014","2014","1000 USD","5088","A","Official value"
"TM","Detailed trade matrix","704","Viet Nam","036","Australia","5922","Export value","23161.02","Rice, milled","2015","2015","1000 USD","4978","A","Official value"
"TM","Detailed trade matrix","704","Viet Nam","036","Australia","5922","Export value","23161.02","Rice, milled","2016","2016","1000 USD","5708","A","Official value"
"TM","Detailed trade matrix","704","Viet Nam","036","Australia","5922","Export value","23161.02","Rice, milled","2017","2017","1000 USD","5200","A","Official value"
"TM","Detailed trade matrix","704","Viet Nam","036","Australia","5922","Export value","23161.02","Rice, milled","2018","2018","1000 USD","7152","A","Official value"
"TM","Detailed trade matrix","704","Viet Nam","036","Australia","5922","Export value","23161.02","Rice, milled","2019","2019","1000 USD","10833","A","Official value"
"TM","Detailed trade matrix","704","Viet Nam","036","Australia","5922","Export value","23161.02","Rice, milled","2020","2020","1000 USD","18094","A","Official value"
"TM","Detailed trade matrix","704","Viet Nam","036","Australia","5922","Export value","23161.02","Rice, milled","2021","2021","1000 USD","24246","A","Official value"
"TM","Detailed trade matrix","704","Viet Nam","036","Australia","5922","Export value","23161.02","Rice, milled","2022","2022","1000 USD","25212","A","Official value"
"TM","Detailed trade matrix","704","Viet Nam","036","Australia","5922","Export value","23161.02","Rice, milled","2023","2023","1000 USD","30020","A","Official value"
"TM","Detailed trade matrix","704","Viet Nam","040","Austria","5910","Export quantity","23161.02","Rice, milled","2012","2012","t","48","A","Official value"
"TM","Detailed trade matrix","704","Viet Nam","040","Austria","5910","Export quantity","23161.02","Rice, milled","2019","2019","t","16.65","A","Official value"
"TM","Detailed trade matrix","704","Viet Nam","040","Austria","5910","Export quantity","23161.02","Rice, milled","2020","2020","t","202.42","A","Official value"
"TM","Detailed trade matrix","704","Viet Nam","040","Austria","5910","Export quantity","23161.02","Rice, milled","2021","2021","t","274.7","A","Official value"
"TM","Detailed trade matrix","704","Viet Nam","040","Austria","5910","Export quantity","23161.02","Rice, milled","2022","2022","t","193.19","A","Official value"
"TM","Detailed trade matrix","704","Viet Nam","040","Austria","5910","Export quantity","23161.02","Rice, milled","2023","2023","t","132.97","A","Official value"
"TM","Detailed trade matrix","704","Viet Nam","040","Austria","5922","Export value","23161.02","Rice, milled","2012","2012","1000 USD","34","A","Official value"
"TM","Detailed trade matrix","704","Viet Nam","040","Austria","5922","Export value","23161.02","Rice, milled","2019","2019","1000 USD","13","A","Official value"
"TM","Detailed trade matrix","704","Viet Nam","040","Austria","5922","Export value","23161.02","Rice, milled","2020","2020","1000 USD","107","A","Official value"
"TM","Detailed trade matrix","704","Viet Nam","040","Austria","5922","Export value","23161.02","Rice, milled","2021","2021","1000 USD","183","A","Official value"
"TM","Detailed trade matrix","704","Viet Nam","040","Austria","5922","Export value","23161.02","Rice, milled","2022","2022","1000 USD","137","A","Official value"
"TM","Detailed trade matrix","704","Viet Nam","040","Austria","5922","Export value","23161.02","Rice, milled","2023","2023","1000 USD","84","A","Official value"
"TM","Detailed trade matrix","704","Viet Nam","044","Bahamas","5910","Export quantity","23161.02","Rice, milled","2012","2012","t","25","A","Official value"
"TM","Detailed trade matrix","704","Viet Nam","044","Bahamas","5922","Export value","23161.02","Rice, milled","2012","2012","1000 USD","11","A","Official value"
"TM","Detailed trade matrix","704","Viet Nam","048","Bahrain","5910","Export quantity","23161.02","Rice, milled","2012","2012","t","332","A","Official value"
"TM","Detailed trade matrix","704","Viet Nam","048","Bahrain","5910","Export quantity","23161.02","Rice, milled","2013","2013","t","627","A","Official value"
"TM","Detailed trade matrix","704","Viet Nam","048","Bahrain","5910","Export quantity","23161.02","Rice, milled","2014","2014","t","1038.78","A","Official value"
"TM","Detailed trade matrix","704","Viet Nam","048","Bahrain","5910","Export quantity","23161.02","Rice, milled","2015","2015","t","1115.2","A","Official value"
"TM","Detailed trade matrix","704","Viet Nam","048","Bahrain","5910","Export quantity","23161.02","Rice, milled","2016","2016","t","1289.85","A","Official value"
"TM","Detailed trade matrix","704","Viet Nam","048","Bahrain","5910","Export quantity","23161.02","Rice, milled","2017","2017","t","1442.1","A","Official value"
"TM","Detailed trade matrix","704","Viet Nam","048","Bahrain","5922","Export value","23161.02","Rice, milled","2012","2012","1000 USD","233","A","Official value"
"TM","Detailed trade matrix","704","Viet Nam","048","Bahrain","5922","Export value","23161.02","Rice, milled","2013","2013","1000 USD","411","A","Official value"
"TM","Detailed trade matrix","704","Viet Nam","048","Bahrain","5922","Export value","23161.02","Rice, milled","2014","2014","1000 USD","661","A","Official value"
"TM","Detailed trade matrix","704","Viet Nam","048","Bahrain","5922","Export value","23161.02","Rice, milled","2015","2015","1000 USD","660","A","Official value"
"TM","Detailed trade matrix","704","Viet Nam","048","Bahrain","5922","Export value","23161.02","Rice, milled","2016","2016","1000 USD","722","A","Official value"
"TM","Detailed trade matrix","704","Viet Nam","048","Bahrain","5922","Export value","23161.02","Rice, milled","2017","2017","1000 USD","811","A","Official value"
"TM","Detailed trade matrix","704","Viet Nam","050","Bangladesh","5910","Export quantity","23161.02","Rice, milled","2016","2016","t","22","A","Official value"
"TM","Detailed trade matrix","704","Viet Nam","050","Bangladesh","5910","Export quantity","23161.02","Rice, milled","2017","2017","t","245480","A","Official value"
"TM","Detailed trade matrix","704","Viet Nam","050","Bangladesh","5910","Export quantity","23161.02","Rice, milled","2018","2018","t","18916.36","A","Official value"
"TM","Detailed trade matrix","704","Viet Nam","050","Bangladesh","5910","Export quantity","23161.02","Rice, milled","2019","2019","t","5261","A","Official value"
"TM","Detailed trade matrix","704","Viet Nam","050","Bangladesh","5910","Export quantity","23161.02","Rice, milled","2020","2020","t","625.93","I","Value imputed by a receiving agency"
"TM","Detailed trade matrix","704","Viet Nam","050","Bangladesh","5910","Export quantity","23161.02","Rice, milled","2021","2021","t","53287.4","A","Official value"
"TM","Detailed trade matrix","704","Viet Nam","050","Bangladesh","5910","Export quantity","23161.02","Rice, milled","2022","2022","t","31384.83","A","Official value"
"TM","Detailed trade matrix","704","Viet Nam","050","Bangladesh","5910","Export quantity","23161.02","Rice, milled","2023","2023","t","772.58","I","Value imputed by a receiving agency"
"TM","Detailed trade matrix","704","Viet Nam","050","Bangladesh","5922","Export value","23161.02","Rice, milled","2016","2016","1000 USD","12","A","Official value"
"TM","Detailed trade matrix","704","Viet Nam","050","Bangladesh","5922","Export value","23161.02","Rice, milled","2017","2017","1000 USD","102999","A","Official value"
"TM","Detailed trade matrix","704","Viet Nam","050","Bangladesh","5922","Export value","23161.02","Rice, milled","2018","2018","1000 USD","9459","A","Official value"
"TM","Detailed trade matrix","704","Viet Nam","050","Bangladesh","5922","Export value","23161.02","Rice, milled","2019","2019","1000 USD","1948","A","Official value"
"TM","Detailed trade matrix","704","Viet Nam","050","Bangladesh","5922","Export value","23161.02","Rice, milled","2020","2020","1000 USD","341","A","Official value"
"TM","Detailed trade matrix","704","Viet Nam","050","Bangladesh","5922","Export value","23161.02","Rice, milled","2021","2021","1000 USD","32207","A","Official value"
"TM","Detailed trade matrix","704","Viet Nam","050","Bangladesh","5922","Export value","23161.02","Rice, milled","2022","2022","1000 USD","15716","A","Official value"
"TM","Detailed trade matrix","704","Viet Nam","050","Bangladesh","5922","Export value","23161.02","Rice, milled","2023","2023","1000 USD","570","A","Official value"
"TM","Detailed trade matrix","704","Viet Nam","112","Belarus","5910","Export quantity","23161.02","Rice, milled","2012","2012","t","600","A","Official value"
"TM","Detailed trade matrix","704","Viet Nam","112","Belarus","5910","Export quantity","23161.02","Rice, milled","2013","2013","t","5227","A","Official value"
"TM","Detailed trade matrix","704","Viet Nam","112","Belarus","5910","Export quantity","23161.02","Rice, milled","2014","2014","t","3970.1","A","Official value"
"TM","Detailed trade matrix","704","Viet Nam","112","Belarus","5910","Export quantity","23161.02","Rice, milled","2016","2016","t","26","A","Official value"
"TM","Detailed trade matrix","704","Viet Nam","112","Belarus","5910","Export quantity","23161.02","Rice, milled","2017","2017","t","94.8","A","Official value"
"TM","Detailed trade matrix","704","Viet Nam","112","Belarus","5910","Export quantity","23161.02","Rice, milled","2019","2019","t","24","A","Official value"
"TM","Detailed trade matrix","704","Viet Nam","112","Belarus","5910","Export quantity","23161.02","Rice, milled","2020","2020","t","24","A","Official value"
"TM","Detailed trade matrix","704","Viet Nam","112","Belarus","5910","Export quantity","23161.02","Rice, milled","2021","2021","t","248.75","A","Official value"
"TM","Detailed trade matrix","704","Viet Nam","112","Belarus","5910","Export quantity","23161.02","Rice, milled","2023","2023","t","52","A","Official value"
"TM","Detailed trade matrix","704","Viet Nam","112","Belarus","5922","Export value","23161.02","Rice, milled","2012","2012","1000 USD","282","A","Official value"
"TM","Detailed trade matrix","704","Viet Nam","112","Belarus","5922","Export value","23161.02","Rice, milled","2013","2013","1000 USD","2197","A","Official value"
"TM","Detailed trade matrix","704","Viet Nam","112","Belarus","5922","Export value","23161.02","Rice, milled","2014","2014","1000 USD","1676","A","Official value"
"TM","Detailed trade matrix","704","Viet Nam","112","Belarus","5922","Export value","23161.02","Rice, milled","2016","2016","1000 USD","12","A","Official value"
"TM","Detailed trade matrix","704","Viet Nam","112","Belarus","5922","Export value","23161.02","Rice, milled","2017","2017","1000 USD","39","A","Official value"
"TM","Detailed trade matrix","704","Viet Nam","112","Belarus","5922","Export value","23161.02","Rice, milled","2019","2019","1000 USD","13","A","Official value"
"TM","Detailed trade matrix","704","Viet Nam","112","Belarus","5922","Export value","23161.02","Rice, milled","2020","2020","1000 USD","13","A","Official value"
"TM","Detailed trade matrix","704","Viet Nam","112","Belarus","5922","Export value","23161.02","Rice, milled","2021","2021","1000 USD","96","A","Official value"
"TM","Detailed trade matrix","704","Viet Nam","112","Belarus","5922","Export value","23161.02","Rice, milled","2023","2023","1000 USD","29","A","Official value"
"TM","Detailed trade matrix","704","Viet Nam","056","Belgium","5910","Export quantity","23161.02","Rice, milled","2012","2012","t","6885","A","Official value"
"TM","Detailed trade matrix","704","Viet Nam","056","Belgium","5910","Export quantity","23161.02","Rice, milled","2013","2013","t","12640","A","Official value"
"TM","Detailed trade matrix","704","Viet Nam","056","Belgium","5910","Export quantity","23161.02","Rice, milled","2014","2014","t","5454.06","A","Official value"
"TM","Detailed trade matrix","704","Viet Nam","056","Belgium","5910","Export quantity","23161.02","Rice, milled","2015","2015","t","6309.5","A","Official value"
"TM","Detailed trade matrix","704","Viet Nam","056","Belgium","5910","Export quantity","23161.02","Rice, milled","2016","2016","t","616.51","A","Official value"
"TM","Detailed trade matrix","704","Viet Nam","056","Belgium","5910","Export quantity","23161.02","Rice, milled","2017","2017","t","2505","A","Official value"
"TM","Detailed trade matrix","704","Viet Nam","056","Belgium","5910","Export quantity","23161.02","Rice, milled","2018","2018","t","161","A","Official value"
"TM","Detailed trade matrix","704","Viet Nam","056","Belgium","5910","Export quantity","23161.02","Rice, milled","2019","2019","t","578.04","A","Official value"
"TM","Detailed trade matrix","704","Viet Nam","056","Belgium","5910","Export quantity","23161.02","Rice, milled","2020","2020","t","551.88","A","Official value"
"TM","Detailed trade matrix","704","Viet Nam","056","Belgium","5910","Export quantity","23161.02","Rice, milled","2021","2021","t","3202.68","A","Official value"
"TM","Detailed trade matrix","704","Viet Nam","056","Belgium","5910","Export quantity","23161.02","Rice, milled","2022","2022","t","4559.54","A","Official value"
"TM","Detailed trade matrix","704","Viet Nam","056","Belgium","5910","Export quantity","23161.02","Rice, milled","2023","2023","t","6268.44","I","Value imputed by a receiving agency"
"TM","Detailed trade matrix","704","Viet Nam","056","Belgium","5922","Export value","23161.02","Rice, milled","2012","2012","1000 USD","2592","A","Official value"
"TM","Detailed trade matrix","704","Viet Nam","056","Belgium","5922","Export value","23161.02","Rice, milled","2013","2013","1000 USD","4549","A","Official value"
"TM","Detailed trade matrix","704","Viet Nam","056","Belgium","5922","Export value","23161.02","Rice, milled","2014","2014","1000 USD","2902","A","Official value"
"TM","Detailed trade matrix","704","Viet Nam","056","Belgium","5922","Export value","23161.02","Rice, milled","2015","2015","1000 USD","2742","A","Official value"
"TM","Detailed trade matrix","704","Viet Nam","056","Belgium","5922","Export value","23161.02","Rice, milled","2016","2016","1000 USD","284","A","Official value"
"TM","Detailed trade matrix","704","Viet Nam","056","Belgium","5922","Export value","23161.02","Rice, milled","2017","2017","1000 USD","1027","A","Official value"
"TM","Detailed trade matrix","704","Viet Nam","056","Belgium","5922","Export value","23161.02","Rice, milled","2018","2018","1000 USD","81","A","Official value"
"TM","Detailed trade matrix","704","Viet Nam","056","Belgium","5922","Export value","23161.02","Rice, milled","2019","2019","1000 USD","396","A","Official value"
"TM","Detailed trade matrix","704","Viet Nam","056","Belgium","5922","Export value","23161.02","Rice, milled","2020","2020","1000 USD","268","A","Official value"
"TM","Detailed trade matrix","704","Viet Nam","056","Belgium","5922","Export value","23161.02","Rice, milled","2021","2021","1000 USD","2045","A","Official value"
"TM","Detailed trade matrix","704","Viet Nam","056","Belgium","5922","Export value","23161.02","Rice, milled","2022","2022","1000 USD","2427","A","Official value"
"TM","Detailed trade matrix","704","Viet Nam","056","Belgium","5922","Export value","23161.02","Rice, milled","2023","2023","1000 USD","3216","A","Official value"
"TM","Detailed trade matrix","704","Viet Nam","204","Benin","5910","Export quantity","23161.02","Rice, milled","2012","2012","t","5940","A","Official value"
"TM","Detailed trade matrix","704","Viet Nam","204","Benin","5910","Export quantity","23161.02","Rice, milled","2013","2013","t","32300","A","Official value"
"TM","Detailed trade matrix","704","Viet Nam","204","Benin","5910","Export quantity","23161.02","Rice, milled","2014","2014","t","25222.18","A","Official value"
"TM","Detailed trade matrix","704","Viet Nam","204","Benin","5910","Export quantity","23161.02","Rice, milled","2015","2015","t","7961","A","Official value"
"TM","Detailed trade matrix","704","Viet Nam","204","Benin","5910","Export quantity","23161.02","Rice, milled","2016","2016","t","4589.45","A","Official value"
"TM","Detailed trade matrix","704","Viet Nam","204","Benin","5910","Export quantity","23161.02","Rice, milled","2017","2017","t","3478","A","Official value"
"TM","Detailed trade matrix","704","Viet Nam","204","Benin","5922","Export value","23161.02","Rice, milled","2012","2012","1000 USD","2919","A","Official value"
"TM","Detailed trade matrix","704","Viet Nam","204","Benin","5922","Export value","23161.02","Rice, milled","2013","2013","1000 USD","15420","A","Official value"
"TM","Detailed trade matrix","704","Viet Nam","204","Benin","5922","Export value","23161.02","Rice, milled","2014","2014","1000 USD","12716","A","Official value"
"TM","Detailed trade matrix","704","Viet Nam","204","Benin","5922","Export value","23161.02","Rice, milled","2015","2015","1000 USD","3452","A","Official value"
"TM","Detailed trade matrix","704","Viet Nam","204","Benin","5922","Export value","23161.02","Rice, milled","2016","2016","1000 USD","2137","A","Official value"
"TM","Detailed trade matrix","704","Viet Nam","204","Benin","5922","Export value","23161.02","Rice, milled","2017","2017","1000 USD","1621","A","Official value"
"TM","Detailed trade matrix","704","Viet Nam","068","Bolivia (Plurinational State of)","5910","Export quantity","23161.02","Rice, milled","2016","2016","t","18.31","A","Official value"
"TM","Detailed trade matrix","704","Viet Nam","068","Bolivia (Plurinational State of)","5922","Export value","23161.02","Rice, milled","2016","2016","1000 USD","13","A","Official value"
"TM","Detailed trade matrix","704","Viet Nam","076","Brazil","5910","Export quantity","23161.02","Rice, milled","2012","2012","t","20200","A","Official value"
"TM","Detailed trade matrix","704","Viet Nam","076","Brazil","5910","Export quantity","23161.02","Rice, milled","2014","2014","t","293.64","A","Official value"
"TM","Detailed trade matrix","704","Viet Nam","076","Brazil","5910","Export quantity","23161.02","Rice, milled","2015","2015","t","870.72","A","Official value"
"TM","Detailed trade matrix","704","Viet Nam","076","Brazil","5910","Export quantity","23161.02","Rice, milled","2016","2016","t","1466.06","A","Official value"
"TM","Detailed trade matrix","704","Viet Nam","076","Brazil","5910","Export quantity","23161.02","Rice, milled","2017","2017","t","502.4","A","Official value"
"TM","Detailed trade matrix","704","Viet Nam","076","Brazil","5910","Export quantity","23161.02","Rice, milled","2018","2018","t","501.98","A","Official value"
"TM","Detailed trade matrix","704","Viet Nam","076","Brazil","5910","Export quantity","23161.02","Rice, milled","2019","2019","t","548.98","A","Official value"
"TM","Detailed trade matrix","704","Viet Nam","076","Brazil","5910","Export quantity","23161.02","Rice, milled","2020","2020","t","4032.71","A","Official value"
"TM","Detailed trade matrix","704","Viet Nam","076","Brazil","5910","Export quantity","23161.02","Rice, milled","2021","2021","t","147.15","A","Official value"
"TM","Detailed trade matrix","704","Viet Nam","076","Brazil","5910","Export quantity","23161.02","Rice, milled","2022","2022","t","146.57","A","Official value"
"TM","Detailed trade matrix","704","Viet Nam","076","Brazil","5910","Export quantity","23161.02","Rice, milled","2023","2023","t","3235.6","A","Official value"
"TM","Detailed trade matrix","704","Viet Nam","076","Brazil","5922","Export value","23161.02","Rice, milled","2012","2012","1000 USD","8819","A","Official value"
"TM","Detailed trade matrix","704","Viet Nam","076","Brazil","5922","Export value","23161.02","Rice, milled","2014","2014","1000 USD","245","A","Official value"
"TM","Detailed trade matrix","704","Viet Nam","076","Brazil","5922","Export value","23161.02","Rice, milled","2015","2015","1000 USD","549","A","Official value"
"TM","Detailed trade matrix","704","Viet Nam","076","Brazil","5922","Export value","23161.02","Rice, milled","2016","2016","1000 USD","835","A","Official value"
"TM","Detailed trade matrix","704","Viet Nam","076","Brazil","5922","Export value","23161.02","Rice, milled","2017","2017","1000 USD","316","A","Official value"
"TM","Detailed trade matrix","704","Viet Nam","076","Brazil","5922","Export value","23161.02","Rice, milled","2018","2018","1000 USD","251","A","Official value"
"TM","Detailed trade matrix","704","Viet Nam","076","Brazil","5922","Export value","23161.02","Rice, milled","2019","2019","1000 USD","331","A","Official value"
"TM","Detailed trade matrix","704","Viet Nam","076","Brazil","5922","Export value","23161.02","Rice, milled","2020","2020","1000 USD","1939","A","Official value"
"TM","Detailed trade matrix","704","Viet Nam","076","Brazil","5922","Export value","23161.02","Rice, milled","2021","2021","1000 USD","98","A","Official value"
"TM","Detailed trade matrix","704","Viet Nam","076","Brazil","5922","Export value","23161.02","Rice, milled","2022","2022","1000 USD","124","A","Official value"
"TM","Detailed trade matrix","704","Viet Nam","076","Brazil","5922","Export value","23161.02","Rice, milled","2023","2023","1000 USD","2181","A","Official value"
"TM","Detailed trade matrix","704","Viet Nam","096","Brunei Darussalam","5910","Export quantity","23161.02","Rice, milled","2012","2012","t","14350","A","Official value"
"TM","Detailed trade matrix","704","Viet Nam","096","Brunei Darussalam","5910","Export quantity","23161.02","Rice, milled","2013","2013","t","12336","A","Official value"
"TM","Detailed trade matrix","704","Viet Nam","096","Brunei Darussalam","5910","Export quantity","23161.02","Rice, milled","2014","2014","t","12617.99","A","Official value"
"TM","Detailed trade matrix","704","Viet Nam","096","Brunei Darussalam","5910","Export quantity","23161.02","Rice, milled","2015","2015","t","12730.59","A","Official value"
"TM","Detailed trade matrix","704","Viet Nam","096","Brunei Darussalam","5910","Export quantity","23161.02","Rice, milled","2016","2016","t","28499.8","A","Official value"
"TM","Detailed trade matrix","704","Viet Nam","096","Brunei Darussalam","5910","Export quantity","23161.02","Rice, milled","2017","2017","t","16315.6","A","Official value"
"TM","Detailed trade matrix","704","Viet Nam","096","Brunei Darussalam","5910","Export quantity","23161.02","Rice, milled","2018","2018","t","4946.21","A","Official value"
"TM","Detailed trade matrix","704","Viet Nam","096","Brunei Darussalam","5910","Export quantity","23161.02","Rice, milled","2019","2019","t","7490.8","A","Official value"
"TM","Detailed trade matrix","704","Viet Nam","096","Brunei Darussalam","5910","Export quantity","23161.02","Rice, milled","2020","2020","t","20.88","A","Official value"
"TM","Detailed trade matrix","704","Viet Nam","096","Brunei Darussalam","5910","Export quantity","23161.02","Rice, milled","2022","2022","t","550","A","Official value"
"TM","Detailed trade matrix","704","Viet Nam","096","Brunei Darussalam","5910","Export quantity","23161.02","Rice, milled","2023","2023","t","303.92","A","Official value"
"TM","Detailed trade matrix","704","Viet Nam","096","Brunei Darussalam","5922","Export value","23161.02","Rice, milled","2012","2012","1000 USD","8522","A","Official value"
"TM","Detailed trade matrix","704","Viet Nam","096","Brunei Darussalam","5922","Export value","23161.02","Rice, milled","2013","2013","1000 USD","6796","A","Official value"
"TM","Detailed trade matrix","704","Viet Nam","096","Brunei Darussalam","5922","Export value","23161.02","Rice, milled","2014","2014","1000 USD","7208","A","Official value"
"TM","Detailed trade matrix","704","Viet Nam","096","Brunei Darussalam","5922","Export value","23161.02","Rice, milled","2015","2015","1000 USD","6514","A","Official value"
"TM","Detailed trade matrix","704","Viet Nam","096","Brunei Darussalam","5922","Export value","23161.02","Rice, milled","2016","2016","1000 USD","12447","A","Official value"
"TM","Detailed trade matrix","704","Viet Nam","096","Brunei Darussalam","5922","Export value","23161.02","Rice, milled","2017","2017","1000 USD","6636","A","Official value"
"TM","Detailed trade matrix","704","Viet Nam","096","Brunei Darussalam","5922","Export value","23161.02","Rice, milled","2018","2018","1000 USD","2473","A","Official value"
"TM","Detailed trade matrix","704","Viet Nam","096","Brunei Darussalam","5922","Export value","23161.02","Rice, milled","2019","2019","1000 USD","3131","A","Official value"
"TM","Detailed trade matrix","704","Viet Nam","096","Brunei Darussalam","5922","Export value","23161.02","Rice, milled","2020","2020","1000 USD","17","A","Official value"
"TM","Detailed trade matrix","704","Viet Nam","096","Brunei Darussalam","5922","Export value","23161.02","Rice, milled","2022","2022","1000 USD","253","A","Official value"
"TM","Detailed trade matrix","704","Viet Nam","096","Brunei Darussalam","5922","Export value","23161.02","Rice, milled","2023","2023","1000 USD","172","A","Official value"
"TM","Detailed trade matrix","704","Viet Nam","100","Bulgaria","5910","Export quantity","23161.02","Rice, milled","2012","2012","t","75","A","Official value"
"TM","Detailed trade matrix","704","Viet Nam","100","Bulgaria","5910","Export quantity","23161.02","Rice, milled","2013","2013","t","1264","A","Official value"
"TM","Detailed trade matrix","704","Viet Nam","100","Bulgaria","5910","Export quantity","23161.02","Rice, milled","2014","2014","t","305","A","Official value"
"TM","Detailed trade matrix","704","Viet Nam","100","Bulgaria","5910","Export quantity","23161.02","Rice, milled","2015","2015","t","520","A","Official value"
"TM","Detailed trade matrix","704","Viet Nam","100","Bulgaria","5910","Export quantity","23161.02","Rice, milled","2016","2016","t","120.8","A","Official value"
"TM","Detailed trade matrix","704","Viet Nam","100","Bulgaria","5910","Export quantity","23161.02","Rice, milled","2017","2017","t","50","A","Official value"
"TM","Detailed trade matrix","704","Viet Nam","100","Bulgaria","5910","Export quantity","23161.02","Rice, milled","2018","2018","t","176.39","A","Official value"
"TM","Detailed trade matrix","704","Viet Nam","100","Bulgaria","5910","Export quantity","23161.02","Rice, milled","2019","2019","t","297","A","Official value"
"TM","Detailed trade matrix","704","Viet Nam","100","Bulgaria","5910","Export quantity","23161.02","Rice, milled","2020","2020","t","100.4","A","Official value"
"TM","Detailed trade matrix","704","Viet Nam","100","Bulgaria","5910","Export quantity","23161.02","Rice, milled","2021","2021","t","149.18","A","Official value"
"TM","Detailed trade matrix","704","Viet Nam","100","Bulgaria","5910","Export quantity","23161.02","Rice, milled","2022","2022","t","439","A","Official value"
"TM","Detailed trade matrix","704","Viet Nam","100","Bulgaria","5910","Export quantity","23161.02","Rice, milled","2023","2023","t","3591.4","A","Official value"
"TM","Detailed trade matrix","704","Viet Nam","100","Bulgaria","5922","Export value","23161.02","Rice, milled","2012","2012","1000 USD","49","A","Official value"
"TM","Detailed trade matrix","704","Viet Nam","100","Bulgaria","5922","Export value","23161.02","Rice, milled","2013","2013","1000 USD","564","A","Official value"
"TM","Detailed trade matrix","704","Viet Nam","100","Bulgaria","5922","Export value","23161.02","Rice, milled","2014","2014","1000 USD","173","A","Official value"
"TM","Detailed trade matrix","704","Viet Nam","100","Bulgaria","5922","Export value","23161.02","Rice, milled","2015","2015","1000 USD","202","A","Official value"
"TM","Detailed trade matrix","704","Viet Nam","100","Bulgaria","5922","Export value","23161.02","Rice, milled","2016","2016","1000 USD","60","A","Official value"
"TM","Detailed trade matrix","704","Viet Nam","100","Bulgaria","5922","Export value","23161.02","Rice, milled","2017","2017","1000 USD","38","A","Official value"
"TM","Detailed trade matrix","704","Viet Nam","100","Bulgaria","5922","Export value","23161.02","Rice, milled","2018","2018","1000 USD","88","A","Official value"
"TM","Detailed trade matrix","704","Viet Nam","100","Bulgaria","5922","Export value","23161.02","Rice, milled","2019","2019","1000 USD","152","A","Official value"
"TM","Detailed trade matrix","704","Viet Nam","100","Bulgaria","5922","Export value","23161.02","Rice, milled","2020","2020","1000 USD","60","A","Official value"
"TM","Detailed trade matrix","704","Viet Nam","100","Bulgaria","5922","Export value","23161.02","Rice, milled","2021","2021","1000 USD","93","A","Official value"
"TM","Detailed trade matrix","704","Viet Nam","100","Bulgaria","5922","Export value","23161.02","Rice, milled","2022","2022","1000 USD","282","A","Official value"
"TM","Detailed trade matrix","704","Viet Nam","100","Bulgaria","5922","Export value","23161.02","Rice, milled","2023","2023","1000 USD","2293","A","Official value"
"TM","Detailed trade matrix","704","Viet Nam","854","Burkina Faso","5910","Export quantity","23161.02","Rice, milled","2014","2014","t","50","A","Official value"
"TM","Detailed trade matrix","704","Viet Nam","854","Burkina Faso","5910","Export quantity","23161.02","Rice, milled","2016","2016","t","64.5","A","Official value"
"TM","Detailed trade matrix","704","Viet Nam","854","Burkina Faso","5922","Export value","23161.02","Rice, milled","2014","2014","1000 USD","30","A","Official value"
"TM","Detailed trade matrix","704","Viet Nam","854","Burkina Faso","5922","Export value","23161.02","Rice, milled","2016","2016","1000 USD","37","A","Official value"
"TM","Detailed trade matrix","704","Viet Nam","116","Cambodia","5610","Import quantity","23161.02","Rice, milled","2016","2016","t","1","A","Official value"
"TM","Detailed trade matrix","704","Viet Nam","116","Cambodia","5610","Import quantity","23161.02","Rice, milled","2021","2021","t","413.6","A","Official value"
"TM","Detailed trade matrix","704","Viet Nam","116","Cambodia","5610","Import quantity","23161.02","Rice, milled","2022","2022","t","50.34","A","Official value"
"TM","Detailed trade matrix","704","Viet Nam","116","Cambodia","5610","Import quantity","23161.02","Rice, milled","2023","2023","t","331.88","A","Official value"
"TM","Detailed trade matrix","704","Viet Nam","116","Cambodia","5622","Import value","23161.02","Rice, milled","2016","2016","1000 USD","1","A","Official value"
"TM","Detailed trade matrix","704","Viet Nam","116","Cambodia","5622","Import value","23161.02","Rice, milled","2021","2021","1000 USD","186","A","Official value"
"TM","Detailed trade matrix","704","Viet Nam","116","Cambodia","5622","Import value","23161.02","Rice, milled","2022","2022","1000 USD","23","A","Official value"
"TM","Detailed trade matrix","704","Viet Nam","116","Cambodia","5622","Import value","23161.02","Rice, milled","2023","2023","1000 USD","520","A","Official value"
"TM","Detailed trade matrix","704","Viet Nam","116","Cambodia","5910","Export quantity","23161.02","Rice, milled","2012","2012","t","3300","A","Official value"
"TM","Detailed trade matrix","704","Viet Nam","116","Cambodia","5910","Export quantity","23161.02","Rice, milled","2014","2014","t","13","A","Official value"
"TM","Detailed trade matrix","704","Viet Nam","116","Cambodia","5910","Export quantity","23161.02","Rice, milled","2015","2015","t","100.5","A","Official value"
"TM","Detailed trade matrix","704","Viet Nam","116","Cambodia","5910","Export quantity","23161.02","Rice, milled","2016","2016","t","110.6","A","Official value"
"TM","Detailed trade matrix","704","Viet Nam","116","Cambodia","5910","Export quantity","23161.02","Rice, milled","2017","2017","t","125","A","Official value"
"TM","Detailed trade matrix","704","Viet Nam","116","Cambodia","5910","Export quantity","23161.02","Rice, milled","2018","2018","t","333.78","A","Official value"
"TM","Detailed trade matrix","704","Viet Nam","116","Cambodia","5910","Export quantity","23161.02","Rice, milled","2019","2019","t","287.02","A","Official value"
"TM","Detailed trade matrix","704","Viet Nam","116","Cambodia","5910","Export quantity","23161.02","Rice, milled","2020","2020","t","9096.63","I","Value imputed by a receiving agency"
"TM","Detailed trade matrix","704","Viet Nam","116","Cambodia","5910","Export quantity","23161.02","Rice, milled","2021","2021","t","36243.44","A","Official value"
"TM","Detailed trade matrix","704","Viet Nam","116","Cambodia","5910","Export quantity","23161.02","Rice, milled","2022","2022","t","63669.03","A","Official value"
"TM","Detailed trade matrix","704","Viet Nam","116","Cambodia","5910","Export quantity","23161.02","Rice, milled","2023","2023","t","58474.2","I","Value imputed by a receiving agency"
"TM","Detailed trade matrix","704","Viet Nam","116","Cambodia","5922","Export value","23161.02","Rice, milled","2012","2012","1000 USD","1486","A","Official value"
"TM","Detailed trade matrix","704","Viet Nam","116","Cambodia","5922","Export value","23161.02","Rice, milled","2014","2014","1000 USD","13","A","Official value"
"TM","Detailed trade matrix","704","Viet Nam","116","Cambodia","5922","Export value","23161.02","Rice, milled","2015","2015","1000 USD","101","A","Official value"
"TM","Detailed trade matrix","704","Viet Nam","116","Cambodia","5922","Export value","23161.02","Rice, milled","2016","2016","1000 USD","114","A","Official value"
"TM","Detailed trade matrix","704","Viet Nam","116","Cambodia","5922","Export value","23161.02","Rice, milled","2017","2017","1000 USD","128","A","Official value"
"TM","Detailed trade matrix","704","Viet Nam","116","Cambodia","5922","Export value","23161.02","Rice, milled","2018","2018","1000 USD","167","A","Official value"
"TM","Detailed trade matrix","704","Viet Nam","116","Cambodia","5922","Export value","23161.02","Rice, milled","2019","2019","1000 USD","237","A","Official value"
"TM","Detailed trade matrix","704","Viet Nam","116","Cambodia","5922","Export value","23161.02","Rice, milled","2020","2020","1000 USD","4191","A","Official value"
"TM","Detailed trade matrix","704","Viet Nam","116","Cambodia","5922","Export value","23161.02","Rice, milled","2021","2021","1000 USD","17020","A","Official value"
"TM","Detailed trade matrix","704","Viet Nam","116","Cambodia","5922","Export value","23161.02","Rice, milled","2022","2022","1000 USD","31165","A","Official value"
"TM","Detailed trade matrix","704","Viet Nam","116","Cambodia","5922","Export value","23161.02","Rice, milled","2023","2023","1000 USD","36198","A","Official value"
"TM","Detailed trade matrix","704","Viet Nam","120","Cameroon","5910","Export quantity","23161.02","Rice, milled","2012","2012","t","101688","A","Official value"
"TM","Detailed trade matrix","704","Viet Nam","120","Cameroon","5910","Export quantity","23161.02","Rice, milled","2013","2013","t","154186","A","Official value"
"TM","Detailed trade matrix","704","Viet Nam","120","Cameroon","5910","Export quantity","23161.02","Rice, milled","2014","2014","t","11833.31","A","Official value"
"TM","Detailed trade matrix","704","Viet Nam","120","Cameroon","5910","Export quantity","23161.02","Rice, milled","2015","2015","t","43835","A","Official value"
"TM","Detailed trade matrix","704","Viet Nam","120","Cameroon","5910","Export quantity","23161.02","Rice, milled","2016","2016","t","1777.4","A","Official value"
"TM","Detailed trade matrix","704","Viet Nam","120","Cameroon","5910","Export quantity","23161.02","Rice, milled","2017","2017","t","14107.4","A","Official value"
"TM","Detailed trade matrix","704","Viet Nam","120","Cameroon","5910","Export quantity","23161.02","Rice, milled","2018","2018","t","3598.91","A","Official value"
"TM","Detailed trade matrix","704","Viet Nam","120","Cameroon","5910","Export quantity","23161.02","Rice, milled","2019","2019","t","36152.73","A","Official value"
"TM","Detailed trade matrix","704","Viet Nam","120","Cameroon","5910","Export quantity","23161.02","Rice, milled","2020","2020","t","5812.21","I","Value imputed by a receiving agency"
"TM","Detailed trade matrix","704","Viet Nam","120","Cameroon","5910","Export quantity","23161.02","Rice, milled","2021","2021","t","8525.43","A","Official value"
"TM","Detailed trade matrix","704","Viet Nam","120","Cameroon","5910","Export quantity","23161.02","Rice, milled","2022","2022","t","7466.37","A","Official value"
"TM","Detailed trade matrix","704","Viet Nam","120","Cameroon","5910","Export quantity","23161.02","Rice, milled","2023","2023","t","7747.98","I","Value imputed by a receiving agency"
"TM","Detailed trade matrix","704","Viet Nam","120","Cameroon","5922","Export value","23161.02","Rice, milled","2012","2012","1000 USD","43391","A","Official value"
"TM","Detailed trade matrix","704","Viet Nam","120","Cameroon","5922","Export value","23161.02","Rice, milled","2013","2013","1000 USD","59285","A","Official value"
"TM","Detailed trade matrix","704","Viet Nam","120","Cameroon","5922","Export value","23161.02","Rice, milled","2014","2014","1000 USD","4898","A","Official value"
"TM","Detailed trade matrix","704","Viet Nam","120","Cameroon","5922","Export value","23161.02","Rice, milled","2015","2015","1000 USD","16184","A","Official value"
"TM","Detailed trade matrix","704","Viet Nam","120","Cameroon","5922","Export value","23161.02","Rice, milled","2016","2016","1000 USD","1038","A","Official value"
"TM","Detailed trade matrix","704","Viet Nam","120","Cameroon","5922","Export value","23161.02","Rice, milled","2017","2017","1000 USD","5470","A","Official value"
"TM","Detailed trade matrix","704","Viet Nam","120","Cameroon","5922","Export value","23161.02","Rice, milled","2018","2018","1000 USD","1800","A","Official value"
"TM","Detailed trade matrix","704","Viet Nam","120","Cameroon","5922","Export value","23161.02","Rice, milled","2019","2019","1000 USD","13674","A","Official value"
"TM","Detailed trade matrix","704","Viet Nam","120","Cameroon","5922","Export value","23161.02","Rice, milled","2020","2020","1000 USD","2999","A","Official value"
"TM","Detailed trade matrix","704","Viet Nam","120","Cameroon","5922","Export value","23161.02","Rice, milled","2021","2021","1000 USD","5048","A","Official value"
"TM","Detailed trade matrix","704","Viet Nam","120","Cameroon","5922","Export value","23161.02","Rice, milled","2022","2022","1000 USD","3737","A","Official value"
"TM","Detailed trade matrix","704","Viet Nam","120","Cameroon","5922","Export value","23161.02","Rice, milled","2023","2023","1000 USD","4755","A","Official value"
"TM","Detailed trade matrix","704","Viet Nam","124","Canada","5910","Export quantity","23161.02","Rice, milled","2012","2012","t","2245","A","Official value"
"TM","Detailed trade matrix","704","Viet Nam","124","Canada","5910","Export quantity","23161.02","Rice, milled","2013","2013","t","5695","A","Official value"
"TM","Detailed trade matrix","704","Viet Nam","124","Canada","5910","Export quantity","23161.02","Rice, milled","2014","2014","t","6327.82","A","Official value"
"TM","Detailed trade matrix","704","Viet Nam","124","Canada","5910","Export quantity","23161.02","Rice, milled","2015","2015","t","5759.92","A","Official value"
"TM","Detailed trade matrix","704","Viet Nam","124","Canada","5910","Export quantity","23161.02","Rice, milled","2016","2016","t","7252.56","A","Official value"
"TM","Detailed trade matrix","704","Viet Nam","124","Canada","5910","Export quantity","23161.02","Rice, milled","2017","2017","t","4716.6","A","Official value"
"TM","Detailed trade matrix","704","Viet Nam","124","Canada","5910","Export quantity","23161.02","Rice, milled","2018","2018","t","11968.8","A","Official value"
"TM","Detailed trade matrix","704","Viet Nam","124","Canada","5910","Export quantity","23161.02","Rice, milled","2019","2019","t","12855.84","I","Value imputed by a receiving agency"
"TM","Detailed trade matrix","704","Viet Nam","124","Canada","5910","Export quantity","23161.02","Rice, milled","2020","2020","t","16485.45","I","Value imputed by a receiving agency"
"TM","Detailed trade matrix","704","Viet Nam","124","Canada","5910","Export quantity","23161.02","Rice, milled","2021","2021","t","8272.99","A","Official value"
"TM","Detailed trade matrix","704","Viet Nam","124","Canada","5910","Export quantity","23161.02","Rice, milled","2022","2022","t","13851.51","A","Official value"
"TM","Detailed trade matrix","704","Viet Nam","124","Canada","5910","Export quantity","23161.02","Rice, milled","2023","2023","t","22925.9","A","Official value"
"TM","Detailed trade matrix","704","Viet Nam","124","Canada","5922","Export value","23161.02","Rice, milled","2012","2012","1000 USD","1417","A","Official value"
"TM","Detailed trade matrix","704","Viet Nam","124","Canada","5922","Export value","23161.02","Rice, milled","2013","2013","1000 USD","3585","A","Official value"
"TM","Detailed trade matrix","704","Viet Nam","124","Canada","5922","Export value","23161.02","Rice, milled","2014","2014","1000 USD","4211","A","Official value"
"TM","Detailed trade matrix","704","Viet Nam","124","Canada","5922","Export value","23161.02","Rice, milled","2015","2015","1000 USD","3535","A","Official value"
"TM","Detailed trade matrix","704","Viet Nam","124","Canada","5922","Export value","23161.02","Rice, milled","2016","2016","1000 USD","4396","A","Official value"
"TM","Detailed trade matrix","704","Viet Nam","124","Canada","5922","Export value","23161.02","Rice, milled","2017","2017","1000 USD","2977","A","Official value"
"TM","Detailed trade matrix","704","Viet Nam","124","Canada","5922","Export value","23161.02","Rice, milled","2018","2018","1000 USD","5985","A","Official value"
"TM","Detailed trade matrix","704","Viet Nam","124","Canada","5922","Export value","23161.02","Rice, milled","2019","2019","1000 USD","8064","A","Official value"
"TM","Detailed trade matrix","704","Viet Nam","124","Canada","5922","Export value","23161.02","Rice, milled","2020","2020","1000 USD","10717","A","Official value"
"TM","Detailed trade matrix","704","Viet Nam","124","Canada","5922","Export value","23161.02","Rice, milled","2021","2021","1000 USD","6069","A","Official value"
"TM","Detailed trade matrix","704","Viet Nam","124","Canada","5922","Export value","23161.02","Rice, milled","2022","2022","1000 USD","9750","A","Official value"
"TM","Detailed trade matrix","704","Viet Nam","124","Canada","5922","Export value","23161.02","Rice, milled","2023","2023","1000 USD","15533","A","Official value"
"TM","Detailed trade matrix","704","Viet Nam","140","Central African Republic","5910","Export quantity","23161.02","Rice, milled","2016","2016","t","46","A","Official value"
"TM","Detailed trade matrix","704","Viet Nam","140","Central African Republic","5922","Export value","23161.02","Rice, milled","2016","2016","1000 USD","35","A","Official value"
"TM","Detailed trade matrix","704","Viet Nam","152","Chile","5910","Export quantity","23161.02","Rice, milled","2012","2012","t","17233","A","Official value"
"TM","Detailed trade matrix","704","Viet Nam","152","Chile","5910","Export quantity","23161.02","Rice, milled","2013","2013","t","27061","A","Official value"
"TM","Detailed trade matrix","704","Viet Nam","152","Chile","5910","Export quantity","23161.02","Rice, milled","2014","2014","t","13508.92","A","Official value"
"TM","Detailed trade matrix","704","Viet Nam","152","Chile","5910","Export quantity","23161.02","Rice, milled","2015","2015","t","3441.96","A","Official value"
"TM","Detailed trade matrix","704","Viet Nam","152","Chile","5910","Export quantity","23161.02","Rice, milled","2016","2016","t","5251.64","A","Official value"
"TM","Detailed trade matrix","704","Viet Nam","152","Chile","5910","Export quantity","23161.02","Rice, milled","2017","2017","t","4315.1","A","Official value"
"TM","Detailed trade matrix","704","Viet Nam","152","Chile","5910","Export quantity","23161.02","Rice, milled","2018","2018","t","777.14","A","Official value"
"TM","Detailed trade matrix","704","Viet Nam","152","Chile","5910","Export quantity","23161.02","Rice, milled","2019","2019","t","1575.84","A","Official value"
"TM","Detailed trade matrix","704","Viet Nam","152","Chile","5910","Export quantity","23161.02","Rice, milled","2020","2020","t","1755.3","I","Value imputed by a receiving agency"
"TM","Detailed trade matrix","704","Viet Nam","152","Chile","5910","Export quantity","23161.02","Rice, milled","2021","2021","t","407.48","A","Official value"
"TM","Detailed trade matrix","704","Viet Nam","152","Chile","5910","Export quantity","23161.02","Rice, milled","2022","2022","t","261.78","A","Official value"
"TM","Detailed trade matrix","704","Viet Nam","152","Chile","5910","Export quantity","23161.02","Rice, milled","2023","2023","t","7296.89","I","Value imputed by a receiving agency"
"TM","Detailed trade matrix","704","Viet Nam","152","Chile","5922","Export value","23161.02","Rice, milled","2012","2012","1000 USD","8100","A","Official value"
"TM","Detailed trade matrix","704","Viet Nam","152","Chile","5922","Export value","23161.02","Rice, milled","2013","2013","1000 USD","11090","A","Official value"
"TM","Detailed trade matrix","704","Viet Nam","152","Chile","5922","Export value","23161.02","Rice, milled","2014","2014","1000 USD","5726","A","Official value"
"TM","Detailed trade matrix","704","Viet Nam","152","Chile","5922","Export value","23161.02","Rice, milled","2015","2015","1000 USD","1400","A","Official value"
"TM","Detailed trade matrix","704","Viet Nam","152","Chile","5922","Export value","23161.02","Rice, milled","2016","2016","1000 USD","2122","A","Official value"
"TM","Detailed trade matrix","704","Viet Nam","152","Chile","5922","Export value","23161.02","Rice, milled","2017","2017","1000 USD","1749","A","Official value"
"TM","Detailed trade matrix","704","Viet Nam","152","Chile","5922","Export value","23161.02","Rice, milled","2018","2018","1000 USD","389","A","Official value"
"TM","Detailed trade matrix","704","Viet Nam","152","Chile","5922","Export value","23161.02","Rice, milled","2019","2019","1000 USD","742","A","Official value"
"TM","Detailed trade matrix","704","Viet Nam","152","Chile","5922","Export value","23161.02","Rice, milled","2020","2020","1000 USD","842","A","Official value"
"TM","Detailed trade matrix","704","Viet Nam","152","Chile","5922","Export value","23161.02","Rice, milled","2021","2021","1000 USD","301","A","Official value"
"TM","Detailed trade matrix","704","Viet Nam","152","Chile","5922","Export value","23161.02","Rice, milled","2022","2022","1000 USD","192","A","Official value"
"TM","Detailed trade matrix","704","Viet Nam","152","Chile","5922","Export value","23161.02","Rice, milled","2023","2023","1000 USD","3382","A","Official value"
"TM","Detailed trade matrix","704","Viet Nam","344","China, Hong Kong SAR","5610","Import quantity","23161.02","Rice, milled","2018","2018","t","934.75","A","Official value"
"TM","Detailed trade matrix","704","Viet Nam","344","China, Hong Kong SAR","5622","Import value","23161.02","Rice, milled","2018","2018","1000 USD","460","A","Official value"
"TM","Detailed trade matrix","704","Viet Nam","344","China, Hong Kong SAR","5910","Export quantity","23161.02","Rice, milled","2012","2012","t","212219","A","Official value"
"TM","Detailed trade matrix","704","Viet Nam","344","China, Hong Kong SAR","5910","Export quantity","23161.02","Rice, milled","2013","2013","t","183270","A","Official value"
"TM","Detailed trade matrix","704","Viet Nam","344","China, Hong Kong SAR","5910","Export quantity","23161.02","Rice, milled","2014","2014","t","161046.05","A","Official value"
"TM","Detailed trade matrix","704","Viet Nam","344","China, Hong Kong SAR","5910","Export quantity","23161.02","Rice, milled","2015","2015","t","117650.36","A","Official value"
"TM","Detailed trade matrix","704","Viet Nam","344","China, Hong Kong SAR","5910","Export quantity","23161.02","Rice, milled","2016","2016","t","97100.5","A","Official value"
"TM","Detailed trade matrix","704","Viet Nam","344","China, Hong Kong SAR","5910","Export quantity","23161.02","Rice, milled","2017","2017","t","58250","A","Official value"
"TM","Detailed trade matrix","704","Viet Nam","344","China, Hong Kong SAR","5910","Export quantity","23161.02","Rice, milled","2018","2018","t","100980.61","A","Official value"
"TM","Detailed trade matrix","704","Viet Nam","344","China, Hong Kong SAR","5910","Export quantity","23161.02","Rice, milled","2019","2019","t","120710.55","A","Official value"
"TM","Detailed trade matrix","704","Viet Nam","344","China, Hong Kong SAR","5910","Export quantity","23161.02","Rice, milled","2020","2020","t","86922.93","I","Value imputed by a receiving agency"
"TM","Detailed trade matrix","704","Viet Nam","344","China, Hong Kong SAR","5910","Export quantity","23161.02","Rice, milled","2021","2021","t","83321.13","A","Official value"
"TM","Detailed trade matrix","704","Viet Nam","344","China, Hong Kong SAR","5910","Export quantity","23161.02","Rice, milled","2022","2022","t","71814.51","A","Official value"
"TM","Detailed trade matrix","704","Viet Nam","344","China, Hong Kong SAR","5910","Export quantity","23161.02","Rice, milled","2023","2023","t","65131.08","I","Value imputed by a receiving agency"
"TM","Detailed trade matrix","704","Viet Nam","344","China, Hong Kong SAR","5922","Export value","23161.02","Rice, milled","2012","2012","1000 USD","120232","A","Official value"
"TM","Detailed trade matrix","704","Viet Nam","344","China, Hong Kong SAR","5922","Export value","23161.02","Rice, milled","2013","2013","1000 USD","105878","A","Official value"
"TM","Detailed trade matrix","704","Viet Nam","344","China, Hong Kong SAR","5922","Export value","23161.02","Rice, milled","2014","2014","1000 USD","94850","A","Official value"
"TM","Detailed trade matrix","704","Viet Nam","344","China, Hong Kong SAR","5922","Export value","23161.02","Rice, milled","2015","2015","1000 USD","61490","A","Official value"
"TM","Detailed trade matrix","704","Viet Nam","344","China, Hong Kong SAR","5922","Export value","23161.02","Rice, milled","2016","2016","1000 USD","48430","A","Official value"
"TM","Detailed trade matrix","704","Viet Nam","344","China, Hong Kong SAR","5922","Export value","23161.02","Rice, milled","2017","2017","1000 USD","30835","A","Official value"
"TM","Detailed trade matrix","704","Viet Nam","344","China, Hong Kong SAR","5922","Export value","23161.02","Rice, milled","2018","2018","1000 USD","50494","A","Official value"
"TM","Detailed trade matrix","704","Viet Nam","344","China, Hong Kong SAR","5922","Export value","23161.02","Rice, milled","2019","2019","1000 USD","63290","A","Official value"
"TM","Detailed trade matrix","704","Viet Nam","344","China, Hong Kong SAR","5922","Export value","23161.02","Rice, milled","2020","2020","1000 USD","50201","A","Official value"
"TM","Detailed trade matrix","704","Viet Nam","344","China, Hong Kong SAR","5922","Export value","23161.02","Rice, milled","2021","2021","1000 USD","50433","A","Official value"
"TM","Detailed trade matrix","704","Viet Nam","344","China, Hong Kong SAR","5922","Export value","23161.02","Rice, milled","2022","2022","1000 USD","40942","A","Official value"
"TM","Detailed trade matrix","704","Viet Nam","344","China, Hong Kong SAR","5922","Export value","23161.02","Rice, milled","2023","2023","1000 USD","39649","A","Official value"
"TM","Detailed trade matrix","704","Viet Nam","446","China, Macao SAR","5910","Export quantity","23161.02","Rice, milled","2012","2012","t","400","A","Official value"
"TM","Detailed trade matrix","704","Viet Nam","446","China, Macao SAR","5910","Export quantity","23161.02","Rice, milled","2015","2015","t","765.5","A","Official value"
"TM","Detailed trade matrix","704","Viet Nam","446","China, Macao SAR","5910","Export quantity","23161.02","Rice, milled","2016","2016","t","647","A","Official value"
"TM","Detailed trade matrix","704","Viet Nam","446","China, Macao SAR","5910","Export quantity","23161.02","Rice, milled","2017","2017","t","525","A","Official value"
"TM","Detailed trade matrix","704","Viet Nam","446","China, Macao SAR","5922","Export value","23161.02","Rice, milled","2012","2012","1000 USD","252","A","Official value"
"TM","Detailed trade matrix","704","Viet Nam","446","China, Macao SAR","5922","Export value","23161.02","Rice, milled","2015","2015","1000 USD","400","A","Official value"
"TM","Detailed trade matrix","704","Viet Nam","446","China, Macao SAR","5922","Export value","23161.02","Rice, milled","2016","2016","1000 USD","291","A","Official value"
"TM","Detailed trade matrix","704","Viet Nam","446","China, Macao SAR","5922","Export value","23161.02","Rice, milled","2017","2017","1000 USD","258","A","Official value"
"TM","Detailed trade matrix","704","Viet Nam","156","China, mainland","5610","Import quantity","23161.02","Rice, milled","2017","2017","t","350","A","Official value"
"TM","Detailed trade matrix","704","Viet Nam","156","China, mainland","5610","Import quantity","23161.02","Rice, milled","2018","2018","t","1712.01","A","Official value"
"TM","Detailed trade matrix","704","Viet Nam","156","China, mainland","5622","Import value","23161.02","Rice, milled","2017","2017","1000 USD","174","A","Official value"
"TM","Detailed trade matrix","704","Viet Nam","156","China, mainland","5622","Import value","23161.02","Rice, milled","2018","2018","1000 USD","843","A","Official value"
"TM","Detailed trade matrix","704","Viet Nam","156","China, mainland","5910","Export quantity","23161.02","Rice, milled","2012","2012","t","1884099","A","Official value"
"TM","Detailed trade matrix","704","Viet Nam","156","China, mainland","5910","Export quantity","23161.02","Rice, milled","2013","2013","t","2016793","A","Official value"
"TM","Detailed trade matrix","704","Viet Nam","156","China, mainland","5910","Export quantity","23161.02","Rice, milled","2014","2014","t","1906428.8","A","Official value"
"TM","Detailed trade matrix","704","Viet Nam","156","China, mainland","5910","Export quantity","23161.02","Rice, milled","2015","2015","t","1646400.51","A","Official value"
"TM","Detailed trade matrix","704","Viet Nam","156","China, mainland","5910","Export quantity","23161.02","Rice, milled","2016","2016","t","1515110","A","Official value"
"TM","Detailed trade matrix","704","Viet Nam","156","China, mainland","5910","Export quantity","23161.02","Rice, milled","2017","2017","t","1960640","A","Official value"
"TM","Detailed trade matrix","704","Viet Nam","156","China, mainland","5910","Export quantity","23161.02","Rice, milled","2018","2018","t","1281719.6","I","Value imputed by a receiving agency"
"TM","Detailed trade matrix","704","Viet Nam","156","China, mainland","5910","Export quantity","23161.02","Rice, milled","2019","2019","t","347012.45","A","Official value"
"TM","Detailed trade matrix","704","Viet Nam","156","China, mainland","5910","Export quantity","23161.02","Rice, milled","2020","2020","t","501791.49","A","Official value"
"TM","Detailed trade matrix","704","Viet Nam","156","China, mainland","5910","Export quantity","23161.02","Rice, milled","2021","2021","t","622491.5","A","Official value"
"TM","Detailed trade matrix","704","Viet Nam","156","China, mainland","5910","Export quantity","23161.02","Rice, milled","2022","2022","t","656820.5","A","Official value"
"TM","Detailed trade matrix","704","Viet Nam","156","China, mainland","5910","Export quantity","23161.02","Rice, milled","2023","2023","t","753672.54","I","Value imputed by a receiving agency"
"TM","Detailed trade matrix","704","Viet Nam","156","China, mainland","5922","Export value","23161.02","Rice, milled","2012","2012","1000 USD","822625","A","Official value"
"TM","Detailed trade matrix","704","Viet Nam","156","China, mainland","5922","Export value","23161.02","Rice, milled","2013","2013","1000 USD","852491","A","Official value"
"TM","Detailed trade matrix","704","Viet Nam","156","China, mainland","5922","Export value","23161.02","Rice, milled","2014","2014","1000 USD","847664","A","Official value"
"TM","Detailed trade matrix","704","Viet Nam","156","China, mainland","5922","Export value","23161.02","Rice, milled","2015","2015","1000 USD","708307","A","Official value"
"TM","Detailed trade matrix","704","Viet Nam","156","China, mainland","5922","Export value","23161.02","Rice, milled","2016","2016","1000 USD","701339","A","Official value"
"TM","Detailed trade matrix","704","Viet Nam","156","China, mainland","5922","Export value","23161.02","Rice, milled","2017","2017","1000 USD","909027","A","Official value"
"TM","Detailed trade matrix","704","Viet Nam","156","China, mainland","5922","Export value","23161.02","Rice, milled","2018","2018","1000 USD","640900","A","Official value"
"TM","Detailed trade matrix","704","Viet Nam","156","China, mainland","5922","Export value","23161.02","Rice, milled","2019","2019","1000 USD","179182","A","Official value"
"TM","Detailed trade matrix","704","Viet Nam","156","China, mainland","5922","Export value","23161.02","Rice, milled","2020","2020","1000 USD","244895","A","Official value"
"TM","Detailed trade matrix","704","Viet Nam","156","China, mainland","5922","Export value","23161.02","Rice, milled","2021","2021","1000 USD","322461","A","Official value"
"TM","Detailed trade matrix","704","Viet Nam","156","China, mainland","5922","Export value","23161.02","Rice, milled","2022","2022","1000 USD","342813","A","Official value"
"TM","Detailed trade matrix","704","Viet Nam","156","China, mainland","5922","Export value","23161.02","Rice, milled","2023","2023","1000 USD","446044","A","Official value"
"TM","Detailed trade matrix","704","Viet Nam","158","China, Taiwan Province of","5610","Import quantity","23161.02","Rice, milled","2012","2012","t","240","A","Official value"
"TM","Detailed trade matrix","704","Viet Nam","158","China, Taiwan Province of","5610","Import quantity","23161.02","Rice, milled","2021","2021","t","30.86","A","Official value"
"TM","Detailed trade matrix","704","Viet Nam","158","China, Taiwan Province of","5610","Import quantity","23161.02","Rice, milled","2023","2023","t","31.82","A","Official value"
"TM","Detailed trade matrix","704","Viet Nam","158","China, Taiwan Province of","5622","Import value","23161.02","Rice, milled","2012","2012","1000 USD","122","A","Official value"
"TM","Detailed trade matrix","704","Viet Nam","158","China, Taiwan Province of","5622","Import value","23161.02","Rice, milled","2021","2021","1000 USD","14","A","Official value"
"TM","Detailed trade matrix","704","Viet Nam","158","China, Taiwan Province of","5622","Import value","23161.02","Rice, milled","2023","2023","1000 USD","50","A","Official value"
"TM","Detailed trade matrix","704","Viet Nam","158","China, Taiwan Province of","5910","Export quantity","23161.02","Rice, milled","2012","2012","t","109384","A","Official value"
"TM","Detailed trade matrix","704","Viet Nam","158","China, Taiwan Province of","5910","Export quantity","23161.02","Rice, milled","2013","2013","t","50961","A","Official value"
"TM","Detailed trade matrix","704","Viet Nam","158","China, Taiwan Province of","5910","Export quantity","23161.02","Rice, milled","2014","2014","t","33090.56","A","Official value"
"TM","Detailed trade matrix","704","Viet Nam","158","China, Taiwan Province of","5910","Export quantity","23161.02","Rice, milled","2015","2015","t","30676.49","A","Official value"
"TM","Detailed trade matrix","704","Viet Nam","158","China, Taiwan Province of","5910","Export quantity","23161.02","Rice, milled","2016","2016","t","22298.5","A","Official value"
"TM","Detailed trade matrix","704","Viet Nam","158","China, Taiwan Province of","5910","Export quantity","23161.02","Rice, milled","2017","2017","t","30039.4","A","Official value"
"TM","Detailed trade matrix","704","Viet Nam","158","China, Taiwan Province of","5910","Export quantity","23161.02","Rice, milled","2018","2018","t","18900.14","A","Official value"
"TM","Detailed trade matrix","704","Viet Nam","158","China, Taiwan Province of","5910","Export quantity","23161.02","Rice, milled","2019","2019","t","25394.89","A","Official value"
"TM","Detailed trade matrix","704","Viet Nam","158","China, Taiwan Province of","5910","Export quantity","23161.02","Rice, milled","2020","2020","t","19425.38","I","Value imputed by a receiving agency"
"TM","Detailed trade matrix","704","Viet Nam","158","China, Taiwan Province of","5910","Export quantity","23161.02","Rice, milled","2021","2021","t","17565.04","A","Official value"
"TM","Detailed trade matrix","704","Viet Nam","158","China, Taiwan Province of","5910","Export quantity","23161.02","Rice, milled","2022","2022","t","18295.03","A","Official value"
"TM","Detailed trade matrix","704","Viet Nam","158","China, Taiwan Province of","5910","Export quantity","23161.02","Rice, milled","2023","2023","t","20273.61","I","Value imputed by a receiving agency"
"TM","Detailed trade matrix","704","Viet Nam","158","China, Taiwan Province of","5922","Export value","23161.02","Rice, milled","2012","2012","1000 USD","51453","A","Official value"
"TM","Detailed trade matrix","704","Viet Nam","158","China, Taiwan Province of","5922","Export value","23161.02","Rice, milled","2013","2013","1000 USD","25949","A","Official value"
"TM","Detailed trade matrix","704","Viet Nam","158","China, Taiwan Province of","5922","Export value","23161.02","Rice, milled","2014","2014","1000 USD","19085","A","Official value"
"TM","Detailed trade matrix","704","Viet Nam","158","China, Taiwan Province of","5922","Export value","23161.02","Rice, milled","2015","2015","1000 USD","15758","A","Official value"
"TM","Detailed trade matrix","704","Viet Nam","158","China, Taiwan Province of","5922","Export value","23161.02","Rice, milled","2016","2016","1000 USD","11618","A","Official value"
"TM","Detailed trade matrix","704","Viet Nam","158","China, Taiwan Province of","5922","Export value","23161.02","Rice, milled","2017","2017","1000 USD","13316","A","Official value"
"TM","Detailed trade matrix","704","Viet Nam","158","China, Taiwan Province of","5922","Export value","23161.02","Rice, milled","2018","2018","1000 USD","9451","A","Official value"
"TM","Detailed trade matrix","704","Viet Nam","158","China, Taiwan Province of","5922","Export value","23161.02","Rice, milled","2019","2019","1000 USD","11912","A","Official value"
"TM","Detailed trade matrix","704","Viet Nam","158","China, Taiwan Province of","5922","Export value","23161.02","Rice, milled","2020","2020","1000 USD","11113","A","Official value"
"TM","Detailed trade matrix","704","Viet Nam","158","China, Taiwan Province of","5922","Export value","23161.02","Rice, milled","2021","2021","1000 USD","9264","A","Official value"
"TM","Detailed trade matrix","704","Viet Nam","158","China, Taiwan Province of","5922","Export value","23161.02","Rice, milled","2022","2022","1000 USD","8941","A","Official value"
"TM","Detailed trade matrix","704","Viet Nam","158","China, Taiwan Province of","5922","Export value","23161.02","Rice, milled","2023","2023","1000 USD","12287","A","Official value"
"TM","Detailed trade matrix","704","Viet Nam","170","Colombia","5910","Export quantity","23161.02","Rice, milled","2017","2017","t","43.3","A","Official value"
"TM","Detailed trade matrix","704","Viet Nam","170","Colombia","5910","Export quantity","23161.02","Rice, milled","2020","2020","t","24","A","Official value"
"TM","Detailed trade matrix","704","Viet Nam","170","Colombia","5910","Export quantity","23161.02","Rice, milled","2022","2022","t","146.02","A","Official value"
"TM","Detailed trade matrix","704","Viet Nam","170","Colombia","5910","Export quantity","23161.02","Rice, milled","2023","2023","t","324.55","I","Value imputed by a receiving agency"
"TM","Detailed trade matrix","704","Viet Nam","170","Colombia","5922","Export value","23161.02","Rice, milled","2017","2017","1000 USD","23","A","Official value"
"TM","Detailed trade matrix","704","Viet Nam","170","Colombia","5922","Export value","23161.02","Rice, milled","2020","2020","1000 USD","14","A","Official value"
"TM","Detailed trade matrix","704","Viet Nam","170","Colombia","5922","Export value","23161.02","Rice, milled","2022","2022","1000 USD","143","A","Official value"
"TM","Detailed trade matrix","704","Viet Nam","170","Colombia","5922","Export value","23161.02","Rice, milled","2023","2023","1000 USD","260","A","Official value"
"TM","Detailed trade matrix","704","Viet Nam","178","Congo","5910","Export quantity","23161.02","Rice, milled","2012","2012","t","15253","A","Official value"
"TM","Detailed trade matrix","704","Viet Nam","178","Congo","5910","Export quantity","23161.02","Rice, milled","2013","2013","t","14339","A","Official value"
"TM","Detailed trade matrix","704","Viet Nam","178","Congo","5910","Export quantity","23161.02","Rice, milled","2014","2014","t","1638.31","A","Official value"
"TM","Detailed trade matrix","704","Viet Nam","178","Congo","5910","Export quantity","23161.02","Rice, milled","2015","2015","t","1213.15","A","Official value"
"TM","Detailed trade matrix","704","Viet Nam","178","Congo","5910","Export quantity","23161.02","Rice, milled","2016","2016","t","542.19","A","Official value"
"TM","Detailed trade matrix","704","Viet Nam","178","Congo","5910","Export quantity","23161.02","Rice, milled","2017","2017","t","655.8","A","Official value"
"TM","Detailed trade matrix","704","Viet Nam","178","Congo","5910","Export quantity","23161.02","Rice, milled","2018","2018","t","119.58","A","Official value"
"TM","Detailed trade matrix","704","Viet Nam","178","Congo","5910","Export quantity","23161.02","Rice, milled","2019","2019","t","609.62","A","Official value"
"TM","Detailed trade matrix","704","Viet Nam","178","Congo","5910","Export quantity","23161.02","Rice, milled","2020","2020","t","1263.45","I","Value imputed by a receiving agency"
"TM","Detailed trade matrix","704","Viet Nam","178","Congo","5910","Export quantity","23161.02","Rice, milled","2021","2021","t","480.11","A","Official value"
"TM","Detailed trade matrix","704","Viet Nam","178","Congo","5910","Export quantity","23161.02","Rice, milled","2022","2022","t","410.14","A","Official value"
"TM","Detailed trade matrix","704","Viet Nam","178","Congo","5910","Export quantity","23161.02","Rice, milled","2023","2023","t","1377.03","I","Value imputed by a receiving agency"
"TM","Detailed trade matrix","704","Viet Nam","178","Congo","5922","Export value","23161.02","Rice, milled","2012","2012","1000 USD","6639","A","Official value"
"TM","Detailed trade matrix","704","Viet Nam","178","Congo","5922","Export value","23161.02","Rice, milled","2013","2013","1000 USD","5943","A","Official value"
"TM","Detailed trade matrix","704","Viet Nam","178","Congo","5922","Export value","23161.02","Rice, milled","2014","2014","1000 USD","838","A","Official value"
"TM","Detailed trade matrix","704","Viet Nam","178","Congo","5922","Export value","23161.02","Rice, milled","2015","2015","1000 USD","789","A","Official value"
"TM","Detailed trade matrix","704","Viet Nam","178","Congo","5922","Export value","23161.02","Rice, milled","2016","2016","1000 USD","338","A","Official value"
"TM","Detailed trade matrix","704","Viet Nam","178","Congo","5922","Export value","23161.02","Rice, milled","2017","2017","1000 USD","401","A","Official value"
"TM","Detailed trade matrix","704","Viet Nam","178","Congo","5922","Export value","23161.02","Rice, milled","2018","2018","1000 USD","60","A","Official value"
"TM","Detailed trade matrix","704","Viet Nam","178","Congo","5922","Export value","23161.02","Rice, milled","2019","2019","1000 USD","378","A","Official value"
"TM","Detailed trade matrix","704","Viet Nam","178","Congo","5922","Export value","23161.02","Rice, milled","2020","2020","1000 USD","760","A","Official value"
"TM","Detailed trade matrix","704","Viet Nam","178","Congo","5922","Export value","23161.02","Rice, milled","2021","2021","1000 USD","337","A","Official value"
"TM","Detailed trade matrix","704","Viet Nam","178","Congo","5922","Export value","23161.02","Rice, milled","2022","2022","1000 USD","249","A","Official value"
"TM","Detailed trade matrix","704","Viet Nam","178","Congo","5922","Export value","23161.02","Rice, milled","2023","2023","1000 USD","893","A","Official value"
"TM","Detailed trade matrix","704","Viet Nam","188","Costa Rica","5910","Export quantity","23161.02","Rice, milled","2015","2015","t","100","A","Official value"
"TM","Detailed trade matrix","704","Viet Nam","188","Costa Rica","5910","Export quantity","23161.02","Rice, milled","2023","2023","t","53.2","A","Official value"
"TM","Detailed trade matrix","704","Viet Nam","188","Costa Rica","5922","Export value","23161.02","Rice, milled","2015","2015","1000 USD","37","A","Official value"
"TM","Detailed trade matrix","704","Viet Nam","188","Costa Rica","5922","Export value","23161.02","Rice, milled","2023","2023","1000 USD","41","A","Official value"
"TM","Detailed trade matrix","704","Viet Nam","384","Côte d'Ivoire","5910","Export quantity","23161.02","Rice, milled","2012","2012","t","436754","A","Official value"
"TM","Detailed trade matrix","704","Viet Nam","384","Côte d'Ivoire","5910","Export quantity","23161.02","Rice, milled","2013","2013","t","533363","A","Official value"
"TM","Detailed trade matrix","704","Viet Nam","384","Côte d'Ivoire","5910","Export quantity","23161.02","Rice, milled","2014","2014","t","212878.53","A","Official value"
"TM","Detailed trade matrix","704","Viet Nam","384","Côte d'Ivoire","5910","Export quantity","23161.02","Rice, milled","2015","2015","t","255030.19","A","Official value"
"TM","Detailed trade matrix","704","Viet Nam","384","Côte d'Ivoire","5910","Export quantity","23161.02","Rice, milled","2016","2016","t","171760","A","Official value"
"TM","Detailed trade matrix","704","Viet Nam","384","Côte d'Ivoire","5910","Export quantity","23161.02","Rice, milled","2017","2017","t","199681","A","Official value"
"TM","Detailed trade matrix","704","Viet Nam","384","Côte d'Ivoire","5910","Export quantity","23161.02","Rice, milled","2018","2018","t","286558.8","A","Official value"
"TM","Detailed trade matrix","704","Viet Nam","384","Côte d'Ivoire","5910","Export quantity","23161.02","Rice, milled","2019","2019","t","339540.61","A","Official value"
"TM","Detailed trade matrix","704","Viet Nam","384","Côte d'Ivoire","5910","Export quantity","23161.02","Rice, milled","2020","2020","t","274999.82","I","Value imputed by a receiving agency"
"TM","Detailed trade matrix","704","Viet Nam","384","Côte d'Ivoire","5910","Export quantity","23161.02","Rice, milled","2021","2021","t","304911.69","A","Official value"
"TM","Detailed trade matrix","704","Viet Nam","384","Côte d'Ivoire","5910","Export quantity","23161.02","Rice, milled","2022","2022","t","427425.5","A","Official value"
"TM","Detailed trade matrix","704","Viet Nam","384","Côte d'Ivoire","5910","Export quantity","23161.02","Rice, milled","2023","2023","t","351888.07","I","Value imputed by a receiving agency"
"TM","Detailed trade matrix","704","Viet Nam","384","Côte d'Ivoire","5922","Export value","23161.02","Rice, milled","2012","2012","1000 USD","184622","A","Official value"
"TM","Detailed trade matrix","704","Viet Nam","384","Côte d'Ivoire","5922","Export value","23161.02","Rice, milled","2013","2013","1000 USD","217565","A","Official value"
"TM","Detailed trade matrix","704","Viet Nam","384","Côte d'Ivoire","5922","Export value","23161.02","Rice, milled","2014","2014","1000 USD","104285","A","Official value"
"TM","Detailed trade matrix","704","Viet Nam","384","Côte d'Ivoire","5922","Export value","23161.02","Rice, milled","2015","2015","1000 USD","115200","A","Official value"
"TM","Detailed trade matrix","704","Viet Nam","384","Côte d'Ivoire","5922","Export value","23161.02","Rice, milled","2016","2016","1000 USD","84033","A","Official value"
"TM","Detailed trade matrix","704","Viet Nam","384","Côte d'Ivoire","5922","Export value","23161.02","Rice, milled","2017","2017","1000 USD","92664","A","Official value"
"TM","Detailed trade matrix","704","Viet Nam","384","Côte d'Ivoire","5922","Export value","23161.02","Rice, milled","2018","2018","1000 USD","143288","A","Official value"
"TM","Detailed trade matrix","704","Viet Nam","384","Côte d'Ivoire","5922","Export value","23161.02","Rice, milled","2019","2019","1000 USD","159556","A","Official value"
"TM","Detailed trade matrix","704","Viet Nam","384","Côte d'Ivoire","5922","Export value","23161.02","Rice, milled","2020","2020","1000 USD","143772","A","Official value"
"TM","Detailed trade matrix","704","Viet Nam","384","Côte d'Ivoire","5922","Export value","23161.02","Rice, milled","2021","2021","1000 USD","164893","A","Official value"
"TM","Detailed trade matrix","704","Viet Nam","384","Côte d'Ivoire","5922","Export value","23161.02","Rice, milled","2022","2022","1000 USD","206478","A","Official value"
"TM","Detailed trade matrix","704","Viet Nam","384","Côte d'Ivoire","5922","Export value","23161.02","Rice, milled","2023","2023","1000 USD","201728","A","Official value"
"TM","Detailed trade matrix","704","Viet Nam","191","Croatia","5910","Export quantity","23161.02","Rice, milled","2012","2012","t","6599","A","Official value"
"TM","Detailed trade matrix","704","Viet Nam","191","Croatia","5910","Export quantity","23161.02","Rice, milled","2013","2013","t","4675","A","Official value"
"TM","Detailed trade matrix","704","Viet Nam","191","Croatia","5910","Export quantity","23161.02","Rice, milled","2014","2014","t","1550","A","Official value"
"TM","Detailed trade matrix","704","Viet Nam","191","Croatia","5910","Export quantity","23161.02","Rice, milled","2015","2015","t","2449","A","Official value"
"TM","Detailed trade matrix","704","Viet Nam","191","Croatia","5910","Export quantity","23161.02","Rice, milled","2016","2016","t","1700","A","Official value"
"TM","Detailed trade matrix","704","Viet Nam","191","Croatia","5910","Export quantity","23161.02","Rice, milled","2017","2017","t","1674","A","Official value"
"TM","Detailed trade matrix","704","Viet Nam","191","Croatia","5910","Export quantity","23161.02","Rice, milled","2018","2018","t","185.99","A","Official value"
"TM","Detailed trade matrix","704","Viet Nam","191","Croatia","5910","Export quantity","23161.02","Rice, milled","2019","2019","t","3824","A","Official value"
"TM","Detailed trade matrix","704","Viet Nam","191","Croatia","5910","Export quantity","23161.02","Rice, milled","2020","2020","t","950","A","Official value"
"TM","Detailed trade matrix","704","Viet Nam","191","Croatia","5910","Export quantity","23161.02","Rice, milled","2021","2021","t","25","A","Official value"
"TM","Detailed trade matrix","704","Viet Nam","191","Croatia","5910","Export quantity","23161.02","Rice, milled","2022","2022","t","73.4","A","Official value"
"TM","Detailed trade matrix","704","Viet Nam","191","Croatia","5910","Export quantity","23161.02","Rice, milled","2023","2023","t","198.8","A","Official value"
"TM","Detailed trade matrix","704","Viet Nam","191","Croatia","5922","Export value","23161.02","Rice, milled","2012","2012","1000 USD","2928","A","Official value"
"TM","Detailed trade matrix","704","Viet Nam","191","Croatia","5922","Export value","23161.02","Rice, milled","2013","2013","1000 USD","1902","A","Official value"
"TM","Detailed trade matrix","704","Viet Nam","191","Croatia","5922","Export value","23161.02","Rice, milled","2014","2014","1000 USD","674","A","Official value"
"TM","Detailed trade matrix","704","Viet Nam","191","Croatia","5922","Export value","23161.02","Rice, milled","2015","2015","1000 USD","974","A","Official value"
"TM","Detailed trade matrix","704","Viet Nam","191","Croatia","5922","Export value","23161.02","Rice, milled","2016","2016","1000 USD","654","A","Official value"
"TM","Detailed trade matrix","704","Viet Nam","191","Croatia","5922","Export value","23161.02","Rice, milled","2017","2017","1000 USD","621","A","Official value"
"TM","Detailed trade matrix","704","Viet Nam","191","Croatia","5922","Export value","23161.02","Rice, milled","2018","2018","1000 USD","93","A","Official value"
"TM","Detailed trade matrix","704","Viet Nam","191","Croatia","5922","Export value","23161.02","Rice, milled","2019","2019","1000 USD","1418","A","Official value"
"TM","Detailed trade matrix","704","Viet Nam","191","Croatia","5922","Export value","23161.02","Rice, milled","2020","2020","1000 USD","391","A","Official value"
"TM","Detailed trade matrix","704","Viet Nam","191","Croatia","5922","Export value","23161.02","Rice, milled","2021","2021","1000 USD","21","A","Official value"
"TM","Detailed trade matrix","704","Viet Nam","191","Croatia","5922","Export value","23161.02","Rice, milled","2022","2022","1000 USD","56","A","Official value"
"TM","Detailed trade matrix","704","Viet Nam","191","Croatia","5922","Export value","23161.02","Rice, milled","2023","2023","1000 USD","153","A","Official value"
"TM","Detailed trade matrix","704","Viet Nam","196","Cyprus","5910","Export quantity","23161.02","Rice, milled","2013","2013","t","27","A","Official value"
"TM","Detailed trade matrix","704","Viet Nam","196","Cyprus","5910","Export quantity","23161.02","Rice, milled","2014","2014","t","13.5","A","Official value"
"TM","Detailed trade matrix","704","Viet Nam","196","Cyprus","5910","Export quantity","23161.02","Rice, milled","2015","2015","t","23.5","A","Official value"
"TM","Detailed trade matrix","704","Viet Nam","196","Cyprus","5910","Export quantity","23161.02","Rice, milled","2016","2016","t","2","A","Official value"
"TM","Detailed trade matrix","704","Viet Nam","196","Cyprus","5910","Export quantity","23161.02","Rice, milled","2017","2017","t","27.3","A","Official value"
"TM","Detailed trade matrix","704","Viet Nam","196","Cyprus","5910","Export quantity","23161.02","Rice, milled","2018","2018","t","50.86","A","Official value"
"TM","Detailed trade matrix","704","Viet Nam","196","Cyprus","5910","Export quantity","23161.02","Rice, milled","2019","2019","t","20","A","Official value"
"TM","Detailed trade matrix","704","Viet Nam","196","Cyprus","5910","Export quantity","23161.02","Rice, milled","2020","2020","t","41.03","A","Official value"
"TM","Detailed trade matrix","704","Viet Nam","196","Cyprus","5910","Export quantity","23161.02","Rice, milled","2021","2021","t","14.14","A","Official value"
"TM","Detailed trade matrix","704","Viet Nam","196","Cyprus","5910","Export quantity","23161.02","Rice, milled","2022","2022","t","25","A","Official value"
"TM","Detailed trade matrix","704","Viet Nam","196","Cyprus","5910","Export quantity","23161.02","Rice, milled","2023","2023","t","100.97","I","Value imputed by a receiving agency"
"TM","Detailed trade matrix","704","Viet Nam","196","Cyprus","5922","Export value","23161.02","Rice, milled","2013","2013","1000 USD","16","A","Official value"
"TM","Detailed trade matrix","704","Viet Nam","196","Cyprus","5922","Export value","23161.02","Rice, milled","2014","2014","1000 USD","10","A","Official value"
"TM","Detailed trade matrix","704","Viet Nam","196","Cyprus","5922","Export value","23161.02","Rice, milled","2015","2015","1000 USD","15","A","Official value"
"TM","Detailed trade matrix","704","Viet Nam","196","Cyprus","5922","Export value","23161.02","Rice, milled","2016","2016","1000 USD","3","A","Official value"
"TM","Detailed trade matrix","704","Viet Nam","196","Cyprus","5922","Export value","23161.02","Rice, milled","2017","2017","1000 USD","16","A","Official value"
"TM","Detailed trade matrix","704","Viet Nam","196","Cyprus","5922","Export value","23161.02","Rice, milled","2018","2018","1000 USD","25","A","Official value"
"TM","Detailed trade matrix","704","Viet Nam","196","Cyprus","5922","Export value","23161.02","Rice, milled","2019","2019","1000 USD","10","A","Official value"
"TM","Detailed trade matrix","704","Viet Nam","196","Cyprus","5922","Export value","23161.02","Rice, milled","2020","2020","1000 USD","24","A","Official value"
"TM","Detailed trade matrix","704","Viet Nam","196","Cyprus","5922","Export value","23161.02","Rice, milled","2021","2021","1000 USD","10","A","Official value"
"TM","Detailed trade matrix","704","Viet Nam","196","Cyprus","5922","Export value","23161.02","Rice, milled","2022","2022","1000 USD","15","A","Official value"
"TM","Detailed trade matrix","704","Viet Nam","196","Cyprus","5922","Export value","23161.02","Rice, milled","2023","2023","1000 USD","101","A","Official value"
"TM","Detailed trade matrix","704","Viet Nam","203","Czechia","5910","Export quantity","23161.02","Rice, milled","2012","2012","t","187","A","Official value"
"TM","Detailed trade matrix","704","Viet Nam","203","Czechia","5910","Export quantity","23161.02","Rice, milled","2013","2013","t","245","A","Official value"
"TM","Detailed trade matrix","704","Viet Nam","203","Czechia","5910","Export quantity","23161.02","Rice, milled","2014","2014","t","122","A","Official value"
"TM","Detailed trade matrix","704","Viet Nam","203","Czechia","5910","Export quantity","23161.02","Rice, milled","2016","2016","t","874.5","A","Official value"
"TM","Detailed trade matrix","704","Viet Nam","203","Czechia","5910","Export quantity","23161.02","Rice, milled","2017","2017","t","553.3","A","Official value"
"TM","Detailed trade matrix","704","Viet Nam","203","Czechia","5910","Export quantity","23161.02","Rice, milled","2018","2018","t","503.19","A","Official value"
"TM","Detailed trade matrix","704","Viet Nam","203","Czechia","5910","Export quantity","23161.02","Rice, milled","2019","2019","t","1885.22","A","Official value"
"TM","Detailed trade matrix","704","Viet Nam","203","Czechia","5910","Export quantity","23161.02","Rice, milled","2020","2020","t","4276.84","I","Value imputed by a receiving agency"
"TM","Detailed trade matrix","704","Viet Nam","203","Czechia","5910","Export quantity","23161.02","Rice, milled","2021","2021","t","2657.28","A","Official value"
"TM","Detailed trade matrix","704","Viet Nam","203","Czechia","5910","Export quantity","23161.02","Rice, milled","2022","2022","t","2311.92","A","Official value"
"TM","Detailed trade matrix","704","Viet Nam","203","Czechia","5910","Export quantity","23161.02","Rice, milled","2023","2023","t","3422.22","I","Value imputed by a receiving agency"
"TM","Detailed trade matrix","704","Viet Nam","203","Czechia","5922","Export value","23161.02","Rice, milled","2012","2012","1000 USD","136","A","Official value"
"TM","Detailed trade matrix","704","Viet Nam","203","Czechia","5922","Export value","23161.02","Rice, milled","2013","2013","1000 USD","147","A","Official value"
"TM","Detailed trade matrix","704","Viet Nam","203","Czechia","5922","Export value","23161.02","Rice, milled","2014","2014","1000 USD","75","A","Official value"
"TM","Detailed trade matrix","704","Viet Nam","203","Czechia","5922","Export value","23161.02","Rice, milled","2016","2016","1000 USD","421","A","Official value"
"TM","Detailed trade matrix","704","Viet Nam","203","Czechia","5922","Export value","23161.02","Rice, milled","2017","2017","1000 USD","285","A","Official value"
"TM","Detailed trade matrix","704","Viet Nam","203","Czechia","5922","Export value","23161.02","Rice, milled","2018","2018","1000 USD","252","A","Official value"
"TM","Detailed trade matrix","704","Viet Nam","203","Czechia","5922","Export value","23161.02","Rice, milled","2019","2019","1000 USD","943","A","Official value"
"TM","Detailed trade matrix","704","Viet Nam","203","Czechia","5922","Export value","23161.02","Rice, milled","2020","2020","1000 USD","2303","A","Official value"
"TM","Detailed trade matrix","704","Viet Nam","203","Czechia","5922","Export value","23161.02","Rice, milled","2021","2021","1000 USD","1759","A","Official value"
"TM","Detailed trade matrix","704","Viet Nam","203","Czechia","5922","Export value","23161.02","Rice, milled","2022","2022","1000 USD","1618","A","Official value"
"TM","Detailed trade matrix","704","Viet Nam","203","Czechia","5922","Export value","23161.02","Rice, milled","2023","2023","1000 USD","2764","A","Official value"
"TM","Detailed trade matrix","704","Viet Nam","180","Democratic Republic of the Congo","5910","Export quantity","23161.02","Rice, milled","2014","2014","t","22575","A","Official value"
"TM","Detailed trade matrix","704","Viet Nam","180","Democratic Republic of the Congo","5910","Export quantity","23161.02","Rice, milled","2016","2016","t","7618.5","A","Official value"
"TM","Detailed trade matrix","704","Viet Nam","180","Democratic Republic of the Congo","5910","Export quantity","23161.02","Rice, milled","2017","2017","t","28000","A","Official value"
"TM","Detailed trade matrix","704","Viet Nam","180","Democratic Republic of the Congo","5922","Export value","23161.02","Rice, milled","2014","2014","1000 USD","8766","A","Official value"
"TM","Detailed trade matrix","704","Viet Nam","180","Democratic Republic of the Congo","5922","Export value","23161.02","Rice, milled","2016","2016","1000 USD","2581","A","Official value"
"TM","Detailed trade matrix","704","Viet Nam","180","Democratic Republic of the Congo","5922","Export value","23161.02","Rice, milled","2017","2017","1000 USD","9501","A","Official value"
"TM","Detailed trade matrix","704","Viet Nam","208","Denmark","5910","Export quantity","23161.02","Rice, milled","2012","2012","t","330","A","Official value"
"TM","Detailed trade matrix","704","Viet Nam","208","Denmark","5910","Export quantity","23161.02","Rice, milled","2013","2013","t","460","A","Official value"
"TM","Detailed trade matrix","704","Viet Nam","208","Denmark","5910","Export quantity","23161.02","Rice, milled","2014","2014","t","470","A","Official value"
"TM","Detailed trade matrix","704","Viet Nam","208","Denmark","5910","Export quantity","23161.02","Rice, milled","2015","2015","t","245","A","Official value"
"TM","Detailed trade matrix","704","Viet Nam","208","Denmark","5910","Export quantity","23161.02","Rice, milled","2016","2016","t","559.45","A","Official value"
"TM","Detailed trade matrix","704","Viet Nam","208","Denmark","5910","Export quantity","23161.02","Rice, milled","2017","2017","t","348.2","A","Official value"
"TM","Detailed trade matrix","704","Viet Nam","208","Denmark","5910","Export quantity","23161.02","Rice, milled","2018","2018","t","855.56","A","Official value"
"TM","Detailed trade matrix","704","Viet Nam","208","Denmark","5910","Export quantity","23161.02","Rice, milled","2019","2019","t","607.98","A","Official value"
"TM","Detailed trade matrix","704","Viet Nam","208","Denmark","5910","Export quantity","23161.02","Rice, milled","2020","2020","t","473.71","I","Value imputed by a receiving agency"
"TM","Detailed trade matrix","704","Viet Nam","208","Denmark","5910","Export quantity","23161.02","Rice, milled","2021","2021","t","421.52","A","Official value"
"TM","Detailed trade matrix","704","Viet Nam","208","Denmark","5910","Export quantity","23161.02","Rice, milled","2022","2022","t","377.23","A","Official value"
"TM","Detailed trade matrix","704","Viet Nam","208","Denmark","5910","Export quantity","23161.02","Rice, milled","2023","2023","t","680.69","I","Value imputed by a receiving agency"
"TM","Detailed trade matrix","704","Viet Nam","208","Denmark","5922","Export value","23161.02","Rice, milled","2012","2012","1000 USD","189","A","Official value"
"TM","Detailed trade matrix","704","Viet Nam","208","Denmark","5922","Export value","23161.02","Rice, milled","2013","2013","1000 USD","246","A","Official value"
"TM","Detailed trade matrix","704","Viet Nam","208","Denmark","5922","Export value","23161.02","Rice, milled","2014","2014","1000 USD","270","A","Official value"
"TM","Detailed trade matrix","704","Viet Nam","208","Denmark","5922","Export value","23161.02","Rice, milled","2015","2015","1000 USD","127","A","Official value"
"TM","Detailed trade matrix","704","Viet Nam","208","Denmark","5922","Export value","23161.02","Rice, milled","2016","2016","1000 USD","286","A","Official value"
"TM","Detailed trade matrix","704","Viet Nam","208","Denmark","5922","Export value","23161.02","Rice, milled","2017","2017","1000 USD","201","A","Official value"
"TM","Detailed trade matrix","704","Viet Nam","208","Denmark","5922","Export value","23161.02","Rice, milled","2018","2018","1000 USD","428","A","Official value"
"TM","Detailed trade matrix","704","Viet Nam","208","Denmark","5922","Export value","23161.02","Rice, milled","2019","2019","1000 USD","337","A","Official value"
"TM","Detailed trade matrix","704","Viet Nam","208","Denmark","5922","Export value","23161.02","Rice, milled","2020","2020","1000 USD","288","A","Official value"
"TM","Detailed trade matrix","704","Viet Nam","208","Denmark","5922","Export value","23161.02","Rice, milled","2021","2021","1000 USD","277","A","Official value"
"TM","Detailed trade matrix","704","Viet Nam","208","Denmark","5922","Export value","23161.02","Rice, milled","2022","2022","1000 USD","284","A","Official value"
"TM","Detailed trade matrix","704","Viet Nam","208","Denmark","5922","Export value","23161.02","Rice, milled","2023","2023","1000 USD","577","A","Official value"
"TM","Detailed trade matrix","704","Viet Nam","262","Djibouti","5910","Export quantity","23161.02","Rice, milled","2015","2015","t","200","A","Official value"
"TM","Detailed trade matrix","704","Viet Nam","262","Djibouti","5910","Export quantity","23161.02","Rice, milled","2016","2016","t","360","A","Official value"
"TM","Detailed trade matrix","704","Viet Nam","262","Djibouti","5910","Export quantity","23161.02","Rice, milled","2017","2017","t","196","A","Official value"
"TM","Detailed trade matrix","704","Viet Nam","262","Djibouti","5922","Export value","23161.02","Rice, milled","2015","2015","1000 USD","100","A","Official value"
"TM","Detailed trade matrix","704","Viet Nam","262","Djibouti","5922","Export value","23161.02","Rice, milled","2016","2016","1000 USD","194","A","Official value"
"TM","Detailed trade matrix","704","Viet Nam","262","Djibouti","5922","Export value","23161.02","Rice, milled","2017","2017","1000 USD","108","A","Official value"
"TM","Detailed trade matrix","704","Viet Nam","212","Dominica","5910","Export quantity","23161.02","Rice, milled","2013","2013","t","50","A","Official value"
"TM","Detailed trade matrix","704","Viet Nam","212","Dominica","5910","Export quantity","23161.02","Rice, milled","2014","2014","t","71","A","Official value"
"TM","Detailed trade matrix","704","Viet Nam","212","Dominica","5922","Export value","23161.02","Rice, milled","2013","2013","1000 USD","21","A","Official value"
"TM","Detailed trade matrix","704","Viet Nam","212","Dominica","5922","Export value","23161.02","Rice, milled","2014","2014","1000 USD","37","A","Official value"
"TM","Detailed trade matrix","704","Viet Nam","214","Dominican Republic","5910","Export quantity","23161.02","Rice, milled","2019","2019","t","453.6","A","Official value"
"TM","Detailed trade matrix","704","Viet Nam","214","Dominican Republic","5910","Export quantity","23161.02","Rice, milled","2022","2022","t","103.8","A","Official value"
"TM","Detailed trade matrix","704","Viet Nam","214","Dominican Republic","5910","Export quantity","23161.02","Rice, milled","2023","2023","t","355.16","I","Value imputed by a receiving agency"
"TM","Detailed trade matrix","704","Viet Nam","214","Dominican Republic","5922","Export value","23161.02","Rice, milled","2019","2019","1000 USD","207","A","Official value"
"TM","Detailed trade matrix","704","Viet Nam","214","Dominican Republic","5922","Export value","23161.02","Rice, milled","2022","2022","1000 USD","78","A","Official value"
"TM","Detailed trade matrix","704","Viet Nam","214","Dominican Republic","5922","Export value","23161.02","Rice, milled","2023","2023","1000 USD","305","A","Official value"
"TM","Detailed trade matrix","704","Viet Nam","818","Egypt","5910","Export quantity","23161.02","Rice, milled","2014","2014","t","25","A","Official value"
"TM","Detailed trade matrix","704","Viet Nam","818","Egypt","5910","Export quantity","23161.02","Rice, milled","2016","2016","t","250","A","Official value"
"TM","Detailed trade matrix","704","Viet Nam","818","Egypt","5910","Export quantity","23161.02","Rice, milled","2018","2018","t","28.08","A","Official value"
"TM","Detailed trade matrix","704","Viet Nam","818","Egypt","5910","Export quantity","23161.02","Rice, milled","2019","2019","t","28090.8","A","Official value"
"TM","Detailed trade matrix","704","Viet Nam","818","Egypt","5910","Export quantity","23161.02","Rice, milled","2020","2020","t","95.83","A","Official value"
"TM","Detailed trade matrix","704","Viet Nam","818","Egypt","5910","Export quantity","23161.02","Rice, milled","2022","2022","t","22.5","A","Official value"
"TM","Detailed trade matrix","704","Viet Nam","818","Egypt","5910","Export quantity","23161.02","Rice, milled","2023","2023","t","527","A","Official value"
"TM","Detailed trade matrix","704","Viet Nam","818","Egypt","5922","Export value","23161.02","Rice, milled","2014","2014","1000 USD","11","A","Official value"
"TM","Detailed trade matrix","704","Viet Nam","818","Egypt","5922","Export value","23161.02","Rice, milled","2016","2016","1000 USD","93","A","Official value"
"TM","Detailed trade matrix","704","Viet Nam","818","Egypt","5922","Export value","23161.02","Rice, milled","2018","2018","1000 USD","14","A","Official value"
"TM","Detailed trade matrix","704","Viet Nam","818","Egypt","5922","Export value","23161.02","Rice, milled","2019","2019","1000 USD","11138","A","Official value"
"TM","Detailed trade matrix","704","Viet Nam","818","Egypt","5922","Export value","23161.02","Rice, milled","2020","2020","1000 USD","46","A","Official value"
"TM","Detailed trade matrix","704","Viet Nam","818","Egypt","5922","Export value","23161.02","Rice, milled","2022","2022","1000 USD","22","A","Official value"
"TM","Detailed trade matrix","704","Viet Nam","818","Egypt","5922","Export value","23161.02","Rice, milled","2023","2023","1000 USD","392","A","Official value"
"TM","Detailed trade matrix","704","Viet Nam","226","Equatorial Guinea","5910","Export quantity","23161.02","Rice, milled","2017","2017","t","850.4","A","Official value"
"TM","Detailed trade matrix","704","Viet Nam","226","Equatorial Guinea","5922","Export value","23161.02","Rice, milled","2017","2017","1000 USD","572","A","Official value"
"TM","Detailed trade matrix","704","Viet Nam","233","Estonia","5910","Export quantity","23161.02","Rice, milled","2014","2014","t","25","A","Official value"
"TM","Detailed trade matrix","704","Viet Nam","233","Estonia","5910","Export quantity","23161.02","Rice, milled","2022","2022","t","26","A","Official value"
"TM","Detailed trade matrix","704","Viet Nam","233","Estonia","5910","Export quantity","23161.02","Rice, milled","2023","2023","t","129.01","I","Value imputed by a receiving agency"
"TM","Detailed trade matrix","704","Viet Nam","233","Estonia","5922","Export value","23161.02","Rice, milled","2014","2014","1000 USD","20","A","Official value"
"TM","Detailed trade matrix","704","Viet Nam","233","Estonia","5922","Export value","23161.02","Rice, milled","2022","2022","1000 USD","21","A","Official value"
"TM","Detailed trade matrix","704","Viet Nam","233","Estonia","5922","Export value","23161.02","Rice, milled","2023","2023","1000 USD","104","A","Official value"
"TM","Detailed trade matrix","704","Viet Nam","231","Ethiopia","5910","Export quantity","23161.02","Rice, milled","2015","2015","t","50","A","Official value"
"TM","Detailed trade matrix","704","Viet Nam","231","Ethiopia","5922","Export value","23161.02","Rice, milled","2015","2015","1000 USD","27","A","Official value"
"TM","Detailed trade matrix","704","Viet Nam","242","Fiji","5910","Export quantity","23161.02","Rice, milled","2012","2012","t","33318","A","Official value"
"TM","Detailed trade matrix","704","Viet Nam","242","Fiji","5910","Export quantity","23161.02","Rice, milled","2013","2013","t","29155","A","Official value"
"TM","Detailed trade matrix","704","Viet Nam","242","Fiji","5910","Export quantity","23161.02","Rice, milled","2014","2014","t","15910.06","A","Official value"
"TM","Detailed trade matrix","704","Viet Nam","242","Fiji","5910","Export quantity","23161.02","Rice, milled","2015","2015","t","18351.62","A","Official value"
"TM","Detailed trade matrix","704","Viet Nam","242","Fiji","5910","Export quantity","23161.02","Rice, milled","2016","2016","t","29040.6","A","Official value"
"TM","Detailed trade matrix","704","Viet Nam","242","Fiji","5910","Export quantity","23161.02","Rice, milled","2017","2017","t","30200.8","A","Official value"
"TM","Detailed trade matrix","704","Viet Nam","242","Fiji","5922","Export value","23161.02","Rice, milled","2012","2012","1000 USD","14948","A","Official value"
"TM","Detailed trade matrix","704","Viet Nam","242","Fiji","5922","Export value","23161.02","Rice, milled","2013","2013","1000 USD","12060","A","Official value"
"TM","Detailed trade matrix","704","Viet Nam","242","Fiji","5922","Export value","23161.02","Rice, milled","2014","2014","1000 USD","7362","A","Official value"
"TM","Detailed trade matrix","704","Viet Nam","242","Fiji","5922","Export value","23161.02","Rice, milled","2015","2015","1000 USD","7316","A","Official value"
"TM","Detailed trade matrix","704","Viet Nam","242","Fiji","5922","Export value","23161.02","Rice, milled","2016","2016","1000 USD","12075","A","Official value"
"TM","Detailed trade matrix","704","Viet Nam","242","Fiji","5922","Export value","23161.02","Rice, milled","2017","2017","1000 USD","13482","A","Official value"
"TM","Detailed trade matrix","704","Viet Nam","246","Finland","5910","Export quantity","23161.02","Rice, milled","2012","2012","t","50","A","Official value"
"TM","Detailed trade matrix","704","Viet Nam","246","Finland","5910","Export quantity","23161.02","Rice, milled","2014","2014","t","20","A","Official value"
"TM","Detailed trade matrix","704","Viet Nam","246","Finland","5910","Export quantity","23161.02","Rice, milled","2016","2016","t","24","A","Official value"
"TM","Detailed trade matrix","704","Viet Nam","246","Finland","5910","Export quantity","23161.02","Rice, milled","2017","2017","t","20","A","Official value"
"TM","Detailed trade matrix","704","Viet Nam","246","Finland","5910","Export quantity","23161.02","Rice, milled","2019","2019","t","97.92","A","Official value"
"TM","Detailed trade matrix","704","Viet Nam","246","Finland","5910","Export quantity","23161.02","Rice, milled","2020","2020","t","16","A","Official value"
"TM","Detailed trade matrix","704","Viet Nam","246","Finland","5910","Export quantity","23161.02","Rice, milled","2021","2021","t","196.28","A","Official value"
"TM","Detailed trade matrix","704","Viet Nam","246","Finland","5910","Export quantity","23161.02","Rice, milled","2022","2022","t","530.14","A","Official value"
"TM","Detailed trade matrix","704","Viet Nam","246","Finland","5910","Export quantity","23161.02","Rice, milled","2023","2023","t","961.45","A","Official value"
"TM","Detailed trade matrix","704","Viet Nam","246","Finland","5922","Export value","23161.02","Rice, milled","2012","2012","1000 USD","27","A","Official value"
"TM","Detailed trade matrix","704","Viet Nam","246","Finland","5922","Export value","23161.02","Rice, milled","2014","2014","1000 USD","11","A","Official value"
"TM","Detailed trade matrix","704","Viet Nam","246","Finland","5922","Export value","23161.02","Rice, milled","2016","2016","1000 USD","14","A","Official value"
"TM","Detailed trade matrix","704","Viet Nam","246","Finland","5922","Export value","23161.02","Rice, milled","2017","2017","1000 USD","10","A","Official value"
"TM","Detailed trade matrix","704","Viet Nam","246","Finland","5922","Export value","23161.02","Rice, milled","2019","2019","1000 USD","52","A","Official value"
"TM","Detailed trade matrix","704","Viet Nam","246","Finland","5922","Export value","23161.02","Rice, milled","2020","2020","1000 USD","14","A","Official value"
"TM","Detailed trade matrix","704","Viet Nam","246","Finland","5922","Export value","23161.02","Rice, milled","2021","2021","1000 USD","170","A","Official value"
"TM","Detailed trade matrix","704","Viet Nam","246","Finland","5922","Export value","23161.02","Rice, milled","2022","2022","1000 USD","374","A","Official value"
"TM","Detailed trade matrix","704","Viet Nam","246","Finland","5922","Export value","23161.02","Rice, milled","2023","2023","1000 USD","643","A","Official value"
"TM","Detailed trade matrix","704","Viet Nam","250","France","5610","Import quantity","23161.02","Rice, milled","2020","2020","t","3.21","A","Official value"
"TM","Detailed trade matrix","704","Viet Nam","250","France","5610","Import quantity","23161.02","Rice, milled","2021","2021","t","3.63","A","Official value"
"TM","Detailed trade matrix","704","Viet Nam","250","France","5622","Import value","23161.02","Rice, milled","2020","2020","1000 USD","2","A","Official value"
"TM","Detailed trade matrix","704","Viet Nam","250","France","5622","Import value","23161.02","Rice, milled","2021","2021","1000 USD","2","A","Official value"
"TM","Detailed trade matrix","704","Viet Nam","250","France","5910","Export quantity","23161.02","Rice, milled","2012","2012","t","1124","A","Official value"
"TM","Detailed trade matrix","704","Viet Nam","250","France","5910","Export quantity","23161.02","Rice, milled","2013","2013","t","2612","A","Official value"
"TM","Detailed trade matrix","704","Viet Nam","250","France","5910","Export quantity","23161.02","Rice, milled","2014","2014","t","4702.87","A","Official value"
"TM","Detailed trade matrix","704","Viet Nam","250","France","5910","Export quantity","23161.02","Rice, milled","2015","2015","t","5740.83","A","Official value"
"TM","Detailed trade matrix","704","Viet Nam","250","France","5910","Export quantity","23161.02","Rice, milled","2016","2016","t","4487.48","A","Official value"
"TM","Detailed trade matrix","704","Viet Nam","250","France","5910","Export quantity","23161.02","Rice, milled","2017","2017","t","737","A","Official value"
"TM","Detailed trade matrix","704","Viet Nam","250","France","5910","Export quantity","23161.02","Rice, milled","2018","2018","t","1231.15","A","Official value"
"TM","Detailed trade matrix","704","Viet Nam","250","France","5910","Export quantity","23161.02","Rice, milled","2019","2019","t","1873.33","A","Official value"
"TM","Detailed trade matrix","704","Viet Nam","250","France","5910","Export quantity","23161.02","Rice, milled","2020","2020","t","3318.88","I","Value imputed by a receiving agency"
"TM","Detailed trade matrix","704","Viet Nam","250","France","5910","Export quantity","23161.02","Rice, milled","2021","2021","t","3474.69","A","Official value"
"TM","Detailed trade matrix","704","Viet Nam","250","France","5910","Export quantity","23161.02","Rice, milled","2022","2022","t","3947.19","A","Official value"
"TM","Detailed trade matrix","704","Viet Nam","250","France","5910","Export quantity","23161.02","Rice, milled","2023","2023","t","3994.95","I","Value imputed by a receiving agency"
"TM","Detailed trade matrix","704","Viet Nam","250","France","5922","Export value","23161.02","Rice, milled","2012","2012","1000 USD","814","A","Official value"
"TM","Detailed trade matrix","704","Viet Nam","250","France","5922","Export value","23161.02","Rice, milled","2013","2013","1000 USD","1444","A","Official value"
"TM","Detailed trade matrix","704","Viet Nam","250","France","5922","Export value","23161.02","Rice, milled","2014","2014","1000 USD","2706","A","Official value"
"TM","Detailed trade matrix","704","Viet Nam","250","France","5922","Export value","23161.02","Rice, milled","2015","2015","1000 USD","2946","A","Official value"
"TM","Detailed trade matrix","704","Viet Nam","250","France","5922","Export value","23161.02","Rice, milled","2016","2016","1000 USD","2230","A","Official value"
"TM","Detailed trade matrix","704","Viet Nam","250","France","5922","Export value","23161.02","Rice, milled","2017","2017","1000 USD","458","A","Official value"
"TM","Detailed trade matrix","704","Viet Nam","250","France","5922","Export value","23161.02","Rice, milled","2018","2018","1000 USD","616","A","Official value"
"TM","Detailed trade matrix","704","Viet Nam","250","France","5922","Export value","23161.02","Rice, milled","2019","2019","1000 USD","1094","A","Official value"
"TM","Detailed trade matrix","704","Viet Nam","250","France","5922","Export value","23161.02","Rice, milled","2020","2020","1000 USD","2064","A","Official value"
"TM","Detailed trade matrix","704","Viet Nam","250","France","5922","Export value","23161.02","Rice, milled","2021","2021","1000 USD","2440","A","Official value"
"TM","Detailed trade matrix","704","Viet Nam","250","France","5922","Export value","23161.02","Rice, milled","2022","2022","1000 USD","2883","A","Official value"
"TM","Detailed trade matrix","704","Viet Nam","250","France","5922","Export value","23161.02","Rice, milled","2023","2023","1000 USD","2960","A","Official value"
"TM","Detailed trade matrix","704","Viet Nam","266","Gabon","5910","Export quantity","23161.02","Rice, milled","2012","2012","t","20969","A","Official value"
"TM","Detailed trade matrix","704","Viet Nam","266","Gabon","5910","Export quantity","23161.02","Rice, milled","2013","2013","t","29817","A","Official value"
"TM","Detailed trade matrix","704","Viet Nam","266","Gabon","5910","Export quantity","23161.02","Rice, milled","2014","2014","t","11461.57","A","Official value"
"TM","Detailed trade matrix","704","Viet Nam","266","Gabon","5910","Export quantity","23161.02","Rice, milled","2015","2015","t","9877.8","A","Official value"
"TM","Detailed trade matrix","704","Viet Nam","266","Gabon","5910","Export quantity","23161.02","Rice, milled","2016","2016","t","11147.3","A","Official value"
"TM","Detailed trade matrix","704","Viet Nam","266","Gabon","5910","Export quantity","23161.02","Rice, milled","2017","2017","t","6678.9","A","Official value"
"TM","Detailed trade matrix","704","Viet Nam","266","Gabon","5922","Export value","23161.02","Rice, milled","2012","2012","1000 USD","10180","A","Official value"
"TM","Detailed trade matrix","704","Viet Nam","266","Gabon","5922","Export value","23161.02","Rice, milled","2013","2013","1000 USD","15774","A","Official value"
"TM","Detailed trade matrix","704","Viet Nam","266","Gabon","5922","Export value","23161.02","Rice, milled","2014","2014","1000 USD","6621","A","Official value"
"TM","Detailed trade matrix","704","Viet Nam","266","Gabon","5922","Export value","23161.02","Rice, milled","2015","2015","1000 USD","5250","A","Official value"
"TM","Detailed trade matrix","704","Viet Nam","266","Gabon","5922","Export value","23161.02","Rice, milled","2016","2016","1000 USD","5811","A","Official value"
"TM","Detailed trade matrix","704","Viet Nam","266","Gabon","5922","Export value","23161.02","Rice, milled","2017","2017","1000 USD","4033","A","Official value"
"TM","Detailed trade matrix","704","Viet Nam","270","Gambia","5910","Export quantity","23161.02","Rice, milled","2012","2012","t","125","A","Official value"
"TM","Detailed trade matrix","704","Viet Nam","270","Gambia","5910","Export quantity","23161.02","Rice, milled","2013","2013","t","275","A","Official value"
"TM","Detailed trade matrix","704","Viet Nam","270","Gambia","5910","Export quantity","23161.02","Rice, milled","2015","2015","t","272","A","Official value"
"TM","Detailed trade matrix","704","Viet Nam","270","Gambia","5910","Export quantity","23161.02","Rice, milled","2016","2016","t","169","A","Official value"
"TM","Detailed trade matrix","704","Viet Nam","270","Gambia","5922","Export value","23161.02","Rice, milled","2012","2012","1000 USD","54","A","Official value"
"TM","Detailed trade matrix","704","Viet Nam","270","Gambia","5922","Export value","23161.02","Rice, milled","2013","2013","1000 USD","100","A","Official value"
"TM","Detailed trade matrix","704","Viet Nam","270","Gambia","5922","Export value","23161.02","Rice, milled","2015","2015","1000 USD","115","A","Official value"
"TM","Detailed trade matrix","704","Viet Nam","270","Gambia","5922","Export value","23161.02","Rice, milled","2016","2016","1000 USD","81","A","Official value"
"TM","Detailed trade matrix","704","Viet Nam","268","Georgia","5910","Export quantity","23161.02","Rice, milled","2012","2012","t","1623","A","Official value"
"TM","Detailed trade matrix","704","Viet Nam","268","Georgia","5910","Export quantity","23161.02","Rice, milled","2013","2013","t","2795","A","Official value"
"TM","Detailed trade matrix","704","Viet Nam","268","Georgia","5910","Export quantity","23161.02","Rice, milled","2014","2014","t","1319.23","A","Official value"
"TM","Detailed trade matrix","704","Viet Nam","268","Georgia","5910","Export quantity","23161.02","Rice, milled","2015","2015","t","1076","A","Official value"
"TM","Detailed trade matrix","704","Viet Nam","268","Georgia","5910","Export quantity","23161.02","Rice, milled","2016","2016","t","333","A","Official value"
"TM","Detailed trade matrix","704","Viet Nam","268","Georgia","5910","Export quantity","23161.02","Rice, milled","2017","2017","t","1417","A","Official value"
"TM","Detailed trade matrix","704","Viet Nam","268","Georgia","5922","Export value","23161.02","Rice, milled","2012","2012","1000 USD","817","A","Official value"
"TM","Detailed trade matrix","704","Viet Nam","268","Georgia","5922","Export value","23161.02","Rice, milled","2013","2013","1000 USD","1278","A","Official value"
"TM","Detailed trade matrix","704","Viet Nam","268","Georgia","5922","Export value","23161.02","Rice, milled","2014","2014","1000 USD","760","A","Official value"
"TM","Detailed trade matrix","704","Viet Nam","268","Georgia","5922","Export value","23161.02","Rice, milled","2015","2015","1000 USD","472","A","Official value"
"TM","Detailed trade matrix","704","Viet Nam","268","Georgia","5922","Export value","23161.02","Rice, milled","2016","2016","1000 USD","143","A","Official value"
"TM","Detailed trade matrix","704","Viet Nam","268","Georgia","5922","Export value","23161.02","Rice, milled","2017","2017","1000 USD","574","A","Official value"
"TM","Detailed trade matrix","704","Viet Nam","276","Germany","5610","Import quantity","23161.02","Rice, milled","2022","2022","t","27.78","A","Official value"
"TM","Detailed trade matrix","704","Viet Nam","276","Germany","5622","Import value","23161.02","Rice, milled","2022","2022","1000 USD","13","A","Official value"
"TM","Detailed trade matrix","704","Viet Nam","276","Germany","5910","Export quantity","23161.02","Rice, milled","2012","2012","t","1281","A","Official value"
"TM","Detailed trade matrix","704","Viet Nam","276","Germany","5910","Export quantity","23161.02","Rice, milled","2013","2013","t","1708","A","Official value"
"TM","Detailed trade matrix","704","Viet Nam","276","Germany","5910","Export quantity","23161.02","Rice, milled","2014","2014","t","1087.55","A","Official value"
"TM","Detailed trade matrix","704","Viet Nam","276","Germany","5910","Export quantity","23161.02","Rice, milled","2015","2015","t","1066","A","Official value"
"TM","Detailed trade matrix","704","Viet Nam","276","Germany","5910","Export quantity","23161.02","Rice, milled","2016","2016","t","1771.73","A","Official value"
"TM","Detailed trade matrix","704","Viet Nam","276","Germany","5910","Export quantity","23161.02","Rice, milled","2017","2017","t","1548.6","A","Official value"
"TM","Detailed trade matrix","704","Viet Nam","276","Germany","5910","Export quantity","23161.02","Rice, milled","2018","2018","t","3145.34","A","Official value"
"TM","Detailed trade matrix","704","Viet Nam","276","Germany","5910","Export quantity","23161.02","Rice, milled","2019","2019","t","6231.7","A","Official value"
"TM","Detailed trade matrix","704","Viet Nam","276","Germany","5910","Export quantity","23161.02","Rice, milled","2020","2020","t","7554.93","I","Value imputed by a receiving agency"
"TM","Detailed trade matrix","704","Viet Nam","276","Germany","5910","Export quantity","23161.02","Rice, milled","2021","2021","t","14229.51","A","Official value"
"TM","Detailed trade matrix","704","Viet Nam","276","Germany","5910","Export quantity","23161.02","Rice, milled","2022","2022","t","15582.43","A","Official value"
"TM","Detailed trade matrix","704","Viet Nam","276","Germany","5910","Export quantity","23161.02","Rice, milled","2023","2023","t","23596.19","I","Value imputed by a receiving agency"
"TM","Detailed trade matrix","704","Viet Nam","276","Germany","5922","Export value","23161.02","Rice, milled","2012","2012","1000 USD","850","A","Official value"
"TM","Detailed trade matrix","704","Viet Nam","276","Germany","5922","Export value","23161.02","Rice, milled","2013","2013","1000 USD","978","A","Official value"
"TM","Detailed trade matrix","704","Viet Nam","276","Germany","5922","Export value","23161.02","Rice, milled","2014","2014","1000 USD","728","A","Official value"
"TM","Detailed trade matrix","704","Viet Nam","276","Germany","5922","Export value","23161.02","Rice, milled","2015","2015","1000 USD","589","A","Official value"
"TM","Detailed trade matrix","704","Viet Nam","276","Germany","5922","Export value","23161.02","Rice, milled","2016","2016","1000 USD","1103","A","Official value"
"TM","Detailed trade matrix","704","Viet Nam","276","Germany","5922","Export value","23161.02","Rice, milled","2017","2017","1000 USD","719","A","Official value"
"TM","Detailed trade matrix","704","Viet Nam","276","Germany","5922","Export value","23161.02","Rice, milled","2018","2018","1000 USD","1573","A","Official value"
"TM","Detailed trade matrix","704","Viet Nam","276","Germany","5922","Export value","23161.02","Rice, milled","2019","2019","1000 USD","3462","A","Official value"
"TM","Detailed trade matrix","704","Viet Nam","276","Germany","5922","Export value","23161.02","Rice, milled","2020","2020","1000 USD","5180","A","Official value"
"TM","Detailed trade matrix","704","Viet Nam","276","Germany","5922","Export value","23161.02","Rice, milled","2021","2021","1000 USD","11249","A","Official value"
"TM","Detailed trade matrix","704","Viet Nam","276","Germany","5922","Export value","23161.02","Rice, milled","2022","2022","1000 USD","12096","A","Official value"
"TM","Detailed trade matrix","704","Viet Nam","276","Germany","5922","Export value","23161.02","Rice, milled","2023","2023","1000 USD","17507","A","Official value"
"TM","Detailed trade matrix","704","Viet Nam","288","Ghana","5910","Export quantity","23161.02","Rice, milled","2012","2012","t","285359","A","Official value"
"TM","Detailed trade matrix","704","Viet Nam","288","Ghana","5910","Export quantity","23161.02","Rice, milled","2013","2013","t","360728","A","Official value"
"TM","Detailed trade matrix","704","Viet Nam","288","Ghana","5910","Export quantity","23161.02","Rice, milled","2014","2014","t","303265.15","A","Official value"
"TM","Detailed trade matrix","704","Viet Nam","288","Ghana","5910","Export quantity","23161.02","Rice, milled","2015","2015","t","347616.42","A","Official value"
"TM","Detailed trade matrix","704","Viet Nam","288","Ghana","5910","Export quantity","23161.02","Rice, milled","2016","2016","t","461131","A","Official value"
"TM","Detailed trade matrix","704","Viet Nam","288","Ghana","5910","Export quantity","23161.02","Rice, milled","2017","2017","t","364104","A","Official value"
"TM","Detailed trade matrix","704","Viet Nam","288","Ghana","5910","Export quantity","23161.02","Rice, milled","2018","2018","t","418465.94","A","Official value"
"TM","Detailed trade matrix","704","Viet Nam","288","Ghana","5910","Export quantity","23161.02","Rice, milled","2019","2019","t","400209.9","A","Official value"
"TM","Detailed trade matrix","704","Viet Nam","288","Ghana","5910","Export quantity","23161.02","Rice, milled","2020","2020","t","478415.38","I","Value imputed by a receiving agency"
"TM","Detailed trade matrix","704","Viet Nam","288","Ghana","5910","Export quantity","23161.02","Rice, milled","2021","2021","t","635470.04","A","Official value"
"TM","Detailed trade matrix","704","Viet Nam","288","Ghana","5910","Export quantity","23161.02","Rice, milled","2022","2022","t","426645.41","A","Official value"
"TM","Detailed trade matrix","704","Viet Nam","288","Ghana","5910","Export quantity","23161.02","Rice, milled","2023","2023","t","561043.83","I","Value imputed by a receiving agency"
"TM","Detailed trade matrix","704","Viet Nam","288","Ghana","5922","Export value","23161.02","Rice, milled","2012","2012","1000 USD","139988","A","Official value"
"TM","Detailed trade matrix","704","Viet Nam","288","Ghana","5922","Export value","23161.02","Rice, milled","2013","2013","1000 USD","174844","A","Official value"
"TM","Detailed trade matrix","704","Viet Nam","288","Ghana","5922","Export value","23161.02","Rice, milled","2014","2014","1000 USD","170113","A","Official value"
"TM","Detailed trade matrix","704","Viet Nam","288","Ghana","5922","Export value","23161.02","Rice, milled","2015","2015","1000 USD","178931","A","Official value"
"TM","Detailed trade matrix","704","Viet Nam","288","Ghana","5922","Export value","23161.02","Rice, milled","2016","2016","1000 USD","230193","A","Official value"
"TM","Detailed trade matrix","704","Viet Nam","288","Ghana","5922","Export value","23161.02","Rice, milled","2017","2017","1000 USD","198542","A","Official value"
"TM","Detailed trade matrix","704","Viet Nam","288","Ghana","5922","Export value","23161.02","Rice, milled","2018","2018","1000 USD","209246","A","Official value"
"TM","Detailed trade matrix","704","Viet Nam","288","Ghana","5922","Export value","23161.02","Rice, milled","2019","2019","1000 USD","201708","A","Official value"
"TM","Detailed trade matrix","704","Viet Nam","288","Ghana","5922","Export value","23161.02","Rice, milled","2020","2020","1000 USD","265728","A","Official value"
"TM","Detailed trade matrix","704","Viet Nam","288","Ghana","5922","Export value","23161.02","Rice, milled","2021","2021","1000 USD","374865","A","Official value"
"TM","Detailed trade matrix","704","Viet Nam","288","Ghana","5922","Export value","23161.02","Rice, milled","2022","2022","1000 USD","224110","A","Official value"
"TM","Detailed trade matrix","704","Viet Nam","288","Ghana","5922","Export value","23161.02","Rice, milled","2023","2023","1000 USD","349902","A","Official value"
"TM","Detailed trade matrix","704","Viet Nam","300","Greece","5910","Export quantity","23161.02","Rice, milled","2012","2012","t","22","A","Official value"
"TM","Detailed trade matrix","704","Viet Nam","300","Greece","5910","Export quantity","23161.02","Rice, milled","2013","2013","t","81","A","Official value"
"TM","Detailed trade matrix","704","Viet Nam","300","Greece","5910","Export quantity","23161.02","Rice, milled","2014","2014","t","377","A","Official value"
"TM","Detailed trade matrix","704","Viet Nam","300","Greece","5910","Export quantity","23161.02","Rice, milled","2015","2015","t","97.66","A","Official value"
"TM","Detailed trade matrix","704","Viet Nam","300","Greece","5910","Export quantity","23161.02","Rice, milled","2016","2016","t","419.47","A","Official value"
"TM","Detailed trade matrix","704","Viet Nam","300","Greece","5910","Export quantity","23161.02","Rice, milled","2017","2017","t","169.4","A","Official value"
"TM","Detailed trade matrix","704","Viet Nam","300","Greece","5910","Export quantity","23161.02","Rice, milled","2018","2018","t","143.12","A","Official value"
"TM","Detailed trade matrix","704","Viet Nam","300","Greece","5910","Export quantity","23161.02","Rice, milled","2019","2019","t","244.05","A","Official value"
"TM","Detailed trade matrix","704","Viet Nam","300","Greece","5910","Export quantity","23161.02","Rice, milled","2020","2020","t","225.45","I","Value imputed by a receiving agency"
"TM","Detailed trade matrix","704","Viet Nam","300","Greece","5910","Export quantity","23161.02","Rice, milled","2021","2021","t","406.2","A","Official value"
"TM","Detailed trade matrix","704","Viet Nam","300","Greece","5910","Export quantity","23161.02","Rice, milled","2022","2022","t","169.75","A","Official value"
"TM","Detailed trade matrix","704","Viet Nam","300","Greece","5910","Export quantity","23161.02","Rice, milled","2023","2023","t","987.65","I","Value imputed by a receiving agency"
"TM","Detailed trade matrix","704","Viet Nam","300","Greece","5922","Export value","23161.02","Rice, milled","2012","2012","1000 USD","17","A","Official value"
"TM","Detailed trade matrix","704","Viet Nam","300","Greece","5922","Export value","23161.02","Rice, milled","2013","2013","1000 USD","43","A","Official value"
"TM","Detailed trade matrix","704","Viet Nam","300","Greece","5922","Export value","23161.02","Rice, milled","2014","2014","1000 USD","209","A","Official value"
"TM","Detailed trade matrix","704","Viet Nam","300","Greece","5922","Export value","23161.02","Rice, milled","2015","2015","1000 USD","47","A","Official value"
"TM","Detailed trade matrix","704","Viet Nam","300","Greece","5922","Export value","23161.02","Rice, milled","2016","2016","1000 USD","186","A","Official value"
"TM","Detailed trade matrix","704","Viet Nam","300","Greece","5922","Export value","23161.02","Rice, milled","2017","2017","1000 USD","85","A","Official value"
"TM","Detailed trade matrix","704","Viet Nam","300","Greece","5922","Export value","23161.02","Rice, milled","2018","2018","1000 USD","72","A","Official value"
"TM","Detailed trade matrix","704","Viet Nam","300","Greece","5922","Export value","23161.02","Rice, milled","2019","2019","1000 USD","125","A","Official value"
"TM","Detailed trade matrix","704","Viet Nam","300","Greece","5922","Export value","23161.02","Rice, milled","2020","2020","1000 USD","124","A","Official value"
"TM","Detailed trade matrix","704","Viet Nam","300","Greece","5922","Export value","23161.02","Rice, milled","2021","2021","1000 USD","273","A","Official value"
"TM","Detailed trade matrix","704","Viet Nam","300","Greece","5922","Export value","23161.02","Rice, milled","2022","2022","1000 USD","132","A","Official value"
"TM","Detailed trade matrix","704","Viet Nam","300","Greece","5922","Export value","23161.02","Rice, milled","2023","2023","1000 USD","777","A","Official value"
"TM","Detailed trade matrix","704","Viet Nam","324","Guinea","5910","Export quantity","23161.02","Rice, milled","2012","2012","t","54800","A","Official value"
"TM","Detailed trade matrix","704","Viet Nam","324","Guinea","5910","Export quantity","23161.02","Rice, milled","2013","2013","t","43342","A","Official value"
"TM","Detailed trade matrix","704","Viet Nam","324","Guinea","5910","Export quantity","23161.02","Rice, milled","2014","2014","t","91.5","A","Official value"
"TM","Detailed trade matrix","704","Viet Nam","324","Guinea","5910","Export quantity","23161.02","Rice, milled","2015","2015","t","21523","A","Official value"
"TM","Detailed trade matrix","704","Viet Nam","324","Guinea","5910","Export quantity","23161.02","Rice, milled","2016","2016","t","41.5","A","Official value"
"TM","Detailed trade matrix","704","Viet Nam","324","Guinea","5910","Export quantity","23161.02","Rice, milled","2017","2017","t","960","A","Official value"
"TM","Detailed trade matrix","704","Viet Nam","324","Guinea","5922","Export value","23161.02","Rice, milled","2012","2012","1000 USD","22143","A","Official value"
"TM","Detailed trade matrix","704","Viet Nam","324","Guinea","5922","Export value","23161.02","Rice, milled","2013","2013","1000 USD","17363","A","Official value"
"TM","Detailed trade matrix","704","Viet Nam","324","Guinea","5922","Export value","23161.02","Rice, milled","2014","2014","1000 USD","72","A","Official value"
"TM","Detailed trade matrix","704","Viet Nam","324","Guinea","5922","Export value","23161.02","Rice, milled","2015","2015","1000 USD","7297","A","Official value"
"TM","Detailed trade matrix","704","Viet Nam","324","Guinea","5922","Export value","23161.02","Rice, milled","2016","2016","1000 USD","25","A","Official value"
"TM","Detailed trade matrix","704","Viet Nam","324","Guinea","5922","Export value","23161.02","Rice, milled","2017","2017","1000 USD","609","A","Official value"
"TM","Detailed trade matrix","704","Viet Nam","624","Guinea-Bissau","5910","Export quantity","23161.02","Rice, milled","2013","2013","t","6878","A","Official value"
"TM","Detailed trade matrix","704","Viet Nam","624","Guinea-Bissau","5910","Export quantity","23161.02","Rice, milled","2015","2015","t","95","A","Official value"
"TM","Detailed trade matrix","704","Viet Nam","624","Guinea-Bissau","5910","Export quantity","23161.02","Rice, milled","2016","2016","t","92","A","Official value"
"TM","Detailed trade matrix","704","Viet Nam","624","Guinea-Bissau","5910","Export quantity","23161.02","Rice, milled","2017","2017","t","47.5","A","Official value"
"TM","Detailed trade matrix","704","Viet Nam","624","Guinea-Bissau","5922","Export value","23161.02","Rice, milled","2013","2013","1000 USD","2428","A","Official value"
"TM","Detailed trade matrix","704","Viet Nam","624","Guinea-Bissau","5922","Export value","23161.02","Rice, milled","2015","2015","1000 USD","54","A","Official value"
"TM","Detailed trade matrix","704","Viet Nam","624","Guinea-Bissau","5922","Export value","23161.02","Rice, milled","2016","2016","1000 USD","58","A","Official value"
"TM","Detailed trade matrix","704","Viet Nam","624","Guinea-Bissau","5922","Export value","23161.02","Rice, milled","2017","2017","1000 USD","27","A","Official value"
"TM","Detailed trade matrix","704","Viet Nam","332","Haiti","5910","Export quantity","23161.02","Rice, milled","2012","2012","t","3271","A","Official value"
"TM","Detailed trade matrix","704","Viet Nam","332","Haiti","5910","Export quantity","23161.02","Rice, milled","2013","2013","t","72364","A","Official value"
"TM","Detailed trade matrix","704","Viet Nam","332","Haiti","5910","Export quantity","23161.02","Rice, milled","2014","2014","t","22726.78","A","Official value"
"TM","Detailed trade matrix","704","Viet Nam","332","Haiti","5910","Export quantity","23161.02","Rice, milled","2015","2015","t","36141.82","A","Official value"
"TM","Detailed trade matrix","704","Viet Nam","332","Haiti","5910","Export quantity","23161.02","Rice, milled","2016","2016","t","18469.6","A","Official value"
"TM","Detailed trade matrix","704","Viet Nam","332","Haiti","5910","Export quantity","23161.02","Rice, milled","2017","2017","t","18088.5","A","Official value"
"TM","Detailed trade matrix","704","Viet Nam","332","Haiti","5922","Export value","23161.02","Rice, milled","2012","2012","1000 USD","1292","A","Official value"
"TM","Detailed trade matrix","704","Viet Nam","332","Haiti","5922","Export value","23161.02","Rice, milled","2013","2013","1000 USD","35172","A","Official value"
"TM","Detailed trade matrix","704","Viet Nam","332","Haiti","5922","Export value","23161.02","Rice, milled","2014","2014","1000 USD","11933","A","Official value"
"TM","Detailed trade matrix","704","Viet Nam","332","Haiti","5922","Export value","23161.02","Rice, milled","2015","2015","1000 USD","16611","A","Official value"
"TM","Detailed trade matrix","704","Viet Nam","332","Haiti","5922","Export value","23161.02","Rice, milled","2016","2016","1000 USD","8972","A","Official value"
"TM","Detailed trade matrix","704","Viet Nam","332","Haiti","5922","Export value","23161.02","Rice, milled","2017","2017","1000 USD","9023","A","Official value"
"TM","Detailed trade matrix","704","Viet Nam","340","Honduras","5910","Export quantity","23161.02","Rice, milled","2014","2014","t","51300","A","Official value"
"TM","Detailed trade matrix","704","Viet Nam","340","Honduras","5922","Export value","23161.02","Rice, milled","2014","2014","1000 USD","22466","A","Official value"
"TM","Detailed trade matrix","704","Viet Nam","348","Hungary","5910","Export quantity","23161.02","Rice, milled","2012","2012","t","643","A","Official value"
"TM","Detailed trade matrix","704","Viet Nam","348","Hungary","5910","Export quantity","23161.02","Rice, milled","2013","2013","t","2185","A","Official value"
"TM","Detailed trade matrix","704","Viet Nam","348","Hungary","5910","Export quantity","23161.02","Rice, milled","2014","2014","t","427.64","A","Official value"
"TM","Detailed trade matrix","704","Viet Nam","348","Hungary","5910","Export quantity","23161.02","Rice, milled","2015","2015","t","2475","A","Official value"
"TM","Detailed trade matrix","704","Viet Nam","348","Hungary","5910","Export quantity","23161.02","Rice, milled","2016","2016","t","1607.65","A","Official value"
"TM","Detailed trade matrix","704","Viet Nam","348","Hungary","5910","Export quantity","23161.02","Rice, milled","2017","2017","t","456","A","Official value"
"TM","Detailed trade matrix","704","Viet Nam","348","Hungary","5910","Export quantity","23161.02","Rice, milled","2018","2018","t","1549.51","A","Official value"
"TM","Detailed trade matrix","704","Viet Nam","348","Hungary","5910","Export quantity","23161.02","Rice, milled","2019","2019","t","1241.95","A","Official value"
"TM","Detailed trade matrix","704","Viet Nam","348","Hungary","5910","Export quantity","23161.02","Rice, milled","2020","2020","t","2373.41","I","Value imputed by a receiving agency"
"TM","Detailed trade matrix","704","Viet Nam","348","Hungary","5910","Export quantity","23161.02","Rice, milled","2021","2021","t","545.82","A","Official value"
"TM","Detailed trade matrix","704","Viet Nam","348","Hungary","5910","Export quantity","23161.02","Rice, milled","2022","2022","t","525.56","A","Official value"
"TM","Detailed trade matrix","704","Viet Nam","348","Hungary","5910","Export quantity","23161.02","Rice, milled","2023","2023","t","6362.45","I","Value imputed by a receiving agency"
"TM","Detailed trade matrix","704","Viet Nam","348","Hungary","5922","Export value","23161.02","Rice, milled","2012","2012","1000 USD","341","A","Official value"
"TM","Detailed trade matrix","704","Viet Nam","348","Hungary","5922","Export value","23161.02","Rice, milled","2013","2013","1000 USD","951","A","Official value"
"TM","Detailed trade matrix","704","Viet Nam","348","Hungary","5922","Export value","23161.02","Rice, milled","2014","2014","1000 USD","280","A","Official value"
"TM","Detailed trade matrix","704","Viet Nam","348","Hungary","5922","Export value","23161.02","Rice, milled","2015","2015","1000 USD","941","A","Official value"
"TM","Detailed trade matrix","704","Viet Nam","348","Hungary","5922","Export value","23161.02","Rice, milled","2016","2016","1000 USD","695","A","Official value"
"TM","Detailed trade matrix","704","Viet Nam","348","Hungary","5922","Export value","23161.02","Rice, milled","2017","2017","1000 USD","170","A","Official value"
"TM","Detailed trade matrix","704","Viet Nam","348","Hungary","5922","Export value","23161.02","Rice, milled","2018","2018","1000 USD","775","A","Official value"
"TM","Detailed trade matrix","704","Viet Nam","348","Hungary","5922","Export value","23161.02","Rice, milled","2019","2019","1000 USD","682","A","Official value"
"TM","Detailed trade matrix","704","Viet Nam","348","Hungary","5922","Export value","23161.02","Rice, milled","2020","2020","1000 USD","1391","A","Official value"
"TM","Detailed trade matrix","704","Viet Nam","348","Hungary","5922","Export value","23161.02","Rice, milled","2021","2021","1000 USD","352","A","Official value"
"TM","Detailed trade matrix","704","Viet Nam","348","Hungary","5922","Export value","23161.02","Rice, milled","2022","2022","1000 USD","304","A","Official value"
"TM","Detailed trade matrix","704","Viet Nam","348","Hungary","5922","Export value","23161.02","Rice, milled","2023","2023","1000 USD","3530","A","Official value"
"TM","Detailed trade matrix","704","Viet Nam","352","Iceland","5910","Export quantity","23161.02","Rice, milled","2015","2015","t","326.72","A","Official value"
"TM","Detailed trade matrix","704","Viet Nam","352","Iceland","5910","Export quantity","23161.02","Rice, milled","2016","2016","t","460","A","Official value"
"TM","Detailed trade matrix","704","Viet Nam","352","Iceland","5910","Export quantity","23161.02","Rice, milled","2018","2018","t","1394.03","A","Official value"
"TM","Detailed trade matrix","704","Viet Nam","352","Iceland","5910","Export quantity","23161.02","Rice, milled","2019","2019","t","966","A","Official value"
"TM","Detailed trade matrix","704","Viet Nam","352","Iceland","5910","Export quantity","23161.02","Rice, milled","2020","2020","t","434.78","I","Value imputed by a receiving agency"
"TM","Detailed trade matrix","704","Viet Nam","352","Iceland","5910","Export quantity","23161.02","Rice, milled","2022","2022","t","123.7","A","Official value"
"TM","Detailed trade matrix","704","Viet Nam","352","Iceland","5910","Export quantity","23161.02","Rice, milled","2023","2023","t","42","A","Official value"
"TM","Detailed trade matrix","704","Viet Nam","352","Iceland","5922","Export value","23161.02","Rice, milled","2015","2015","1000 USD","200","A","Official value"
"TM","Detailed trade matrix","704","Viet Nam","352","Iceland","5922","Export value","23161.02","Rice, milled","2016","2016","1000 USD","274","A","Official value"
"TM","Detailed trade matrix","704","Viet Nam","352","Iceland","5922","Export value","23161.02","Rice, milled","2018","2018","1000 USD","697","A","Official value"
"TM","Detailed trade matrix","704","Viet Nam","352","Iceland","5922","Export value","23161.02","Rice, milled","2019","2019","1000 USD","573","A","Official value"
"TM","Detailed trade matrix","704","Viet Nam","352","Iceland","5922","Export value","23161.02","Rice, milled","2020","2020","1000 USD","262","A","Official value"
"TM","Detailed trade matrix","704","Viet Nam","352","Iceland","5922","Export value","23161.02","Rice, milled","2022","2022","1000 USD","129","A","Official value"
"TM","Detailed trade matrix","704","Viet Nam","352","Iceland","5922","Export value","23161.02","Rice, milled","2023","2023","1000 USD","40","A","Official value"
"TM","Detailed trade matrix","704","Viet Nam","356","India","5610","Import quantity","23161.02","Rice, milled","2012","2012","t","1","A","Official value"
"TM","Detailed trade matrix","704","Viet Nam","356","India","5610","Import quantity","23161.02","Rice, milled","2013","2013","t","0","A","Official value"
"TM","Detailed trade matrix","704","Viet Nam","356","India","5610","Import quantity","23161.02","Rice, milled","2014","2014","t","26","A","Official value"
"TM","Detailed trade matrix","704","Viet Nam","356","India","5610","Import quantity","23161.02","Rice, milled","2015","2015","t","16.58","A","Official value"
"TM","Detailed trade matrix","704","Viet Nam","356","India","5610","Import quantity","23161.02","Rice, milled","2016","2016","t","20.3","A","Official value"
"TM","Detailed trade matrix","704","Viet Nam","356","India","5610","Import quantity","23161.02","Rice, milled","2017","2017","t","18.3","A","Official value"
"TM","Detailed trade matrix","704","Viet Nam","356","India","5610","Import quantity","23161.02","Rice, milled","2018","2018","t","117.24","A","Official value"
"TM","Detailed trade matrix","704","Viet Nam","356","India","5610","Import quantity","23161.02","Rice, milled","2019","2019","t","181.82","A","Official value"
"TM","Detailed trade matrix","704","Viet Nam","356","India","5610","Import quantity","23161.02","Rice, milled","2020","2020","t","11950.58","I","Value imputed by a receiving agency"
"TM","Detailed trade matrix","704","Viet Nam","356","India","5610","Import quantity","23161.02","Rice, milled","2021","2021","t","314814.77","I","Value imputed by a receiving agency"
"TM","Detailed trade matrix","704","Viet Nam","356","India","5610","Import quantity","23161.02","Rice, milled","2022","2022","t","272100.75","I","Value imputed by a receiving agency"
"TM","Detailed trade matrix","704","Viet Nam","356","India","5610","Import quantity","23161.02","Rice, milled","2023","2023","t","144061.71","I","Value imputed by a receiving agency"
"TM","Detailed trade matrix","704","Viet Nam","356","India","5622","Import value","23161.02","Rice, milled","2012","2012","1000 USD","1","A","Official value"
"TM","Detailed trade matrix","704","Viet Nam","356","India","5622","Import value","23161.02","Rice, milled","2013","2013","1000 USD","6","A","Official value"
"TM","Detailed trade matrix","704","Viet Nam","356","India","5622","Import value","23161.02","Rice, milled","2014","2014","1000 USD","18","A","Official value"
"TM","Detailed trade matrix","704","Viet Nam","356","India","5622","Import value","23161.02","Rice, milled","2015","2015","1000 USD","10","A","Official value"
"TM","Detailed trade matrix","704","Viet Nam","356","India","5622","Import value","23161.02","Rice, milled","2016","2016","1000 USD","17","A","Official value"
"TM","Detailed trade matrix","704","Viet Nam","356","India","5622","Import value","23161.02","Rice, milled","2017","2017","1000 USD","27","A","Official value"
"TM","Detailed trade matrix","704","Viet Nam","356","India","5622","Import value","23161.02","Rice, milled","2018","2018","1000 USD","58","A","Official value"
"TM","Detailed trade matrix","704","Viet Nam","356","India","5622","Import value","23161.02","Rice, milled","2019","2019","1000 USD","88","A","Official value"
"TM","Detailed trade matrix","704","Viet Nam","356","India","5622","Import value","23161.02","Rice, milled","2020","2020","1000 USD","5852","A","Official value"
"TM","Detailed trade matrix","704","Viet Nam","356","India","5622","Import value","23161.02","Rice, milled","2021","2021","1000 USD","141555","A","Official value"
"TM","Detailed trade matrix","704","Viet Nam","356","India","5622","Import value","23161.02","Rice, milled","2022","2022","1000 USD","124576","A","Official value"
"TM","Detailed trade matrix","704","Viet Nam","356","India","5622","Import value","23161.02","Rice, milled","2023","2023","1000 USD","225858","A","Official value"
"TM","Detailed trade matrix","704","Viet Nam","356","India","5910","Export quantity","23161.02","Rice, milled","2012","2012","t","5","A","Official value"
"TM","Detailed trade matrix","704","Viet Nam","356","India","5910","Export quantity","23161.02","Rice, milled","2013","2013","t","5","A","Official value"
"TM","Detailed trade matrix","704","Viet Nam","356","India","5910","Export quantity","23161.02","Rice, milled","2017","2017","t","7","A","Official value"
"TM","Detailed trade matrix","704","Viet Nam","356","India","5910","Export quantity","23161.02","Rice, milled","2019","2019","t","32.92","A","Official value"
"TM","Detailed trade matrix","704","Viet Nam","356","India","5910","Export quantity","23161.02","Rice, milled","2020","2020","t","24.98","A","Official value"
"TM","Detailed trade matrix","704","Viet Nam","356","India","5910","Export quantity","23161.02","Rice, milled","2021","2021","t","73","A","Official value"
"TM","Detailed trade matrix","704","Viet Nam","356","India","5910","Export quantity","23161.02","Rice, milled","2022","2022","t","266.97","A","Official value"
"TM","Detailed trade matrix","704","Viet Nam","356","India","5910","Export quantity","23161.02","Rice, milled","2023","2023","t","2566.98","I","Value imputed by a receiving agency"
"TM","Detailed trade matrix","704","Viet Nam","356","India","5922","Export value","23161.02","Rice, milled","2012","2012","1000 USD","8","A","Official value"
"TM","Detailed trade matrix","704","Viet Nam","356","India","5922","Export value","23161.02","Rice, milled","2013","2013","1000 USD","2","A","Official value"
"TM","Detailed trade matrix","704","Viet Nam","356","India","5922","Export value","23161.02","Rice, milled","2017","2017","1000 USD","6","A","Official value"
"TM","Detailed trade matrix","704","Viet Nam","356","India","5922","Export value","23161.02","Rice, milled","2019","2019","1000 USD","24","A","Official value"
"TM","Detailed trade matrix","704","Viet Nam","356","India","5922","Export value","23161.02","Rice, milled","2020","2020","1000 USD","17","A","Official value"
"TM","Detailed trade matrix","704","Viet Nam","356","India","5922","Export value","23161.02","Rice, milled","2021","2021","1000 USD","57","A","Official value"
"TM","Detailed trade matrix","704","Viet Nam","356","India","5922","Export value","23161.02","Rice, milled","2022","2022","1000 USD","199","A","Official value"
"TM","Detailed trade matrix","704","Viet Nam","356","India","5922","Export value","23161.02","Rice, milled","2023","2023","1000 USD","1305","A","Official value"
"TM","Detailed trade matrix","704","Viet Nam","360","Indonesia","5910","Export quantity","23161.02","Rice, milled","2012","2012","t","907838","A","Official value"
"TM","Detailed trade matrix","704","Viet Nam","360","Indonesia","5910","Export quantity","23161.02","Rice, milled","2013","2013","t","152939","A","Official value"
"TM","Detailed trade matrix","704","Viet Nam","360","Indonesia","5910","Export quantity","23161.02","Rice, milled","2014","2014","t","314297.98","A","Official value"
"TM","Detailed trade matrix","704","Viet Nam","360","Indonesia","5910","Export quantity","23161.02","Rice, milled","2015","2015","t","663374.98","A","Official value"
"TM","Detailed trade matrix","704","Viet Nam","360","Indonesia","5910","Export quantity","23161.02","Rice, milled","2016","2016","t","313211","A","Official value"
"TM","Detailed trade matrix","704","Viet Nam","360","Indonesia","5910","Export quantity","23161.02","Rice, milled","2017","2017","t","200","A","Official value"
"TM","Detailed trade matrix","704","Viet Nam","360","Indonesia","5910","Export quantity","23161.02","Rice, milled","2018","2018","t","722279.44","I","Value imputed by a receiving agency"
"TM","Detailed trade matrix","704","Viet Nam","360","Indonesia","5910","Export quantity","23161.02","Rice, milled","2019","2019","t","12450","A","Official value"
"TM","Detailed trade matrix","704","Viet Nam","360","Indonesia","5910","Export quantity","23161.02","Rice, milled","2020","2020","t","45043.26","A","Official value"
"TM","Detailed trade matrix","704","Viet Nam","360","Indonesia","5910","Export quantity","23161.02","Rice, milled","2021","2021","t","62494.33","A","Official value"
"TM","Detailed trade matrix","704","Viet Nam","360","Indonesia","5910","Export quantity","23161.02","Rice, milled","2022","2022","t","112105.3","A","Official value"
"TM","Detailed trade matrix","704","Viet Nam","360","Indonesia","5910","Export quantity","23161.02","Rice, milled","2023","2023","t","1138670","A","Official value"
"TM","Detailed trade matrix","704","Viet Nam","360","Indonesia","5922","Export value","23161.02","Rice, milled","2012","2012","1000 USD","449690","A","Official value"
"TM","Detailed trade matrix","704","Viet Nam","360","Indonesia","5922","Export value","23161.02","Rice, milled","2013","2013","1000 USD","89255","A","Official value"
"TM","Detailed trade matrix","704","Viet Nam","360","Indonesia","5922","Export value","23161.02","Rice, milled","2014","2014","1000 USD","145753","A","Official value"
"TM","Detailed trade matrix","704","Viet Nam","360","Indonesia","5922","Export value","23161.02","Rice, milled","2015","2015","1000 USD","263365","A","Official value"
"TM","Detailed trade matrix","704","Viet Nam","360","Indonesia","5922","Export value","23161.02","Rice, milled","2016","2016","1000 USD","124295","A","Official value"
"TM","Detailed trade matrix","704","Viet Nam","360","Indonesia","5922","Export value","23161.02","Rice, milled","2017","2017","1000 USD","126","A","Official value"
"TM","Detailed trade matrix","704","Viet Nam","360","Indonesia","5922","Export value","23161.02","Rice, milled","2018","2018","1000 USD","361163","A","Official value"
"TM","Detailed trade matrix","704","Viet Nam","360","Indonesia","5922","Export value","23161.02","Rice, milled","2019","2019","1000 USD","5426","A","Official value"
"TM","Detailed trade matrix","704","Viet Nam","360","Indonesia","5922","Export value","23161.02","Rice, milled","2020","2020","1000 USD","20927","A","Official value"
"TM","Detailed trade matrix","704","Viet Nam","360","Indonesia","5922","Export value","23161.02","Rice, milled","2021","2021","1000 USD","30688","A","Official value"
"TM","Detailed trade matrix","704","Viet Nam","360","Indonesia","5922","Export value","23161.02","Rice, milled","2022","2022","1000 USD","55370","A","Official value"
"TM","Detailed trade matrix","704","Viet Nam","360","Indonesia","5922","Export value","23161.02","Rice, milled","2023","2023","1000 USD","625950","A","Official value"
"TM","Detailed trade matrix","704","Viet Nam","368","Iraq","5910","Export quantity","23161.02","Rice, milled","2018","2018","t","337298.62","A","Official value"
"TM","Detailed trade matrix","704","Viet Nam","368","Iraq","5910","Export quantity","23161.02","Rice, milled","2019","2019","t","300079","A","Official value"
"TM","Detailed trade matrix","704","Viet Nam","368","Iraq","5910","Export quantity","23161.02","Rice, milled","2020","2020","t","90000","A","Official value"
"TM","Detailed trade matrix","704","Viet Nam","368","Iraq","5910","Export quantity","23161.02","Rice, milled","2021","2021","t","19.45","A","Official value"
"TM","Detailed trade matrix","704","Viet Nam","368","Iraq","5910","Export quantity","23161.02","Rice, milled","2023","2023","t","234.98","I","Value imputed by a receiving agency"
"TM","Detailed trade matrix","704","Viet Nam","368","Iraq","5922","Export value","23161.02","Rice, milled","2018","2018","1000 USD","168660","A","Official value"
"TM","Detailed trade matrix","704","Viet Nam","368","Iraq","5922","Export value","23161.02","Rice, milled","2019","2019","1000 USD","154420","A","Official value"
"TM","Detailed trade matrix","704","Viet Nam","368","Iraq","5922","Export value","23161.02","Rice, milled","2020","2020","1000 USD","47610","A","Official value"
"TM","Detailed trade matrix","704","Viet Nam","368","Iraq","5922","Export value","23161.02","Rice, milled","2021","2021","1000 USD","15","A","Official value"
"TM","Detailed trade matrix","704","Viet Nam","368","Iraq","5922","Export value","23161.02","Rice, milled","2023","2023","1000 USD","150","A","Official value"
"TM","Detailed trade matrix","704","Viet Nam","372","Ireland","5910","Export quantity","23161.02","Rice, milled","2014","2014","t","18.14","A","Official value"
"TM","Detailed trade matrix","704","Viet Nam","372","Ireland","5910","Export quantity","23161.02","Rice, milled","2015","2015","t","18593.5","A","Official value"
"TM","Detailed trade matrix","704","Viet Nam","372","Ireland","5910","Export quantity","23161.02","Rice, milled","2017","2017","t","216.7","A","Official value"
"TM","Detailed trade matrix","704","Viet Nam","372","Ireland","5910","Export quantity","23161.02","Rice, milled","2018","2018","t","220.94","A","Official value"
"TM","Detailed trade matrix","704","Viet Nam","372","Ireland","5910","Export quantity","23161.02","Rice, milled","2020","2020","t","136.31","A","Official value"
"TM","Detailed trade matrix","704","Viet Nam","372","Ireland","5910","Export quantity","23161.02","Rice, milled","2021","2021","t","242.1","A","Official value"
"TM","Detailed trade matrix","704","Viet Nam","372","Ireland","5910","Export quantity","23161.02","Rice, milled","2022","2022","t","126.95","A","Official value"
"TM","Detailed trade matrix","704","Viet Nam","372","Ireland","5910","Export quantity","23161.02","Rice, milled","2023","2023","t","288.72","I","Value imputed by a receiving agency"
"TM","Detailed trade matrix","704","Viet Nam","372","Ireland","5922","Export value","23161.02","Rice, milled","2014","2014","1000 USD","10","A","Official value"
"TM","Detailed trade matrix","704","Viet Nam","372","Ireland","5922","Export value","23161.02","Rice, milled","2015","2015","1000 USD","9576","A","Official value"
"TM","Detailed trade matrix","704","Viet Nam","372","Ireland","5922","Export value","23161.02","Rice, milled","2017","2017","1000 USD","147","A","Official value"
"TM","Detailed trade matrix","704","Viet Nam","372","Ireland","5922","Export value","23161.02","Rice, milled","2018","2018","1000 USD","110","A","Official value"
"TM","Detailed trade matrix","704","Viet Nam","372","Ireland","5922","Export value","23161.02","Rice, milled","2020","2020","1000 USD","65","A","Official value"
"TM","Detailed trade matrix","704","Viet Nam","372","Ireland","5922","Export value","23161.02","Rice, milled","2021","2021","1000 USD","218","A","Official value"
"TM","Detailed trade matrix","704","Viet Nam","372","Ireland","5922","Export value","23161.02","Rice, milled","2022","2022","1000 USD","84","A","Official value"
"TM","Detailed trade matrix","704","Viet Nam","372","Ireland","5922","Export value","23161.02","Rice, milled","2023","2023","1000 USD","206","A","Official value"
"TM","Detailed trade matrix","704","Viet Nam","376","Israel","5910","Export quantity","23161.02","Rice, milled","2012","2012","t","15516","A","Official value"
"TM","Detailed trade matrix","704","Viet Nam","376","Israel","5910","Export quantity","23161.02","Rice, milled","2013","2013","t","12216","A","Official value"
"TM","Detailed trade matrix","704","Viet Nam","376","Israel","5910","Export quantity","23161.02","Rice, milled","2014","2014","t","8884.43","A","Official value"
"TM","Detailed trade matrix","704","Viet Nam","376","Israel","5910","Export quantity","23161.02","Rice, milled","2015","2015","t","3589.59","A","Official value"
"TM","Detailed trade matrix","704","Viet Nam","376","Israel","5910","Export quantity","23161.02","Rice, milled","2016","2016","t","4399.49","A","Official value"
"TM","Detailed trade matrix","704","Viet Nam","376","Israel","5910","Export quantity","23161.02","Rice, milled","2017","2017","t","4070.6","A","Official value"
"TM","Detailed trade matrix","704","Viet Nam","376","Israel","5910","Export quantity","23161.02","Rice, milled","2018","2018","t","6272.58","A","Official value"
"TM","Detailed trade matrix","704","Viet Nam","376","Israel","5910","Export quantity","23161.02","Rice, milled","2019","2019","t","6990.45","A","Official value"
"TM","Detailed trade matrix","704","Viet Nam","376","Israel","5910","Export quantity","23161.02","Rice, milled","2020","2020","t","5511.54","I","Value imputed by a receiving agency"
"TM","Detailed trade matrix","704","Viet Nam","376","Israel","5910","Export quantity","23161.02","Rice, milled","2021","2021","t","2716.08","A","Official value"
"TM","Detailed trade matrix","704","Viet Nam","376","Israel","5910","Export quantity","23161.02","Rice, milled","2022","2022","t","1972.83","A","Official value"
"TM","Detailed trade matrix","704","Viet Nam","376","Israel","5910","Export quantity","23161.02","Rice, milled","2023","2023","t","4095.81","I","Value imputed by a receiving agency"
"TM","Detailed trade matrix","704","Viet Nam","376","Israel","5922","Export value","23161.02","Rice, milled","2012","2012","1000 USD","8099","A","Official value"
"TM","Detailed trade matrix","704","Viet Nam","376","Israel","5922","Export value","23161.02","Rice, milled","2013","2013","1000 USD","5782","A","Official value"
"TM","Detailed trade matrix","704","Viet Nam","376","Israel","5922","Export value","23161.02","Rice, milled","2014","2014","1000 USD","4868","A","Official value"
"TM","Detailed trade matrix","704","Viet Nam","376","Israel","5922","Export value","23161.02","Rice, milled","2015","2015","1000 USD","1884","A","Official value"
"TM","Detailed trade matrix","704","Viet Nam","376","Israel","5922","Export value","23161.02","Rice, milled","2016","2016","1000 USD","2213","A","Official value"
"TM","Detailed trade matrix","704","Viet Nam","376","Israel","5922","Export value","23161.02","Rice, milled","2017","2017","1000 USD","2082","A","Official value"
"TM","Detailed trade matrix","704","Viet Nam","376","Israel","5922","Export value","23161.02","Rice, milled","2018","2018","1000 USD","3136","A","Official value"
"TM","Detailed trade matrix","704","Viet Nam","376","Israel","5922","Export value","23161.02","Rice, milled","2019","2019","1000 USD","3403","A","Official value"
"TM","Detailed trade matrix","704","Viet Nam","376","Israel","5922","Export value","23161.02","Rice, milled","2020","2020","1000 USD","3148","A","Official value"
"TM","Detailed trade matrix","704","Viet Nam","376","Israel","5922","Export value","23161.02","Rice, milled","2021","2021","1000 USD","1619","A","Official value"
"TM","Detailed trade matrix","704","Viet Nam","376","Israel","5922","Export value","23161.02","Rice, milled","2022","2022","1000 USD","1177","A","Official value"
"TM","Detailed trade matrix","704","Viet Nam","376","Israel","5922","Export value","23161.02","Rice, milled","2023","2023","1000 USD","2728","A","Official value"
"TM","Detailed trade matrix","704","Viet Nam","380","Italy","5610","Import quantity","23161.02","Rice, milled","2012","2012","t","5","A","Official value"
"TM","Detailed trade matrix","704","Viet Nam","380","Italy","5610","Import quantity","23161.02","Rice, milled","2013","2013","t","0","A","Official value"
"TM","Detailed trade matrix","704","Viet Nam","380","Italy","5610","Import quantity","23161.02","Rice, milled","2014","2014","t","28.19","A","Official value"
"TM","Detailed trade matrix","704","Viet Nam","380","Italy","5610","Import quantity","23161.02","Rice, milled","2015","2015","t","10.9","A","Official value"
"TM","Detailed trade matrix","704","Viet Nam","380","Italy","5610","Import quantity","23161.02","Rice, milled","2016","2016","t","8.19","A","Official value"
"TM","Detailed trade matrix","704","Viet Nam","380","Italy","5610","Import quantity","23161.02","Rice, milled","2017","2017","t","11.3","A","Official value"
"TM","Detailed trade matrix","704","Viet Nam","380","Italy","5610","Import quantity","23161.02","Rice, milled","2018","2018","t","53.41","A","Official value"
"TM","Detailed trade matrix","704","Viet Nam","380","Italy","5610","Import quantity","23161.02","Rice, milled","2019","2019","t","65.25","A","Official value"
"TM","Detailed trade matrix","704","Viet Nam","380","Italy","5610","Import quantity","23161.02","Rice, milled","2020","2020","t","41.86","A","Official value"
"TM","Detailed trade matrix","704","Viet Nam","380","Italy","5610","Import quantity","23161.02","Rice, milled","2021","2021","t","52.1","A","Official value"
"TM","Detailed trade matrix","704","Viet Nam","380","Italy","5610","Import quantity","23161.02","Rice, milled","2022","2022","t","58.15","A","Official value"
"TM","Detailed trade matrix","704","Viet Nam","380","Italy","5610","Import quantity","23161.02","Rice, milled","2023","2023","t","29.02","A","Official value"
"TM","Detailed trade matrix","704","Viet Nam","380","Italy","5622","Import value","23161.02","Rice, milled","2012","2012","1000 USD","17","A","Official value"
"TM","Detailed trade matrix","704","Viet Nam","380","Italy","5622","Import value","23161.02","Rice, milled","2013","2013","1000 USD","26","A","Official value"
"TM","Detailed trade matrix","704","Viet Nam","380","Italy","5622","Import value","23161.02","Rice, milled","2014","2014","1000 USD","20","A","Official value"
"TM","Detailed trade matrix","704","Viet Nam","380","Italy","5622","Import value","23161.02","Rice, milled","2015","2015","1000 USD","20","A","Official value"
"TM","Detailed trade matrix","704","Viet Nam","380","Italy","5622","Import value","23161.02","Rice, milled","2016","2016","1000 USD","19","A","Official value"
"TM","Detailed trade matrix","704","Viet Nam","380","Italy","5622","Import value","23161.02","Rice, milled","2017","2017","1000 USD","24","A","Official value"
"TM","Detailed trade matrix","704","Viet Nam","380","Italy","5622","Import value","23161.02","Rice, milled","2018","2018","1000 USD","26","A","Official value"
"TM","Detailed trade matrix","704","Viet Nam","380","Italy","5622","Import value","23161.02","Rice, milled","2019","2019","1000 USD","31","A","Official value"
"TM","Detailed trade matrix","704","Viet Nam","380","Italy","5622","Import value","23161.02","Rice, milled","2020","2020","1000 USD","20","A","Official value"
"TM","Detailed trade matrix","704","Viet Nam","380","Italy","5622","Import value","23161.02","Rice, milled","2021","2021","1000 USD","23","A","Official value"
"TM","Detailed trade matrix","704","Viet Nam","380","Italy","5622","Import value","23161.02","Rice, milled","2022","2022","1000 USD","27","A","Official value"
"TM","Detailed trade matrix","704","Viet Nam","380","Italy","5622","Import value","23161.02","Rice, milled","2023","2023","1000 USD","45","A","Official value"
"TM","Detailed trade matrix","704","Viet Nam","380","Italy","5910","Export quantity","23161.02","Rice, milled","2012","2012","t","1513","A","Official value"
"TM","Detailed trade matrix","704","Viet Nam","380","Italy","5910","Export quantity","23161.02","Rice, milled","2013","2013","t","1217","A","Official value"
"TM","Detailed trade matrix","704","Viet Nam","380","Italy","5910","Export quantity","23161.02","Rice, milled","2014","2014","t","1286","A","Official value"
"TM","Detailed trade matrix","704","Viet Nam","380","Italy","5910","Export quantity","23161.02","Rice, milled","2015","2015","t","1256","A","Official value"
"TM","Detailed trade matrix","704","Viet Nam","380","Italy","5910","Export quantity","23161.02","Rice, milled","2016","2016","t","1395","A","Official value"
"TM","Detailed trade matrix","704","Viet Nam","380","Italy","5910","Export quantity","23161.02","Rice, milled","2017","2017","t","946","A","Official value"
"TM","Detailed trade matrix","704","Viet Nam","380","Italy","5910","Export quantity","23161.02","Rice, milled","2018","2018","t","1711.43","A","Official value"
"TM","Detailed trade matrix","704","Viet Nam","380","Italy","5910","Export quantity","23161.02","Rice, milled","2019","2019","t","4619.01","A","Official value"
"TM","Detailed trade matrix","704","Viet Nam","380","Italy","5910","Export quantity","23161.02","Rice, milled","2020","2020","t","6748.49","I","Value imputed by a receiving agency"
"TM","Detailed trade matrix","704","Viet Nam","380","Italy","5910","Export quantity","23161.02","Rice, milled","2021","2021","t","7627.53","A","Official value"
"TM","Detailed trade matrix","704","Viet Nam","380","Italy","5910","Export quantity","23161.02","Rice, milled","2022","2022","t","28320.37","A","Official value"
"TM","Detailed trade matrix","704","Viet Nam","380","Italy","5910","Export quantity","23161.02","Rice, milled","2023","2023","t","3856.99","I","Value imputed by a receiving agency"
"TM","Detailed trade matrix","704","Viet Nam","380","Italy","5922","Export value","23161.02","Rice, milled","2012","2012","1000 USD","836","A","Official value"
"TM","Detailed trade matrix","704","Viet Nam","380","Italy","5922","Export value","23161.02","Rice, milled","2013","2013","1000 USD","593","A","Official value"
"TM","Detailed trade matrix","704","Viet Nam","380","Italy","5922","Export value","23161.02","Rice, milled","2014","2014","1000 USD","683","A","Official value"
"TM","Detailed trade matrix","704","Viet Nam","380","Italy","5922","Export value","23161.02","Rice, milled","2015","2015","1000 USD","600","A","Official value"
"TM","Detailed trade matrix","704","Viet Nam","380","Italy","5922","Export value","23161.02","Rice, milled","2016","2016","1000 USD","652","A","Official value"
"TM","Detailed trade matrix","704","Viet Nam","380","Italy","5922","Export value","23161.02","Rice, milled","2017","2017","1000 USD","403","A","Official value"
"TM","Detailed trade matrix","704","Viet Nam","380","Italy","5922","Export value","23161.02","Rice, milled","2018","2018","1000 USD","856","A","Official value"
"TM","Detailed trade matrix","704","Viet Nam","380","Italy","5922","Export value","23161.02","Rice, milled","2019","2019","1000 USD","2964","A","Official value"
"TM","Detailed trade matrix","704","Viet Nam","380","Italy","5922","Export value","23161.02","Rice, milled","2020","2020","1000 USD","4817","A","Official value"
"TM","Detailed trade matrix","704","Viet Nam","380","Italy","5922","Export value","23161.02","Rice, milled","2021","2021","1000 USD","5561","A","Official value"
"TM","Detailed trade matrix","704","Viet Nam","380","Italy","5922","Export value","23161.02","Rice, milled","2022","2022","1000 USD","19243","A","Official value"
"TM","Detailed trade matrix","704","Viet Nam","380","Italy","5922","Export value","23161.02","Rice, milled","2023","2023","1000 USD","2805","A","Official value"
"TM","Detailed trade matrix","704","Viet Nam","388","Jamaica","5910","Export quantity","23161.02","Rice, milled","2013","2013","t","925","A","Official value"
"TM","Detailed trade matrix","704","Viet Nam","388","Jamaica","5910","Export quantity","23161.02","Rice, milled","2014","2014","t","1410.4","A","Official value"
"TM","Detailed trade matrix","704","Viet Nam","388","Jamaica","5910","Export quantity","23161.02","Rice, milled","2015","2015","t","34.98","A","Official value"
"TM","Detailed trade matrix","704","Viet Nam","388","Jamaica","5910","Export quantity","23161.02","Rice, milled","2016","2016","t","34.43","A","Official value"
"TM","Detailed trade matrix","704","Viet Nam","388","Jamaica","5910","Export quantity","23161.02","Rice, milled","2017","2017","t","35.3","A","Official value"
"TM","Detailed trade matrix","704","Viet Nam","388","Jamaica","5922","Export value","23161.02","Rice, milled","2013","2013","1000 USD","356","A","Official value"
"TM","Detailed trade matrix","704","Viet Nam","388","Jamaica","5922","Export value","23161.02","Rice, milled","2014","2014","1000 USD","691","A","Official value"
"TM","Detailed trade matrix","704","Viet Nam","388","Jamaica","5922","Export value","23161.02","Rice, milled","2015","2015","1000 USD","22","A","Official value"
"TM","Detailed trade matrix","704","Viet Nam","388","Jamaica","5922","Export value","23161.02","Rice, milled","2016","2016","1000 USD","23","A","Official value"
"TM","Detailed trade matrix","704","Viet Nam","388","Jamaica","5922","Export value","23161.02","Rice, milled","2017","2017","1000 USD","28","A","Official value"
"TM","Detailed trade matrix","704","Viet Nam","392","Japan","5610","Import quantity","23161.02","Rice, milled","2013","2013","t","12","A","Official value"
"TM","Detailed trade matrix","704","Viet Nam","392","Japan","5610","Import quantity","23161.02","Rice, milled","2014","2014","t","1.64","A","Official value"
"TM","Detailed trade matrix","704","Viet Nam","392","Japan","5610","Import quantity","23161.02","Rice, milled","2015","2015","t","147.39","A","Official value"
"TM","Detailed trade matrix","704","Viet Nam","392","Japan","5610","Import quantity","23161.02","Rice, milled","2016","2016","t","89.25","A","Official value"
"TM","Detailed trade matrix","704","Viet Nam","392","Japan","5610","Import quantity","23161.02","Rice, milled","2017","2017","t","68.6","A","Official value"
"TM","Detailed trade matrix","704","Viet Nam","392","Japan","5610","Import quantity","23161.02","Rice, milled","2018","2018","t","692.63","A","Official value"
"TM","Detailed trade matrix","704","Viet Nam","392","Japan","5610","Import quantity","23161.02","Rice, milled","2019","2019","t","855.92","A","Official value"
"TM","Detailed trade matrix","704","Viet Nam","392","Japan","5610","Import quantity","23161.02","Rice, milled","2020","2020","t","594.94","A","Official value"
"TM","Detailed trade matrix","704","Viet Nam","392","Japan","5610","Import quantity","23161.02","Rice, milled","2021","2021","t","781.1","A","Official value"
"TM","Detailed trade matrix","704","Viet Nam","392","Japan","5610","Import quantity","23161.02","Rice, milled","2022","2022","t","543.37","A","Official value"
"TM","Detailed trade matrix","704","Viet Nam","392","Japan","5610","Import quantity","23161.02","Rice, milled","2023","2023","t","209.06","A","Official value"
"TM","Detailed trade matrix","704","Viet Nam","392","Japan","5622","Import value","23161.02","Rice, milled","2013","2013","1000 USD","32","A","Official value"
"TM","Detailed trade matrix","704","Viet Nam","392","Japan","5622","Import value","23161.02","Rice, milled","2014","2014","1000 USD","1","A","Official value"
"TM","Detailed trade matrix","704","Viet Nam","392","Japan","5622","Import value","23161.02","Rice, milled","2015","2015","1000 USD","86","A","Official value"
"TM","Detailed trade matrix","704","Viet Nam","392","Japan","5622","Import value","23161.02","Rice, milled","2016","2016","1000 USD","143","A","Official value"
"TM","Detailed trade matrix","704","Viet Nam","392","Japan","5622","Import value","23161.02","Rice, milled","2017","2017","1000 USD","188","A","Official value"
"TM","Detailed trade matrix","704","Viet Nam","392","Japan","5622","Import value","23161.02","Rice, milled","2018","2018","1000 USD","341","A","Official value"
"TM","Detailed trade matrix","704","Viet Nam","392","Japan","5622","Import value","23161.02","Rice, milled","2019","2019","1000 USD","413","A","Official value"
"TM","Detailed trade matrix","704","Viet Nam","392","Japan","5622","Import value","23161.02","Rice, milled","2020","2020","1000 USD","291","A","Official value"
"TM","Detailed trade matrix","704","Viet Nam","392","Japan","5622","Import value","23161.02","Rice, milled","2021","2021","1000 USD","351","A","Official value"
"TM","Detailed trade matrix","704","Viet Nam","392","Japan","5622","Import value","23161.02","Rice, milled","2022","2022","1000 USD","249","A","Official value"
"TM","Detailed trade matrix","704","Viet Nam","392","Japan","5622","Import value","23161.02","Rice, milled","2023","2023","1000 USD","328","A","Official value"
"TM","Detailed trade matrix","704","Viet Nam","392","Japan","5910","Export quantity","23161.02","Rice, milled","2012","2012","t","28374","A","Official value"
"TM","Detailed trade matrix","704","Viet Nam","392","Japan","5910","Export quantity","23161.02","Rice, milled","2013","2013","t","916","A","Official value"
"TM","Detailed trade matrix","704","Viet Nam","392","Japan","5910","Export quantity","23161.02","Rice, milled","2014","2014","t","11238.95","A","Official value"
"TM","Detailed trade matrix","704","Viet Nam","392","Japan","5910","Export quantity","23161.02","Rice, milled","2015","2015","t","5180","A","Official value"
"TM","Detailed trade matrix","704","Viet Nam","392","Japan","5910","Export quantity","23161.02","Rice, milled","2016","2016","t","750.55","A","Official value"
"TM","Detailed trade matrix","704","Viet Nam","392","Japan","5910","Export quantity","23161.02","Rice, milled","2017","2017","t","150.3","A","Official value"
"TM","Detailed trade matrix","704","Viet Nam","392","Japan","5910","Export quantity","23161.02","Rice, milled","2018","2018","t","162.34","A","Official value"
"TM","Detailed trade matrix","704","Viet Nam","392","Japan","5910","Export quantity","23161.02","Rice, milled","2019","2019","t","125.3","A","Official value"
"TM","Detailed trade matrix","704","Viet Nam","392","Japan","5910","Export quantity","23161.02","Rice, milled","2020","2020","t","149.55","I","Value imputed by a receiving agency"
"TM","Detailed trade matrix","704","Viet Nam","392","Japan","5910","Export quantity","23161.02","Rice, milled","2021","2021","t","285.24","A","Official value"
"TM","Detailed trade matrix","704","Viet Nam","392","Japan","5910","Export quantity","23161.02","Rice, milled","2022","2022","t","684.02","A","Official value"
"TM","Detailed trade matrix","704","Viet Nam","392","Japan","5910","Export quantity","23161.02","Rice, milled","2023","2023","t","314.2","I","Value imputed by a receiving agency"
"TM","Detailed trade matrix","704","Viet Nam","392","Japan","5922","Export value","23161.02","Rice, milled","2012","2012","1000 USD","13833","A","Official value"
"TM","Detailed trade matrix","704","Viet Nam","392","Japan","5922","Export value","23161.02","Rice, milled","2013","2013","1000 USD","392","A","Official value"
"TM","Detailed trade matrix","704","Viet Nam","392","Japan","5922","Export value","23161.02","Rice, milled","2014","2014","1000 USD","5330","A","Official value"
"TM","Detailed trade matrix","704","Viet Nam","392","Japan","5922","Export value","23161.02","Rice, milled","2015","2015","1000 USD","2185","A","Official value"
"TM","Detailed trade matrix","704","Viet Nam","392","Japan","5922","Export value","23161.02","Rice, milled","2016","2016","1000 USD","346","A","Official value"
"TM","Detailed trade matrix","704","Viet Nam","392","Japan","5922","Export value","23161.02","Rice, milled","2017","2017","1000 USD","74","A","Official value"
"TM","Detailed trade matrix","704","Viet Nam","392","Japan","5922","Export value","23161.02","Rice, milled","2018","2018","1000 USD","81","A","Official value"
"TM","Detailed trade matrix","704","Viet Nam","392","Japan","5922","Export value","23161.02","Rice, milled","2019","2019","1000 USD","56","A","Official value"
"TM","Detailed trade matrix","704","Viet Nam","392","Japan","5922","Export value","23161.02","Rice, milled","2020","2020","1000 USD","75","A","Official value"
"TM","Detailed trade matrix","704","Viet Nam","392","Japan","5922","Export value","23161.02","Rice, milled","2021","2021","1000 USD","177","A","Official value"
"TM","Detailed trade matrix","704","Viet Nam","392","Japan","5922","Export value","23161.02","Rice, milled","2022","2022","1000 USD","488","A","Official value"
"TM","Detailed trade matrix","704","Viet Nam","392","Japan","5922","Export value","23161.02","Rice, milled","2023","2023","1000 USD","233","A","Official value"
"TM","Detailed trade matrix","704","Viet Nam","400","Jordan","5910","Export quantity","23161.02","Rice, milled","2012","2012","t","400","A","Official value"
"TM","Detailed trade matrix","704","Viet Nam","400","Jordan","5910","Export quantity","23161.02","Rice, milled","2013","2013","t","5334","A","Official value"
"TM","Detailed trade matrix","704","Viet Nam","400","Jordan","5910","Export quantity","23161.02","Rice, milled","2014","2014","t","5473.2","A","Official value"
"TM","Detailed trade matrix","704","Viet Nam","400","Jordan","5910","Export quantity","23161.02","Rice, milled","2015","2015","t","2964","A","Official value"
"TM","Detailed trade matrix","704","Viet Nam","400","Jordan","5910","Export quantity","23161.02","Rice, milled","2016","2016","t","1070","A","Official value"
"TM","Detailed trade matrix","704","Viet Nam","400","Jordan","5910","Export quantity","23161.02","Rice, milled","2017","2017","t","222","A","Official value"
"TM","Detailed trade matrix","704","Viet Nam","400","Jordan","5922","Export value","23161.02","Rice, milled","2012","2012","1000 USD","222","A","Official value"
"TM","Detailed trade matrix","704","Viet Nam","400","Jordan","5922","Export value","23161.02","Rice, milled","2013","2013","1000 USD","2602","A","Official value"
"TM","Detailed trade matrix","704","Viet Nam","400","Jordan","5922","Export value","23161.02","Rice, milled","2014","2014","1000 USD","3011","A","Official value"
"TM","Detailed trade matrix","704","Viet Nam","400","Jordan","5922","Export value","23161.02","Rice, milled","2015","2015","1000 USD","1544","A","Official value"
"TM","Detailed trade matrix","704","Viet Nam","400","Jordan","5922","Export value","23161.02","Rice, milled","2016","2016","1000 USD","483","A","Official value"
"TM","Detailed trade matrix","704","Viet Nam","400","Jordan","5922","Export value","23161.02","Rice, milled","2017","2017","1000 USD","108","A","Official value"
"TM","Detailed trade matrix","704","Viet Nam","398","Kazakhstan","5910","Export quantity","23161.02","Rice, milled","2014","2014","t","100","A","Official value"
"TM","Detailed trade matrix","704","Viet Nam","398","Kazakhstan","5910","Export quantity","23161.02","Rice, milled","2015","2015","t","119.92","A","Official value"
"TM","Detailed trade matrix","704","Viet Nam","398","Kazakhstan","5910","Export quantity","23161.02","Rice, milled","2023","2023","t","875.98","I","Value imputed by a receiving agency"
"TM","Detailed trade matrix","704","Viet Nam","398","Kazakhstan","5922","Export value","23161.02","Rice, milled","2014","2014","1000 USD","50","A","Official value"
"TM","Detailed trade matrix","704","Viet Nam","398","Kazakhstan","5922","Export value","23161.02","Rice, milled","2015","2015","1000 USD","51","A","Official value"
"TM","Detailed trade matrix","704","Viet Nam","398","Kazakhstan","5922","Export value","23161.02","Rice, milled","2023","2023","1000 USD","516","A","Official value"
"TM","Detailed trade matrix","704","Viet Nam","404","Kenya","5910","Export quantity","23161.02","Rice, milled","2012","2012","t","70825","A","Official value"
"TM","Detailed trade matrix","704","Viet Nam","404","Kenya","5910","Export quantity","23161.02","Rice, milled","2013","2013","t","32733","A","Official value"
"TM","Detailed trade matrix","704","Viet Nam","404","Kenya","5910","Export quantity","23161.02","Rice, milled","2014","2014","t","3290","A","Official value"
"TM","Detailed trade matrix","704","Viet Nam","404","Kenya","5910","Export quantity","23161.02","Rice, milled","2015","2015","t","8475","A","Official value"
"TM","Detailed trade matrix","704","Viet Nam","404","Kenya","5910","Export quantity","23161.02","Rice, milled","2016","2016","t","251","A","Official value"
"TM","Detailed trade matrix","704","Viet Nam","404","Kenya","5910","Export quantity","23161.02","Rice, milled","2017","2017","t","2275.9","A","Official value"
"TM","Detailed trade matrix","704","Viet Nam","404","Kenya","5910","Export quantity","23161.02","Rice, milled","2018","2018","t","559.31","A","Official value"
"TM","Detailed trade matrix","704","Viet Nam","404","Kenya","5910","Export quantity","23161.02","Rice, milled","2019","2019","t","1081","A","Official value"
"TM","Detailed trade matrix","704","Viet Nam","404","Kenya","5910","Export quantity","23161.02","Rice, milled","2020","2020","t","8571.66","I","Value imputed by a receiving agency"
"TM","Detailed trade matrix","704","Viet Nam","404","Kenya","5910","Export quantity","23161.02","Rice, milled","2021","2021","t","162","A","Official value"
"TM","Detailed trade matrix","704","Viet Nam","404","Kenya","5910","Export quantity","23161.02","Rice, milled","2022","2022","t","1954.98","A","Official value"
"TM","Detailed trade matrix","704","Viet Nam","404","Kenya","5910","Export quantity","23161.02","Rice, milled","2023","2023","t","1399.89","I","Value imputed by a receiving agency"
"TM","Detailed trade matrix","704","Viet Nam","404","Kenya","5922","Export value","23161.02","Rice, milled","2012","2012","1000 USD","31178","A","Official value"
"TM","Detailed trade matrix","704","Viet Nam","404","Kenya","5922","Export value","23161.02","Rice, milled","2013","2013","1000 USD","12977","A","Official value"
"TM","Detailed trade matrix","704","Viet Nam","404","Kenya","5922","Export value","23161.02","Rice, milled","2014","2014","1000 USD","1391","A","Official value"
"TM","Detailed trade matrix","704","Viet Nam","404","Kenya","5922","Export value","23161.02","Rice, milled","2015","2015","1000 USD","3250","A","Official value"
"TM","Detailed trade matrix","704","Viet Nam","404","Kenya","5922","Export value","23161.02","Rice, milled","2016","2016","1000 USD","126","A","Official value"
"TM","Detailed trade matrix","704","Viet Nam","404","Kenya","5922","Export value","23161.02","Rice, milled","2017","2017","1000 USD","809","A","Official value"
"TM","Detailed trade matrix","704","Viet Nam","404","Kenya","5922","Export value","23161.02","Rice, milled","2018","2018","1000 USD","280","A","Official value"
"TM","Detailed trade matrix","704","Viet Nam","404","Kenya","5922","Export value","23161.02","Rice, milled","2019","2019","1000 USD","537","A","Official value"
"TM","Detailed trade matrix","704","Viet Nam","404","Kenya","5922","Export value","23161.02","Rice, milled","2020","2020","1000 USD","3621","A","Official value"
"TM","Detailed trade matrix","704","Viet Nam","404","Kenya","5922","Export value","23161.02","Rice, milled","2021","2021","1000 USD","97","A","Official value"
"TM","Detailed trade matrix","704","Viet Nam","404","Kenya","5922","Export value","23161.02","Rice, milled","2022","2022","1000 USD","1100","A","Official value"
"TM","Detailed trade matrix","704","Viet Nam","404","Kenya","5922","Export value","23161.02","Rice, milled","2023","2023","1000 USD","841","A","Official value"
"TM","Detailed trade matrix","704","Viet Nam","296","Kiribati","5910","Export quantity","23161.02","Rice, milled","2014","2014","t","1230.57","A","Official value"
"TM","Detailed trade matrix","704","Viet Nam","296","Kiribati","5910","Export quantity","23161.02","Rice, milled","2015","2015","t","1552.74","A","Official value"
"TM","Detailed trade matrix","704","Viet Nam","296","Kiribati","5910","Export quantity","23161.02","Rice, milled","2016","2016","t","10169.1","A","Official value"
"TM","Detailed trade matrix","704","Viet Nam","296","Kiribati","5910","Export quantity","23161.02","Rice, milled","2017","2017","t","11178.2","A","Official value"
"TM","Detailed trade matrix","704","Viet Nam","296","Kiribati","5922","Export value","23161.02","Rice, milled","2014","2014","1000 USD","815","A","Official value"
"TM","Detailed trade matrix","704","Viet Nam","296","Kiribati","5922","Export value","23161.02","Rice, milled","2015","2015","1000 USD","1021","A","Official value"
"TM","Detailed trade matrix","704","Viet Nam","296","Kiribati","5922","Export value","23161.02","Rice, milled","2016","2016","1000 USD","5495","A","Official value"
"TM","Detailed trade matrix","704","Viet Nam","296","Kiribati","5922","Export value","23161.02","Rice, milled","2017","2017","1000 USD","5686","A","Official value"
"TM","Detailed trade matrix","704","Viet Nam","414","Kuwait","5910","Export quantity","23161.02","Rice, milled","2013","2013","t","134","A","Official value"
"TM","Detailed trade matrix","704","Viet Nam","414","Kuwait","5910","Export quantity","23161.02","Rice, milled","2014","2014","t","820.36","A","Official value"
"TM","Detailed trade matrix","704","Viet Nam","414","Kuwait","5910","Export quantity","23161.02","Rice, milled","2015","2015","t","1862.3","A","Official value"
"TM","Detailed trade matrix","704","Viet Nam","414","Kuwait","5910","Export quantity","23161.02","Rice, milled","2016","2016","t","1808.43","A","Official value"
"TM","Detailed trade matrix","704","Viet Nam","414","Kuwait","5910","Export quantity","23161.02","Rice, milled","2017","2017","t","2116","A","Official value"
"TM","Detailed trade matrix","704","Viet Nam","414","Kuwait","5910","Export quantity","23161.02","Rice, milled","2018","2018","t","4023.7","A","Official value"
"TM","Detailed trade matrix","704","Viet Nam","414","Kuwait","5910","Export quantity","23161.02","Rice, milled","2019","2019","t","5452.65","A","Official value"
"TM","Detailed trade matrix","704","Viet Nam","414","Kuwait","5910","Export quantity","23161.02","Rice, milled","2020","2020","t","4108.75","I","Value imputed by a receiving agency"
"TM","Detailed trade matrix","704","Viet Nam","414","Kuwait","5910","Export quantity","23161.02","Rice, milled","2021","2021","t","2283.84","A","Official value"
"TM","Detailed trade matrix","704","Viet Nam","414","Kuwait","5910","Export quantity","23161.02","Rice, milled","2022","2022","t","4174.45","A","Official value"
"TM","Detailed trade matrix","704","Viet Nam","414","Kuwait","5910","Export quantity","23161.02","Rice, milled","2023","2023","t","5447.36","A","Official value"
"TM","Detailed trade matrix","704","Viet Nam","414","Kuwait","5922","Export value","23161.02","Rice, milled","2013","2013","1000 USD","79","A","Official value"
"TM","Detailed trade matrix","704","Viet Nam","414","Kuwait","5922","Export value","23161.02","Rice, milled","2014","2014","1000 USD","472","A","Official value"
"TM","Detailed trade matrix","704","Viet Nam","414","Kuwait","5922","Export value","23161.02","Rice, milled","2015","2015","1000 USD","1071","A","Official value"
"TM","Detailed trade matrix","704","Viet Nam","414","Kuwait","5922","Export value","23161.02","Rice, milled","2016","2016","1000 USD","970","A","Official value"
"TM","Detailed trade matrix","704","Viet Nam","414","Kuwait","5922","Export value","23161.02","Rice, milled","2017","2017","1000 USD","1165","A","Official value"
"TM","Detailed trade matrix","704","Viet Nam","414","Kuwait","5922","Export value","23161.02","Rice, milled","2018","2018","1000 USD","2012","A","Official value"
"TM","Detailed trade matrix","704","Viet Nam","414","Kuwait","5922","Export value","23161.02","Rice, milled","2019","2019","1000 USD","3044","A","Official value"
"TM","Detailed trade matrix","704","Viet Nam","414","Kuwait","5922","Export value","23161.02","Rice, milled","2020","2020","1000 USD","2621","A","Official value"
"TM","Detailed trade matrix","704","Viet Nam","414","Kuwait","5922","Export value","23161.02","Rice, milled","2021","2021","1000 USD","1599","A","Official value"
"TM","Detailed trade matrix","704","Viet Nam","414","Kuwait","5922","Export value","23161.02","Rice, milled","2022","2022","1000 USD","3027","A","Official value"
"TM","Detailed trade matrix","704","Viet Nam","414","Kuwait","5922","Export value","23161.02","Rice, milled","2023","2023","1000 USD","3633","A","Official value"
"TM","Detailed trade matrix","704","Viet Nam","418","Lao People's Democratic Republic","5610","Import quantity","23161.02","Rice, milled","2012","2012","t","19450","A","Official value"
"TM","Detailed trade matrix","704","Viet Nam","418","Lao People's Democratic Republic","5610","Import quantity","23161.02","Rice, milled","2013","2013","t","17978","A","Official value"
"TM","Detailed trade matrix","704","Viet Nam","418","Lao People's Democratic Republic","5610","Import quantity","23161.02","Rice, milled","2014","2014","t","4256.32","I","Value imputed by a receiving agency"
"TM","Detailed trade matrix","704","Viet Nam","418","Lao People's Democratic Republic","5610","Import quantity","23161.02","Rice, milled","2015","2015","t","4940.52","A","Official value"
"TM","Detailed trade matrix","704","Viet Nam","418","Lao People's Democratic Republic","5610","Import quantity","23161.02","Rice, milled","2016","2016","t","11830","A","Official value"
"TM","Detailed trade matrix","704","Viet Nam","418","Lao People's Democratic Republic","5610","Import quantity","23161.02","Rice, milled","2017","2017","t","12382","A","Official value"
"TM","Detailed trade matrix","704","Viet Nam","418","Lao People's Democratic Republic","5610","Import quantity","23161.02","Rice, milled","2018","2018","t","7560.46","I","Value imputed by a receiving agency"
"TM","Detailed trade matrix","704","Viet Nam","418","Lao People's Democratic Republic","5610","Import quantity","23161.02","Rice, milled","2019","2019","t","6630.15","I","Value imputed by a receiving agency"
"TM","Detailed trade matrix","704","Viet Nam","418","Lao People's Democratic Republic","5610","Import quantity","23161.02","Rice, milled","2020","2020","t","8376.17","I","Value imputed by a receiving agency"
"TM","Detailed trade matrix","704","Viet Nam","418","Lao People's Democratic Republic","5610","Import quantity","23161.02","Rice, milled","2021","2021","t","8024.75","A","Official value"
"TM","Detailed trade matrix","704","Viet Nam","418","Lao People's Democratic Republic","5610","Import quantity","23161.02","Rice, milled","2022","2022","t","21277.27","A","Official value"
"TM","Detailed trade matrix","704","Viet Nam","418","Lao People's Democratic Republic","5610","Import quantity","23161.02","Rice, milled","2023","2023","t","7070.4","A","Official value"
"TM","Detailed trade matrix","704","Viet Nam","418","Lao People's Democratic Republic","5622","Import value","23161.02","Rice, milled","2012","2012","1000 USD","5884","A","Official value"
"TM","Detailed trade matrix","704","Viet Nam","418","Lao People's Democratic Republic","5622","Import value","23161.02","Rice, milled","2013","2013","1000 USD","5335","A","Official value"
"TM","Detailed trade matrix","704","Viet Nam","418","Lao People's Democratic Republic","5622","Import value","23161.02","Rice, milled","2014","2014","1000 USD","3009","A","Official value"
"TM","Detailed trade matrix","704","Viet Nam","418","Lao People's Democratic Republic","5622","Import value","23161.02","Rice, milled","2015","2015","1000 USD","1417","A","Official value"
"TM","Detailed trade matrix","704","Viet Nam","418","Lao People's Democratic Republic","5622","Import value","23161.02","Rice, milled","2016","2016","1000 USD","3291","A","Official value"
"TM","Detailed trade matrix","704","Viet Nam","418","Lao People's Democratic Republic","5622","Import value","23161.02","Rice, milled","2017","2017","1000 USD","3676","A","Official value"
"TM","Detailed trade matrix","704","Viet Nam","418","Lao People's Democratic Republic","5622","Import value","23161.02","Rice, milled","2018","2018","1000 USD","3721","A","Official value"
"TM","Detailed trade matrix","704","Viet Nam","418","Lao People's Democratic Republic","5622","Import value","23161.02","Rice, milled","2019","2019","1000 USD","3198","A","Official value"
"TM","Detailed trade matrix","704","Viet Nam","418","Lao People's Democratic Republic","5622","Import value","23161.02","Rice, milled","2020","2020","1000 USD","4101","A","Official value"
"TM","Detailed trade matrix","704","Viet Nam","418","Lao People's Democratic Republic","5622","Import value","23161.02","Rice, milled","2021","2021","1000 USD","3608","A","Official value"
"TM","Detailed trade matrix","704","Viet Nam","418","Lao People's Democratic Republic","5622","Import value","23161.02","Rice, milled","2022","2022","1000 USD","9741","A","Official value"
"TM","Detailed trade matrix","704","Viet Nam","418","Lao People's Democratic Republic","5622","Import value","23161.02","Rice, milled","2023","2023","1000 USD","11085","A","Official value"
"TM","Detailed trade matrix","704","Viet Nam","418","Lao People's Democratic Republic","5910","Export quantity","23161.02","Rice, milled","2012","2012","t","885","A","Official value"
"TM","Detailed trade matrix","704","Viet Nam","418","Lao People's Democratic Republic","5910","Export quantity","23161.02","Rice, milled","2013","2013","t","3951","A","Official value"
"TM","Detailed trade matrix","704","Viet Nam","418","Lao People's Democratic Republic","5910","Export quantity","23161.02","Rice, milled","2014","2014","t","395","A","Official value"
"TM","Detailed trade matrix","704","Viet Nam","418","Lao People's Democratic Republic","5910","Export quantity","23161.02","Rice, milled","2015","2015","t","1166","A","Official value"
"TM","Detailed trade matrix","704","Viet Nam","418","Lao People's Democratic Republic","5910","Export quantity","23161.02","Rice, milled","2016","2016","t","320","A","Official value"
"TM","Detailed trade matrix","704","Viet Nam","418","Lao People's Democratic Republic","5910","Export quantity","23161.02","Rice, milled","2017","2017","t","0.5","A","Official value"
"TM","Detailed trade matrix","704","Viet Nam","418","Lao People's Democratic Republic","5910","Export quantity","23161.02","Rice, milled","2018","2018","t","761.18","A","Official value"
"TM","Detailed trade matrix","704","Viet Nam","418","Lao People's Democratic Republic","5910","Export quantity","23161.02","Rice, milled","2019","2019","t","24600","A","Official value"
"TM","Detailed trade matrix","704","Viet Nam","418","Lao People's Democratic Republic","5910","Export quantity","23161.02","Rice, milled","2020","2020","t","48083.93","I","Value imputed by a receiving agency"
"TM","Detailed trade matrix","704","Viet Nam","418","Lao People's Democratic Republic","5910","Export quantity","23161.02","Rice, milled","2021","2021","t","13419.99","A","Official value"
"TM","Detailed trade matrix","704","Viet Nam","418","Lao People's Democratic Republic","5910","Export quantity","23161.02","Rice, milled","2022","2022","t","10068.77","A","Official value"
"TM","Detailed trade matrix","704","Viet Nam","418","Lao People's Democratic Republic","5910","Export quantity","23161.02","Rice, milled","2023","2023","t","19926.13","I","Value imputed by a receiving agency"
"TM","Detailed trade matrix","704","Viet Nam","418","Lao People's Democratic Republic","5922","Export value","23161.02","Rice, milled","2012","2012","1000 USD","393","A","Official value"
"TM","Detailed trade matrix","704","Viet Nam","418","Lao People's Democratic Republic","5922","Export value","23161.02","Rice, milled","2013","2013","1000 USD","1592","A","Official value"
"TM","Detailed trade matrix","704","Viet Nam","418","Lao People's Democratic Republic","5922","Export value","23161.02","Rice, milled","2014","2014","1000 USD","175","A","Official value"
"TM","Detailed trade matrix","704","Viet Nam","418","Lao People's Democratic Republic","5922","Export value","23161.02","Rice, milled","2015","2015","1000 USD","588","A","Official value"
"TM","Detailed trade matrix","704","Viet Nam","418","Lao People's Democratic Republic","5922","Export value","23161.02","Rice, milled","2016","2016","1000 USD","144","A","Official value"
"TM","Detailed trade matrix","704","Viet Nam","418","Lao People's Democratic Republic","5922","Export value","23161.02","Rice, milled","2017","2017","1000 USD","0","A","Official value"
"TM","Detailed trade matrix","704","Viet Nam","418","Lao People's Democratic Republic","5922","Export value","23161.02","Rice, milled","2018","2018","1000 USD","381","A","Official value"
"TM","Detailed trade matrix","704","Viet Nam","418","Lao People's Democratic Republic","5922","Export value","23161.02","Rice, milled","2019","2019","1000 USD","9453","A","Official value"
"TM","Detailed trade matrix","704","Viet Nam","418","Lao People's Democratic Republic","5922","Export value","23161.02","Rice, milled","2020","2020","1000 USD","19711","A","Official value"
"TM","Detailed trade matrix","704","Viet Nam","418","Lao People's Democratic Republic","5922","Export value","23161.02","Rice, milled","2021","2021","1000 USD","6640","A","Official value"
"TM","Detailed trade matrix","704","Viet Nam","418","Lao People's Democratic Republic","5922","Export value","23161.02","Rice, milled","2022","2022","1000 USD","4997","A","Official value"
"TM","Detailed trade matrix","704","Viet Nam","418","Lao People's Democratic Republic","5922","Export value","23161.02","Rice, milled","2023","2023","1000 USD","10715","A","Official value"
"TM","Detailed trade matrix","704","Viet Nam","428","Latvia","5910","Export quantity","23161.02","Rice, milled","2012","2012","t","900","A","Official value"
"TM","Detailed trade matrix","704","Viet Nam","428","Latvia","5910","Export quantity","23161.02","Rice, milled","2020","2020","t","170.46","A","Official value"
"TM","Detailed trade matrix","704","Viet Nam","428","Latvia","5910","Export quantity","23161.02","Rice, milled","2021","2021","t","243.4","A","Official value"
"TM","Detailed trade matrix","704","Viet Nam","428","Latvia","5910","Export quantity","23161.02","Rice, milled","2022","2022","t","210.98","A","Official value"
"TM","Detailed trade matrix","704","Viet Nam","428","Latvia","5910","Export quantity","23161.02","Rice, milled","2023","2023","t","465.77","I","Value imputed by a receiving agency"
"TM","Detailed trade matrix","704","Viet Nam","428","Latvia","5922","Export value","23161.02","Rice, milled","2012","2012","1000 USD","644","A","Official value"
"TM","Detailed trade matrix","704","Viet Nam","428","Latvia","5922","Export value","23161.02","Rice, milled","2020","2020","1000 USD","80","A","Official value"
"TM","Detailed trade matrix","704","Viet Nam","428","Latvia","5922","Export value","23161.02","Rice, milled","2021","2021","1000 USD","161","A","Official value"
"TM","Detailed trade matrix","704","Viet Nam","428","Latvia","5922","Export value","23161.02","Rice, milled","2022","2022","1000 USD","154","A","Official value"
"TM","Detailed trade matrix","704","Viet Nam","428","Latvia","5922","Export value","23161.02","Rice, milled","2023","2023","1000 USD","394","A","Official value"
"TM","Detailed trade matrix","704","Viet Nam","422","Lebanon","5910","Export quantity","23161.02","Rice, milled","2012","2012","t","499","A","Official value"
"TM","Detailed trade matrix","704","Viet Nam","422","Lebanon","5910","Export quantity","23161.02","Rice, milled","2013","2013","t","1379","A","Official value"
"TM","Detailed trade matrix","704","Viet Nam","422","Lebanon","5910","Export quantity","23161.02","Rice, milled","2014","2014","t","3898.48","A","Official value"
"TM","Detailed trade matrix","704","Viet Nam","422","Lebanon","5910","Export quantity","23161.02","Rice, milled","2015","2015","t","2291.39","A","Official value"
"TM","Detailed trade matrix","704","Viet Nam","422","Lebanon","5910","Export quantity","23161.02","Rice, milled","2016","2016","t","798.87","A","Official value"
"TM","Detailed trade matrix","704","Viet Nam","422","Lebanon","5910","Export quantity","23161.02","Rice, milled","2017","2017","t","193.6","A","Official value"
"TM","Detailed trade matrix","704","Viet Nam","422","Lebanon","5922","Export value","23161.02","Rice, milled","2012","2012","1000 USD","259","A","Official value"
"TM","Detailed trade matrix","704","Viet Nam","422","Lebanon","5922","Export value","23161.02","Rice, milled","2013","2013","1000 USD","726","A","Official value"
"TM","Detailed trade matrix","704","Viet Nam","422","Lebanon","5922","Export value","23161.02","Rice, milled","2014","2014","1000 USD","2115","A","Official value"
"TM","Detailed trade matrix","704","Viet Nam","422","Lebanon","5922","Export value","23161.02","Rice, milled","2015","2015","1000 USD","1174","A","Official value"
"TM","Detailed trade matrix","704","Viet Nam","422","Lebanon","5922","Export value","23161.02","Rice, milled","2016","2016","1000 USD","388","A","Official value"
"TM","Detailed trade matrix","704","Viet Nam","422","Lebanon","5922","Export value","23161.02","Rice, milled","2017","2017","1000 USD","106","A","Official value"
"TM","Detailed trade matrix","704","Viet Nam","430","Liberia","5910","Export quantity","23161.02","Rice, milled","2012","2012","t","24750","A","Official value"
"TM","Detailed trade matrix","704","Viet Nam","430","Liberia","5910","Export quantity","23161.02","Rice, milled","2013","2013","t","20","A","Official value"
"TM","Detailed trade matrix","704","Viet Nam","430","Liberia","5910","Export quantity","23161.02","Rice, milled","2014","2014","t","311.45","A","Official value"
"TM","Detailed trade matrix","704","Viet Nam","430","Liberia","5910","Export quantity","23161.02","Rice, milled","2015","2015","t","92.08","A","Official value"
"TM","Detailed trade matrix","704","Viet Nam","430","Liberia","5910","Export quantity","23161.02","Rice, milled","2016","2016","t","261.45","A","Official value"
"TM","Detailed trade matrix","704","Viet Nam","430","Liberia","5910","Export quantity","23161.02","Rice, milled","2017","2017","t","210.3","A","Official value"
"TM","Detailed trade matrix","704","Viet Nam","430","Liberia","5922","Export value","23161.02","Rice, milled","2012","2012","1000 USD","10681","A","Official value"
"TM","Detailed trade matrix","704","Viet Nam","430","Liberia","5922","Export value","23161.02","Rice, milled","2013","2013","1000 USD","13","A","Official value"
"TM","Detailed trade matrix","704","Viet Nam","430","Liberia","5922","Export value","23161.02","Rice, milled","2014","2014","1000 USD","195","A","Official value"
"TM","Detailed trade matrix","704","Viet Nam","430","Liberia","5922","Export value","23161.02","Rice, milled","2015","2015","1000 USD","56","A","Official value"
"TM","Detailed trade matrix","704","Viet Nam","430","Liberia","5922","Export value","23161.02","Rice, milled","2016","2016","1000 USD","163","A","Official value"
"TM","Detailed trade matrix","704","Viet Nam","430","Liberia","5922","Export value","23161.02","Rice, milled","2017","2017","1000 USD","131","A","Official value"
"TM","Detailed trade matrix","704","Viet Nam","434","Libya","5910","Export quantity","23161.02","Rice, milled","2014","2014","t","75","A","Official value"
"TM","Detailed trade matrix","704","Viet Nam","434","Libya","5910","Export quantity","23161.02","Rice, milled","2015","2015","t","1045.16","A","Official value"
"TM","Detailed trade matrix","704","Viet Nam","434","Libya","5910","Export quantity","23161.02","Rice, milled","2016","2016","t","1474.37","A","Official value"
"TM","Detailed trade matrix","704","Viet Nam","434","Libya","5910","Export quantity","23161.02","Rice, milled","2017","2017","t","601","A","Official value"
"TM","Detailed trade matrix","704","Viet Nam","434","Libya","5922","Export value","23161.02","Rice, milled","2014","2014","1000 USD","52","A","Official value"
"TM","Detailed trade matrix","704","Viet Nam","434","Libya","5922","Export value","23161.02","Rice, milled","2015","2015","1000 USD","545","A","Official value"
"TM","Detailed trade matrix","704","Viet Nam","434","Libya","5922","Export value","23161.02","Rice, milled","2016","2016","1000 USD","794","A","Official value"
"TM","Detailed trade matrix","704","Viet Nam","434","Libya","5922","Export value","23161.02","Rice, milled","2017","2017","1000 USD","271","A","Official value"
"TM","Detailed trade matrix","704","Viet Nam","440","Lithuania","5910","Export quantity","23161.02","Rice, milled","2012","2012","t","3040","A","Official value"
"TM","Detailed trade matrix","704","Viet Nam","440","Lithuania","5910","Export quantity","23161.02","Rice, milled","2013","2013","t","9198","A","Official value"
"TM","Detailed trade matrix","704","Viet Nam","440","Lithuania","5910","Export quantity","23161.02","Rice, milled","2014","2014","t","4659.5","A","Official value"
"TM","Detailed trade matrix","704","Viet Nam","440","Lithuania","5910","Export quantity","23161.02","Rice, milled","2015","2015","t","7234.2","A","Official value"
"TM","Detailed trade matrix","704","Viet Nam","440","Lithuania","5910","Export quantity","23161.02","Rice, milled","2016","2016","t","8185.85","A","Official value"
"TM","Detailed trade matrix","704","Viet Nam","440","Lithuania","5910","Export quantity","23161.02","Rice, milled","2017","2017","t","12634.4","A","Official value"
"TM","Detailed trade matrix","704","Viet Nam","440","Lithuania","5910","Export quantity","23161.02","Rice, milled","2018","2018","t","3601.49","A","Official value"
"TM","Detailed trade matrix","704","Viet Nam","440","Lithuania","5910","Export quantity","23161.02","Rice, milled","2019","2019","t","8959.46","A","Official value"
"TM","Detailed trade matrix","704","Viet Nam","440","Lithuania","5910","Export quantity","23161.02","Rice, milled","2020","2020","t","2493.86","I","Value imputed by a receiving agency"
"TM","Detailed trade matrix","704","Viet Nam","440","Lithuania","5910","Export quantity","23161.02","Rice, milled","2021","2021","t","1906.2","A","Official value"
"TM","Detailed trade matrix","704","Viet Nam","440","Lithuania","5910","Export quantity","23161.02","Rice, milled","2022","2022","t","2068.57","A","Official value"
"TM","Detailed trade matrix","704","Viet Nam","440","Lithuania","5910","Export quantity","23161.02","Rice, milled","2023","2023","t","2778.88","I","Value imputed by a receiving agency"
"TM","Detailed trade matrix","704","Viet Nam","440","Lithuania","5922","Export value","23161.02","Rice, milled","2012","2012","1000 USD","1510","A","Official value"
"TM","Detailed trade matrix","704","Viet Nam","440","Lithuania","5922","Export value","23161.02","Rice, milled","2013","2013","1000 USD","3984","A","Official value"
"TM","Detailed trade matrix","704","Viet Nam","440","Lithuania","5922","Export value","23161.02","Rice, milled","2014","2014","1000 USD","2087","A","Official value"
"TM","Detailed trade matrix","704","Viet Nam","440","Lithuania","5922","Export value","23161.02","Rice, milled","2015","2015","1000 USD","2765","A","Official value"
"TM","Detailed trade matrix","704","Viet Nam","440","Lithuania","5922","Export value","23161.02","Rice, milled","2016","2016","1000 USD","3234","A","Official value"
"TM","Detailed trade matrix","704","Viet Nam","440","Lithuania","5922","Export value","23161.02","Rice, milled","2017","2017","1000 USD","4786","A","Official value"
"TM","Detailed trade matrix","704","Viet Nam","440","Lithuania","5922","Export value","23161.02","Rice, milled","2018","2018","1000 USD","1801","A","Official value"
"TM","Detailed trade matrix","704","Viet Nam","440","Lithuania","5922","Export value","23161.02","Rice, milled","2019","2019","1000 USD","3614","A","Official value"
"TM","Detailed trade matrix","704","Viet Nam","440","Lithuania","5922","Export value","23161.02","Rice, milled","2020","2020","1000 USD","1174","A","Official value"
"TM","Detailed trade matrix","704","Viet Nam","440","Lithuania","5922","Export value","23161.02","Rice, milled","2021","2021","1000 USD","1112","A","Official value"
"TM","Detailed trade matrix","704","Viet Nam","440","Lithuania","5922","Export value","23161.02","Rice, milled","2022","2022","1000 USD","1223","A","Official value"
"TM","Detailed trade matrix","704","Viet Nam","440","Lithuania","5922","Export value","23161.02","Rice, milled","2023","2023","1000 USD","1632","A","Official value"
"TM","Detailed trade matrix","704","Viet Nam","450","Madagascar","5910","Export quantity","23161.02","Rice, milled","2013","2013","t","70228","A","Official value"
"TM","Detailed trade matrix","704","Viet Nam","450","Madagascar","5910","Export quantity","23161.02","Rice, milled","2014","2014","t","957.99","A","Official value"
"TM","Detailed trade matrix","704","Viet Nam","450","Madagascar","5910","Export quantity","23161.02","Rice, milled","2015","2015","t","382.06","A","Official value"
"TM","Detailed trade matrix","704","Viet Nam","450","Madagascar","5910","Export quantity","23161.02","Rice, milled","2016","2016","t","1523","A","Official value"
"TM","Detailed trade matrix","704","Viet Nam","450","Madagascar","5910","Export quantity","23161.02","Rice, milled","2017","2017","t","45.8","A","Official value"
"TM","Detailed trade matrix","704","Viet Nam","450","Madagascar","5922","Export value","23161.02","Rice, milled","2013","2013","1000 USD","27186","A","Official value"
"TM","Detailed trade matrix","704","Viet Nam","450","Madagascar","5922","Export value","23161.02","Rice, milled","2014","2014","1000 USD","382","A","Official value"
"TM","Detailed trade matrix","704","Viet Nam","450","Madagascar","5922","Export value","23161.02","Rice, milled","2015","2015","1000 USD","213","A","Official value"
"TM","Detailed trade matrix","704","Viet Nam","450","Madagascar","5922","Export value","23161.02","Rice, milled","2016","2016","1000 USD","537","A","Official value"
"TM","Detailed trade matrix","704","Viet Nam","450","Madagascar","5922","Export value","23161.02","Rice, milled","2017","2017","1000 USD","27","A","Official value"
"TM","Detailed trade matrix","704","Viet Nam","458","Malaysia","5910","Export quantity","23161.02","Rice, milled","2012","2012","t","764047","A","Official value"
"TM","Detailed trade matrix","704","Viet Nam","458","Malaysia","5910","Export quantity","23161.02","Rice, milled","2013","2013","t","463102","A","Official value"
"TM","Detailed trade matrix","704","Viet Nam","458","Malaysia","5910","Export quantity","23161.02","Rice, milled","2014","2014","t","459905.76","A","Official value"
"TM","Detailed trade matrix","704","Viet Nam","458","Malaysia","5910","Export quantity","23161.02","Rice, milled","2015","2015","t","511196.38","A","Official value"
"TM","Detailed trade matrix","704","Viet Nam","458","Malaysia","5910","Export quantity","23161.02","Rice, milled","2016","2016","t","267962","A","Official value"
"TM","Detailed trade matrix","704","Viet Nam","458","Malaysia","5910","Export quantity","23161.02","Rice, milled","2017","2017","t","528348","A","Official value"
"TM","Detailed trade matrix","704","Viet Nam","458","Malaysia","5910","Export quantity","23161.02","Rice, milled","2018","2018","t","427772.73","A","Official value"
"TM","Detailed trade matrix","704","Viet Nam","458","Malaysia","5910","Export quantity","23161.02","Rice, milled","2019","2019","t","546516.6","A","Official value"
"TM","Detailed trade matrix","704","Viet Nam","458","Malaysia","5910","Export quantity","23161.02","Rice, milled","2020","2020","t","554980.89","I","Value imputed by a receiving agency"
"TM","Detailed trade matrix","704","Viet Nam","458","Malaysia","5910","Export quantity","23161.02","Rice, milled","2021","2021","t","282682","A","Official value"
"TM","Detailed trade matrix","704","Viet Nam","458","Malaysia","5910","Export quantity","23161.02","Rice, milled","2022","2022","t","436544.8","A","Official value"
"TM","Detailed trade matrix","704","Viet Nam","458","Malaysia","5910","Export quantity","23161.02","Rice, milled","2023","2023","t","400504.18","I","Value imputed by a receiving agency"
"TM","Detailed trade matrix","704","Viet Nam","458","Malaysia","5922","Export value","23161.02","Rice, milled","2012","2012","1000 USD","402957","A","Official value"
"TM","Detailed trade matrix","704","Viet Nam","458","Malaysia","5922","Export value","23161.02","Rice, milled","2013","2013","1000 USD","230316","A","Official value"
"TM","Detailed trade matrix","704","Viet Nam","458","Malaysia","5922","Export value","23161.02","Rice, milled","2014","2014","1000 USD","210762","A","Official value"
"TM","Detailed trade matrix","704","Viet Nam","458","Malaysia","5922","Export value","23161.02","Rice, milled","2015","2015","1000 USD","214690","A","Official value"
"TM","Detailed trade matrix","704","Viet Nam","458","Malaysia","5922","Export value","23161.02","Rice, milled","2016","2016","1000 USD","116303","A","Official value"
"TM","Detailed trade matrix","704","Viet Nam","458","Malaysia","5922","Export value","23161.02","Rice, milled","2017","2017","1000 USD","208610","A","Official value"
"TM","Detailed trade matrix","704","Viet Nam","458","Malaysia","5922","Export value","23161.02","Rice, milled","2018","2018","1000 USD","213900","A","Official value"
"TM","Detailed trade matrix","704","Viet Nam","458","Malaysia","5922","Export value","23161.02","Rice, milled","2019","2019","1000 USD","216757","A","Official value"
"TM","Detailed trade matrix","704","Viet Nam","458","Malaysia","5922","Export value","23161.02","Rice, milled","2020","2020","1000 USD","236255","A","Official value"
"TM","Detailed trade matrix","704","Viet Nam","458","Malaysia","5922","Export value","23161.02","Rice, milled","2021","2021","1000 USD","140332","A","Official value"
"TM","Detailed trade matrix","704","Viet Nam","458","Malaysia","5922","Export value","23161.02","Rice, milled","2022","2022","1000 USD","198132","A","Official value"
"TM","Detailed trade matrix","704","Viet Nam","458","Malaysia","5922","Export value","23161.02","Rice, milled","2023","2023","1000 USD","202154","A","Official value"
"TM","Detailed trade matrix","704","Viet Nam","462","Maldives","5910","Export quantity","23161.02","Rice, milled","2016","2016","t","23","A","Official value"
"TM","Detailed trade matrix","704","Viet Nam","462","Maldives","5922","Export value","23161.02","Rice, milled","2016","2016","1000 USD","11","A","Official value"
"TM","Detailed trade matrix","704","Viet Nam","466","Mali","5910","Export quantity","23161.02","Rice, milled","2012","2012","t","9800","A","Official value"
"TM","Detailed trade matrix","704","Viet Nam","466","Mali","5910","Export quantity","23161.02","Rice, milled","2013","2013","t","14230","A","Official value"
"TM","Detailed trade matrix","704","Viet Nam","466","Mali","5910","Export quantity","23161.02","Rice, milled","2015","2015","t","24","A","Official value"
"TM","Detailed trade matrix","704","Viet Nam","466","Mali","5922","Export value","23161.02","Rice, milled","2012","2012","1000 USD","5081","A","Official value"
"TM","Detailed trade matrix","704","Viet Nam","466","Mali","5922","Export value","23161.02","Rice, milled","2013","2013","1000 USD","5270","A","Official value"
"TM","Detailed trade matrix","704","Viet Nam","466","Mali","5922","Export value","23161.02","Rice, milled","2015","2015","1000 USD","16","A","Official value"
"TM","Detailed trade matrix","704","Viet Nam","470","Malta","5910","Export quantity","23161.02","Rice, milled","2019","2019","t","43.97","A","Official value"
"TM","Detailed trade matrix","704","Viet Nam","470","Malta","5910","Export quantity","23161.02","Rice, milled","2022","2022","t","72","A","Official value"
"TM","Detailed trade matrix","704","Viet Nam","470","Malta","5910","Export quantity","23161.02","Rice, milled","2023","2023","t","24","A","Official value"
"TM","Detailed trade matrix","704","Viet Nam","470","Malta","5922","Export value","23161.02","Rice, milled","2019","2019","1000 USD","24","A","Official value"
"TM","Detailed trade matrix","704","Viet Nam","470","Malta","5922","Export value","23161.02","Rice, milled","2022","2022","1000 USD","46","A","Official value"
"TM","Detailed trade matrix","704","Viet Nam","470","Malta","5922","Export value","23161.02","Rice, milled","2023","2023","1000 USD","21","A","Official value"
"TM","Detailed trade matrix","704","Viet Nam","584","Marshall Islands","5910","Export quantity","23161.02","Rice, milled","2013","2013","t","100","A","Official value"
"TM","Detailed trade matrix","704","Viet Nam","584","Marshall Islands","5910","Export quantity","23161.02","Rice, milled","2014","2014","t","16637.14","A","Official value"
"TM","Detailed trade matrix","704","Viet Nam","584","Marshall Islands","5910","Export quantity","23161.02","Rice, milled","2017","2017","t","1338.1","A","Official value"
"TM","Detailed trade matrix","704","Viet Nam","584","Marshall Islands","5922","Export value","23161.02","Rice, milled","2013","2013","1000 USD","74","A","Official value"
"TM","Detailed trade matrix","704","Viet Nam","584","Marshall Islands","5922","Export value","23161.02","Rice, milled","2014","2014","1000 USD","7064","A","Official value"
"TM","Detailed trade matrix","704","Viet Nam","584","Marshall Islands","5922","Export value","23161.02","Rice, milled","2017","2017","1000 USD","744","A","Official value"
"TM","Detailed trade matrix","704","Viet Nam","478","Mauritania","5910","Export quantity","23161.02","Rice, milled","2012","2012","t","11125","A","Official value"
"TM","Detailed trade matrix","704","Viet Nam","478","Mauritania","5910","Export quantity","23161.02","Rice, milled","2013","2013","t","1825","A","Official value"
"TM","Detailed trade matrix","704","Viet Nam","478","Mauritania","5910","Export quantity","23161.02","Rice, milled","2014","2014","t","354","A","Official value"
"TM","Detailed trade matrix","704","Viet Nam","478","Mauritania","5910","Export quantity","23161.02","Rice, milled","2015","2015","t","104","A","Official value"
"TM","Detailed trade matrix","704","Viet Nam","478","Mauritania","5910","Export quantity","23161.02","Rice, milled","2017","2017","t","50","A","Official value"
"TM","Detailed trade matrix","704","Viet Nam","478","Mauritania","5922","Export value","23161.02","Rice, milled","2012","2012","1000 USD","5835","A","Official value"
"TM","Detailed trade matrix","704","Viet Nam","478","Mauritania","5922","Export value","23161.02","Rice, milled","2013","2013","1000 USD","698","A","Official value"
"TM","Detailed trade matrix","704","Viet Nam","478","Mauritania","5922","Export value","23161.02","Rice, milled","2014","2014","1000 USD","191","A","Official value"
"TM","Detailed trade matrix","704","Viet Nam","478","Mauritania","5922","Export value","23161.02","Rice, milled","2015","2015","1000 USD","51","A","Official value"
"TM","Detailed trade matrix","704","Viet Nam","478","Mauritania","5922","Export value","23161.02","Rice, milled","2017","2017","1000 USD","26","A","Official value"
"TM","Detailed trade matrix","704","Viet Nam","480","Mauritius","5910","Export quantity","23161.02","Rice, milled","2012","2012","t","410","A","Official value"
"TM","Detailed trade matrix","704","Viet Nam","480","Mauritius","5910","Export quantity","23161.02","Rice, milled","2013","2013","t","300","A","Official value"
"TM","Detailed trade matrix","704","Viet Nam","480","Mauritius","5910","Export quantity","23161.02","Rice, milled","2014","2014","t","10","A","Official value"
"TM","Detailed trade matrix","704","Viet Nam","480","Mauritius","5910","Export quantity","23161.02","Rice, milled","2015","2015","t","159.91","A","Official value"
"TM","Detailed trade matrix","704","Viet Nam","480","Mauritius","5910","Export quantity","23161.02","Rice, milled","2016","2016","t","44.93","A","Official value"
"TM","Detailed trade matrix","704","Viet Nam","480","Mauritius","5910","Export quantity","23161.02","Rice, milled","2017","2017","t","2366.8","A","Official value"
"TM","Detailed trade matrix","704","Viet Nam","480","Mauritius","5922","Export value","23161.02","Rice, milled","2012","2012","1000 USD","198","A","Official value"
"TM","Detailed trade matrix","704","Viet Nam","480","Mauritius","5922","Export value","23161.02","Rice, milled","2013","2013","1000 USD","131","A","Official value"
"TM","Detailed trade matrix","704","Viet Nam","480","Mauritius","5922","Export value","23161.02","Rice, milled","2014","2014","1000 USD","6","A","Official value"
"TM","Detailed trade matrix","704","Viet Nam","480","Mauritius","5922","Export value","23161.02","Rice, milled","2015","2015","1000 USD","89","A","Official value"
"TM","Detailed trade matrix","704","Viet Nam","480","Mauritius","5922","Export value","23161.02","Rice, milled","2016","2016","1000 USD","28","A","Official value"
"TM","Detailed trade matrix","704","Viet Nam","480","Mauritius","5922","Export value","23161.02","Rice, milled","2017","2017","1000 USD","981","A","Official value"
"TM","Detailed trade matrix","704","Viet Nam","484","Mexico","5910","Export quantity","23161.02","Rice, milled","2013","2013","t","17509","A","Official value"
"TM","Detailed trade matrix","704","Viet Nam","484","Mexico","5910","Export quantity","23161.02","Rice, milled","2014","2014","t","61165.5","A","Official value"
"TM","Detailed trade matrix","704","Viet Nam","484","Mexico","5910","Export quantity","23161.02","Rice, milled","2015","2015","t","3611.23","A","Official value"
"TM","Detailed trade matrix","704","Viet Nam","484","Mexico","5910","Export quantity","23161.02","Rice, milled","2016","2016","t","3027.48","A","Official value"
"TM","Detailed trade matrix","704","Viet Nam","484","Mexico","5910","Export quantity","23161.02","Rice, milled","2018","2018","t","97.99","A","Official value"
"TM","Detailed trade matrix","704","Viet Nam","484","Mexico","5910","Export quantity","23161.02","Rice, milled","2019","2019","t","134.99","A","Official value"
"TM","Detailed trade matrix","704","Viet Nam","484","Mexico","5910","Export quantity","23161.02","Rice, milled","2020","2020","t","601.93","A","Official value"
"TM","Detailed trade matrix","704","Viet Nam","484","Mexico","5910","Export quantity","23161.02","Rice, milled","2022","2022","t","144.94","A","Official value"
"TM","Detailed trade matrix","704","Viet Nam","484","Mexico","5910","Export quantity","23161.02","Rice, milled","2023","2023","t","948.75","A","Official value"
"TM","Detailed trade matrix","704","Viet Nam","484","Mexico","5922","Export value","23161.02","Rice, milled","2013","2013","1000 USD","7929","A","Official value"
"TM","Detailed trade matrix","704","Viet Nam","484","Mexico","5922","Export value","23161.02","Rice, milled","2014","2014","1000 USD","27193","A","Official value"
"TM","Detailed trade matrix","704","Viet Nam","484","Mexico","5922","Export value","23161.02","Rice, milled","2015","2015","1000 USD","1366","A","Official value"
"TM","Detailed trade matrix","704","Viet Nam","484","Mexico","5922","Export value","23161.02","Rice, milled","2016","2016","1000 USD","1182","A","Official value"
"TM","Detailed trade matrix","704","Viet Nam","484","Mexico","5922","Export value","23161.02","Rice, milled","2018","2018","1000 USD","49","A","Official value"
"TM","Detailed trade matrix","704","Viet Nam","484","Mexico","5922","Export value","23161.02","Rice, milled","2019","2019","1000 USD","63","A","Official value"
"TM","Detailed trade matrix","704","Viet Nam","484","Mexico","5922","Export value","23161.02","Rice, milled","2020","2020","1000 USD","273","A","Official value"
"TM","Detailed trade matrix","704","Viet Nam","484","Mexico","5922","Export value","23161.02","Rice, milled","2022","2022","1000 USD","115","A","Official value"
"TM","Detailed trade matrix","704","Viet Nam","484","Mexico","5922","Export value","23161.02","Rice, milled","2023","2023","1000 USD","666","A","Official value"
"TM","Detailed trade matrix","704","Viet Nam","496","Mongolia","5910","Export quantity","23161.02","Rice, milled","2012","2012","t","21","A","Official value"
"TM","Detailed trade matrix","704","Viet Nam","496","Mongolia","5910","Export quantity","23161.02","Rice, milled","2013","2013","t","29","A","Official value"
"TM","Detailed trade matrix","704","Viet Nam","496","Mongolia","5910","Export quantity","23161.02","Rice, milled","2014","2014","t","903.4","A","Official value"
"TM","Detailed trade matrix","704","Viet Nam","496","Mongolia","5910","Export quantity","23161.02","Rice, milled","2015","2015","t","2063.88","A","Official value"
"TM","Detailed trade matrix","704","Viet Nam","496","Mongolia","5910","Export quantity","23161.02","Rice, milled","2016","2016","t","3599.87","A","Official value"
"TM","Detailed trade matrix","704","Viet Nam","496","Mongolia","5910","Export quantity","23161.02","Rice, milled","2017","2017","t","1578.7","A","Official value"
"TM","Detailed trade matrix","704","Viet Nam","496","Mongolia","5922","Export value","23161.02","Rice, milled","2012","2012","1000 USD","10","A","Official value"
"TM","Detailed trade matrix","704","Viet Nam","496","Mongolia","5922","Export value","23161.02","Rice, milled","2013","2013","1000 USD","14","A","Official value"
"TM","Detailed trade matrix","704","Viet Nam","496","Mongolia","5922","Export value","23161.02","Rice, milled","2014","2014","1000 USD","651","A","Official value"
"TM","Detailed trade matrix","704","Viet Nam","496","Mongolia","5922","Export value","23161.02","Rice, milled","2015","2015","1000 USD","1326","A","Official value"
"TM","Detailed trade matrix","704","Viet Nam","496","Mongolia","5922","Export value","23161.02","Rice, milled","2016","2016","1000 USD","1929","A","Official value"
"TM","Detailed trade matrix","704","Viet Nam","496","Mongolia","5922","Export value","23161.02","Rice, milled","2017","2017","1000 USD","911","A","Official value"
"TM","Detailed trade matrix","704","Viet Nam","504","Morocco","5910","Export quantity","23161.02","Rice, milled","2012","2012","t","43","A","Official value"
"TM","Detailed trade matrix","704","Viet Nam","504","Morocco","5910","Export quantity","23161.02","Rice, milled","2013","2013","t","45","A","Official value"
"TM","Detailed trade matrix","704","Viet Nam","504","Morocco","5910","Export quantity","23161.02","Rice, milled","2014","2014","t","43","A","Official value"
"TM","Detailed trade matrix","704","Viet Nam","504","Morocco","5910","Export quantity","23161.02","Rice, milled","2016","2016","t","100.47","A","Official value"
"TM","Detailed trade matrix","704","Viet Nam","504","Morocco","5910","Export quantity","23161.02","Rice, milled","2017","2017","t","75","A","Official value"
"TM","Detailed trade matrix","704","Viet Nam","504","Morocco","5910","Export quantity","23161.02","Rice, milled","2018","2018","t","218.34","A","Official value"
"TM","Detailed trade matrix","704","Viet Nam","504","Morocco","5910","Export quantity","23161.02","Rice, milled","2020","2020","t","47.2","A","Official value"
"TM","Detailed trade matrix","704","Viet Nam","504","Morocco","5910","Export quantity","23161.02","Rice, milled","2022","2022","t","92","A","Official value"
"TM","Detailed trade matrix","704","Viet Nam","504","Morocco","5910","Export quantity","23161.02","Rice, milled","2023","2023","t","549.38","I","Value imputed by a receiving agency"
"TM","Detailed trade matrix","704","Viet Nam","504","Morocco","5922","Export value","23161.02","Rice, milled","2012","2012","1000 USD","28","A","Official value"
"TM","Detailed trade matrix","704","Viet Nam","504","Morocco","5922","Export value","23161.02","Rice, milled","2013","2013","1000 USD","24","A","Official value"
"TM","Detailed trade matrix","704","Viet Nam","504","Morocco","5922","Export value","23161.02","Rice, milled","2014","2014","1000 USD","23","A","Official value"
"TM","Detailed trade matrix","704","Viet Nam","504","Morocco","5922","Export value","23161.02","Rice, milled","2016","2016","1000 USD","53","A","Official value"
"TM","Detailed trade matrix","704","Viet Nam","504","Morocco","5922","Export value","23161.02","Rice, milled","2017","2017","1000 USD","40","A","Official value"
"TM","Detailed trade matrix","704","Viet Nam","504","Morocco","5922","Export value","23161.02","Rice, milled","2018","2018","1000 USD","109","A","Official value"
"TM","Detailed trade matrix","704","Viet Nam","504","Morocco","5922","Export value","23161.02","Rice, milled","2020","2020","1000 USD","27","A","Official value"
"TM","Detailed trade matrix","704","Viet Nam","504","Morocco","5922","Export value","23161.02","Rice, milled","2022","2022","1000 USD","91","A","Official value"
"TM","Detailed trade matrix","704","Viet Nam","504","Morocco","5922","Export value","23161.02","Rice, milled","2023","2023","1000 USD","367","A","Official value"
"TM","Detailed trade matrix","704","Viet Nam","508","Mozambique","5910","Export quantity","23161.02","Rice, milled","2012","2012","t","70994","A","Official value"
"TM","Detailed trade matrix","704","Viet Nam","508","Mozambique","5910","Export quantity","23161.02","Rice, milled","2013","2013","t","70586","A","Official value"
"TM","Detailed trade matrix","704","Viet Nam","508","Mozambique","5910","Export quantity","23161.02","Rice, milled","2014","2014","t","35526.42","A","Official value"
"TM","Detailed trade matrix","704","Viet Nam","508","Mozambique","5910","Export quantity","23161.02","Rice, milled","2015","2015","t","22662.98","A","Official value"
"TM","Detailed trade matrix","704","Viet Nam","508","Mozambique","5910","Export quantity","23161.02","Rice, milled","2016","2016","t","30770.6","A","Official value"
"TM","Detailed trade matrix","704","Viet Nam","508","Mozambique","5910","Export quantity","23161.02","Rice, milled","2017","2017","t","50704.9","A","Official value"
"TM","Detailed trade matrix","704","Viet Nam","508","Mozambique","5910","Export quantity","23161.02","Rice, milled","2018","2018","t","48323.84","A","Official value"
"TM","Detailed trade matrix","704","Viet Nam","508","Mozambique","5910","Export quantity","23161.02","Rice, milled","2019","2019","t","57334.5","A","Official value"
"TM","Detailed trade matrix","704","Viet Nam","508","Mozambique","5910","Export quantity","23161.02","Rice, milled","2020","2020","t","60060.31","I","Value imputed by a receiving agency"
"TM","Detailed trade matrix","704","Viet Nam","508","Mozambique","5910","Export quantity","23161.02","Rice, milled","2021","2021","t","63624.09","A","Official value"
"TM","Detailed trade matrix","704","Viet Nam","508","Mozambique","5910","Export quantity","23161.02","Rice, milled","2022","2022","t","53003.27","A","Official value"
"TM","Detailed trade matrix","704","Viet Nam","508","Mozambique","5910","Export quantity","23161.02","Rice, milled","2023","2023","t","85887.14","A","Official value"
"TM","Detailed trade matrix","704","Viet Nam","508","Mozambique","5922","Export value","23161.02","Rice, milled","2012","2012","1000 USD","32281","A","Official value"
"TM","Detailed trade matrix","704","Viet Nam","508","Mozambique","5922","Export value","23161.02","Rice, milled","2013","2013","1000 USD","29666","A","Official value"
"TM","Detailed trade matrix","704","Viet Nam","508","Mozambique","5922","Export value","23161.02","Rice, milled","2014","2014","1000 USD","20039","A","Official value"
"TM","Detailed trade matrix","704","Viet Nam","508","Mozambique","5922","Export value","23161.02","Rice, milled","2015","2015","1000 USD","11410","A","Official value"
"TM","Detailed trade matrix","704","Viet Nam","508","Mozambique","5922","Export value","23161.02","Rice, milled","2016","2016","1000 USD","14593","A","Official value"
"TM","Detailed trade matrix","704","Viet Nam","508","Mozambique","5922","Export value","23161.02","Rice, milled","2017","2017","1000 USD","26089","A","Official value"
"TM","Detailed trade matrix","704","Viet Nam","508","Mozambique","5922","Export value","23161.02","Rice, milled","2018","2018","1000 USD","24163","A","Official value"
"TM","Detailed trade matrix","704","Viet Nam","508","Mozambique","5922","Export value","23161.02","Rice, milled","2019","2019","1000 USD","27581","A","Official value"
"TM","Detailed trade matrix","704","Viet Nam","508","Mozambique","5922","Export value","23161.02","Rice, milled","2020","2020","1000 USD","30367","A","Official value"
"TM","Detailed trade matrix","704","Viet Nam","508","Mozambique","5922","Export value","23161.02","Rice, milled","2021","2021","1000 USD","36217","A","Official value"
"TM","Detailed trade matrix","704","Viet Nam","508","Mozambique","5922","Export value","23161.02","Rice, milled","2022","2022","1000 USD","28309","A","Official value"
"TM","Detailed trade matrix","704","Viet Nam","508","Mozambique","5922","Export value","23161.02","Rice, milled","2023","2023","1000 USD","53033","A","Official value"
"TM","Detailed trade matrix","704","Viet Nam","104","Myanmar","5610","Import quantity","23161.02","Rice, milled","2017","2017","t","371.5","A","Official value"
"TM","Detailed trade matrix","704","Viet Nam","104","Myanmar","5610","Import quantity","23161.02","Rice, milled","2018","2018","t","10581.22","I","Value imputed by a receiving agency"
"TM","Detailed trade matrix","704","Viet Nam","104","Myanmar","5610","Import quantity","23161.02","Rice, milled","2019","2019","t","8316.82","I","Value imputed by a receiving agency"
"TM","Detailed trade matrix","704","Viet Nam","104","Myanmar","5610","Import quantity","23161.02","Rice, milled","2020","2020","t","10394.84","I","Value imputed by a receiving agency"
"TM","Detailed trade matrix","704","Viet Nam","104","Myanmar","5610","Import quantity","23161.02","Rice, milled","2021","2021","t","10275.15","A","Official value"
"TM","Detailed trade matrix","704","Viet Nam","104","Myanmar","5610","Import quantity","23161.02","Rice, milled","2022","2022","t","2518.4","A","Official value"
"TM","Detailed trade matrix","704","Viet Nam","104","Myanmar","5610","Import quantity","23161.02","Rice, milled","2023","2023","t","636.53","A","Official value"
"TM","Detailed trade matrix","704","Viet Nam","104","Myanmar","5622","Import value","23161.02","Rice, milled","2017","2017","1000 USD","111","A","Official value"
"TM","Detailed trade matrix","704","Viet Nam","104","Myanmar","5622","Import value","23161.02","Rice, milled","2018","2018","1000 USD","5207","A","Official value"
"TM","Detailed trade matrix","704","Viet Nam","104","Myanmar","5622","Import value","23161.02","Rice, milled","2019","2019","1000 USD","4011","A","Official value"
"TM","Detailed trade matrix","704","Viet Nam","104","Myanmar","5622","Import value","23161.02","Rice, milled","2020","2020","1000 USD","5090","A","Official value"
"TM","Detailed trade matrix","704","Viet Nam","104","Myanmar","5622","Import value","23161.02","Rice, milled","2021","2021","1000 USD","4620","A","Official value"
"TM","Detailed trade matrix","704","Viet Nam","104","Myanmar","5622","Import value","23161.02","Rice, milled","2022","2022","1000 USD","1153","A","Official value"
"TM","Detailed trade matrix","704","Viet Nam","104","Myanmar","5622","Import value","23161.02","Rice, milled","2023","2023","1000 USD","998","A","Official value"
"TM","Detailed trade matrix","704","Viet Nam","516","Namibia","5910","Export quantity","23161.02","Rice, milled","2013","2013","t","339","A","Official value"
"TM","Detailed trade matrix","704","Viet Nam","516","Namibia","5910","Export quantity","23161.02","Rice, milled","2015","2015","t","50","A","Official value"
"TM","Detailed trade matrix","704","Viet Nam","516","Namibia","5922","Export value","23161.02","Rice, milled","2013","2013","1000 USD","153","A","Official value"
"TM","Detailed trade matrix","704","Viet Nam","516","Namibia","5922","Export value","23161.02","Rice, milled","2015","2015","1000 USD","25","A","Official value"
"TM","Detailed trade matrix","704","Viet Nam","524","Nepal","5910","Export quantity","23161.02","Rice, milled","2016","2016","t","25","A","Official value"
"TM","Detailed trade matrix","704","Viet Nam","524","Nepal","5922","Export value","23161.02","Rice, milled","2016","2016","1000 USD","14","A","Official value"
"TM","Detailed trade matrix","704","Viet Nam","528","Netherlands (Kingdom of the)","5910","Export quantity","23161.02","Rice, milled","2012","2012","t","1379","A","Official value"
"TM","Detailed trade matrix","704","Viet Nam","528","Netherlands (Kingdom of the)","5910","Export quantity","23161.02","Rice, milled","2013","2013","t","2894","A","Official value"
"TM","Detailed trade matrix","704","Viet Nam","528","Netherlands (Kingdom of the)","5910","Export quantity","23161.02","Rice, milled","2014","2014","t","4944.82","A","Official value"
"TM","Detailed trade matrix","704","Viet Nam","528","Netherlands (Kingdom of the)","5910","Export quantity","23161.02","Rice, milled","2015","2015","t","3305.89","A","Official value"
"TM","Detailed trade matrix","704","Viet Nam","528","Netherlands (Kingdom of the)","5910","Export quantity","23161.02","Rice, milled","2016","2016","t","2869.5","A","Official value"
"TM","Detailed trade matrix","704","Viet Nam","528","Netherlands (Kingdom of the)","5910","Export quantity","23161.02","Rice, milled","2017","2017","t","3262.3","A","Official value"
"TM","Detailed trade matrix","704","Viet Nam","528","Netherlands (Kingdom of the)","5910","Export quantity","23161.02","Rice, milled","2018","2018","t","2535.82","A","Official value"
"TM","Detailed trade matrix","704","Viet Nam","528","Netherlands (Kingdom of the)","5910","Export quantity","23161.02","Rice, milled","2019","2019","t","4125.69","A","Official value"
"TM","Detailed trade matrix","704","Viet Nam","528","Netherlands (Kingdom of the)","5910","Export quantity","23161.02","Rice, milled","2020","2020","t","6057.39","I","Value imputed by a receiving agency"
"TM","Detailed trade matrix","704","Viet Nam","528","Netherlands (Kingdom of the)","5910","Export quantity","23161.02","Rice, milled","2021","2021","t","9873.4","A","Official value"
"TM","Detailed trade matrix","704","Viet Nam","528","Netherlands (Kingdom of the)","5910","Export quantity","23161.02","Rice, milled","2022","2022","t","13029.22","A","Official value"
"TM","Detailed trade matrix","704","Viet Nam","528","Netherlands (Kingdom of the)","5910","Export quantity","23161.02","Rice, milled","2023","2023","t","13207.83","I","Value imputed by a receiving agency"
"TM","Detailed trade matrix","704","Viet Nam","528","Netherlands (Kingdom of the)","5922","Export value","23161.02","Rice, milled","2012","2012","1000 USD","939","A","Official value"
"TM","Detailed trade matrix","704","Viet Nam","528","Netherlands (Kingdom of the)","5922","Export value","23161.02","Rice, milled","2013","2013","1000 USD","1660","A","Official value"
"TM","Detailed trade matrix","704","Viet Nam","528","Netherlands (Kingdom of the)","5922","Export value","23161.02","Rice, milled","2014","2014","1000 USD","2565","A","Official value"
"TM","Detailed trade matrix","704","Viet Nam","528","Netherlands (Kingdom of the)","5922","Export value","23161.02","Rice, milled","2015","2015","1000 USD","1682","A","Official value"
"TM","Detailed trade matrix","704","Viet Nam","528","Netherlands (Kingdom of the)","5922","Export value","23161.02","Rice, milled","2016","2016","1000 USD","1372","A","Official value"
"TM","Detailed trade matrix","704","Viet Nam","528","Netherlands (Kingdom of the)","5922","Export value","23161.02","Rice, milled","2017","2017","1000 USD","1514","A","Official value"
"TM","Detailed trade matrix","704","Viet Nam","528","Netherlands (Kingdom of the)","5922","Export value","23161.02","Rice, milled","2018","2018","1000 USD","1268","A","Official value"
"TM","Detailed trade matrix","704","Viet Nam","528","Netherlands (Kingdom of the)","5922","Export value","23161.02","Rice, milled","2019","2019","1000 USD","2076","A","Official value"
"TM","Detailed trade matrix","704","Viet Nam","528","Netherlands (Kingdom of the)","5922","Export value","23161.02","Rice, milled","2020","2020","1000 USD","3302","A","Official value"
"TM","Detailed trade matrix","704","Viet Nam","528","Netherlands (Kingdom of the)","5922","Export value","23161.02","Rice, milled","2021","2021","1000 USD","6727","A","Official value"
"TM","Detailed trade matrix","704","Viet Nam","528","Netherlands (Kingdom of the)","5922","Export value","23161.02","Rice, milled","2022","2022","1000 USD","8630","A","Official value"
"TM","Detailed trade matrix","704","Viet Nam","528","Netherlands (Kingdom of the)","5922","Export value","23161.02","Rice, milled","2023","2023","1000 USD","8669","A","Official value"
"TM","Detailed trade matrix","704","Viet Nam","540","New Caledonia","5910","Export quantity","23161.02","Rice, milled","2012","2012","t","100","A","Official value"
"TM","Detailed trade matrix","704","Viet Nam","540","New Caledonia","5910","Export quantity","23161.02","Rice, milled","2013","2013","t","64","A","Official value"
"TM","Detailed trade matrix","704","Viet Nam","540","New Caledonia","5910","Export quantity","23161.02","Rice, milled","2014","2014","t","111.69","A","Official value"
"TM","Detailed trade matrix","704","Viet Nam","540","New Caledonia","5910","Export quantity","23161.02","Rice, milled","2015","2015","t","79","A","Official value"
"TM","Detailed trade matrix","704","Viet Nam","540","New Caledonia","5922","Export value","23161.02","Rice, milled","2012","2012","1000 USD","77","A","Official value"
"TM","Detailed trade matrix","704","Viet Nam","540","New Caledonia","5922","Export value","23161.02","Rice, milled","2013","2013","1000 USD","52","A","Official value"
"TM","Detailed trade matrix","704","Viet Nam","540","New Caledonia","5922","Export value","23161.02","Rice, milled","2014","2014","1000 USD","87","A","Official value"
"TM","Detailed trade matrix","704","Viet Nam","540","New Caledonia","5922","Export value","23161.02","Rice, milled","2015","2015","1000 USD","72","A","Official value"
"TM","Detailed trade matrix","704","Viet Nam","554","New Zealand","5910","Export quantity","23161.02","Rice, milled","2012","2012","t","889","A","Official value"
"TM","Detailed trade matrix","704","Viet Nam","554","New Zealand","5910","Export quantity","23161.02","Rice, milled","2013","2013","t","937","A","Official value"
"TM","Detailed trade matrix","704","Viet Nam","554","New Zealand","5910","Export quantity","23161.02","Rice, milled","2014","2014","t","1411.39","A","Official value"
"TM","Detailed trade matrix","704","Viet Nam","554","New Zealand","5910","Export quantity","23161.02","Rice, milled","2015","2015","t","1247.51","A","Official value"
"TM","Detailed trade matrix","704","Viet Nam","554","New Zealand","5910","Export quantity","23161.02","Rice, milled","2016","2016","t","1836.13","A","Official value"
"TM","Detailed trade matrix","704","Viet Nam","554","New Zealand","5910","Export quantity","23161.02","Rice, milled","2017","2017","t","2215.2","A","Official value"
"TM","Detailed trade matrix","704","Viet Nam","554","New Zealand","5910","Export quantity","23161.02","Rice, milled","2018","2018","t","3595.11","A","Official value"
"TM","Detailed trade matrix","704","Viet Nam","554","New Zealand","5910","Export quantity","23161.02","Rice, milled","2019","2019","t","5902.44","A","Official value"
"TM","Detailed trade matrix","704","Viet Nam","554","New Zealand","5910","Export quantity","23161.02","Rice, milled","2020","2020","t","9529.21","I","Value imputed by a receiving agency"
"TM","Detailed trade matrix","704","Viet Nam","554","New Zealand","5910","Export quantity","23161.02","Rice, milled","2021","2021","t","11112.75","A","Official value"
"TM","Detailed trade matrix","704","Viet Nam","554","New Zealand","5910","Export quantity","23161.02","Rice, milled","2022","2022","t","9520.73","A","Official value"
"TM","Detailed trade matrix","704","Viet Nam","554","New Zealand","5910","Export quantity","23161.02","Rice, milled","2023","2023","t","10220.02","A","Official value"
"TM","Detailed trade matrix","704","Viet Nam","554","New Zealand","5922","Export value","23161.02","Rice, milled","2012","2012","1000 USD","577","A","Official value"
"TM","Detailed trade matrix","704","Viet Nam","554","New Zealand","5922","Export value","23161.02","Rice, milled","2013","2013","1000 USD","572","A","Official value"
"TM","Detailed trade matrix","704","Viet Nam","554","New Zealand","5922","Export value","23161.02","Rice, milled","2014","2014","1000 USD","837","A","Official value"
"TM","Detailed trade matrix","704","Viet Nam","554","New Zealand","5922","Export value","23161.02","Rice, milled","2015","2015","1000 USD","753","A","Official value"
"TM","Detailed trade matrix","704","Viet Nam","554","New Zealand","5922","Export value","23161.02","Rice, milled","2016","2016","1000 USD","1119","A","Official value"
"TM","Detailed trade matrix","704","Viet Nam","554","New Zealand","5922","Export value","23161.02","Rice, milled","2017","2017","1000 USD","1335","A","Official value"
"TM","Detailed trade matrix","704","Viet Nam","554","New Zealand","5922","Export value","23161.02","Rice, milled","2018","2018","1000 USD","1798","A","Official value"
"TM","Detailed trade matrix","704","Viet Nam","554","New Zealand","5922","Export value","23161.02","Rice, milled","2019","2019","1000 USD","3306","A","Official value"
"TM","Detailed trade matrix","704","Viet Nam","554","New Zealand","5922","Export value","23161.02","Rice, milled","2020","2020","1000 USD","5591","A","Official value"
"TM","Detailed trade matrix","704","Viet Nam","554","New Zealand","5922","Export value","23161.02","Rice, milled","2021","2021","1000 USD","6881","A","Official value"
"TM","Detailed trade matrix","704","Viet Nam","554","New Zealand","5922","Export value","23161.02","Rice, milled","2022","2022","1000 USD","5992","A","Official value"
"TM","Detailed trade matrix","704","Viet Nam","554","New Zealand","5922","Export value","23161.02","Rice, milled","2023","2023","1000 USD","6696","A","Official value"
"TM","Detailed trade matrix","704","Viet Nam","566","Nigeria","5910","Export quantity","23161.02","Rice, milled","2012","2012","t","35190","A","Official value"
"TM","Detailed trade matrix","704","Viet Nam","566","Nigeria","5910","Export quantity","23161.02","Rice, milled","2013","2013","t","3777","A","Official value"
"TM","Detailed trade matrix","704","Viet Nam","566","Nigeria","5910","Export quantity","23161.02","Rice, milled","2014","2014","t","623","A","Official value"
"TM","Detailed trade matrix","704","Viet Nam","566","Nigeria","5910","Export quantity","23161.02","Rice, milled","2015","2015","t","331","A","Official value"
"TM","Detailed trade matrix","704","Viet Nam","566","Nigeria","5910","Export quantity","23161.02","Rice, milled","2016","2016","t","950.41","A","Official value"
"TM","Detailed trade matrix","704","Viet Nam","566","Nigeria","5910","Export quantity","23161.02","Rice, milled","2017","2017","t","476.1","A","Official value"
"TM","Detailed trade matrix","704","Viet Nam","566","Nigeria","5910","Export quantity","23161.02","Rice, milled","2018","2018","t","810.96","A","Official value"
"TM","Detailed trade matrix","704","Viet Nam","566","Nigeria","5910","Export quantity","23161.02","Rice, milled","2019","2019","t","1298","A","Official value"
"TM","Detailed trade matrix","704","Viet Nam","566","Nigeria","5910","Export quantity","23161.02","Rice, milled","2020","2020","t","748.71","I","Value imputed by a receiving agency"
"TM","Detailed trade matrix","704","Viet Nam","566","Nigeria","5910","Export quantity","23161.02","Rice, milled","2021","2021","t","854.67","A","Official value"
"TM","Detailed trade matrix","704","Viet Nam","566","Nigeria","5910","Export quantity","23161.02","Rice, milled","2022","2022","t","406.5","A","Official value"
"TM","Detailed trade matrix","704","Viet Nam","566","Nigeria","5910","Export quantity","23161.02","Rice, milled","2023","2023","t","617.81","I","Value imputed by a receiving agency"
"TM","Detailed trade matrix","704","Viet Nam","566","Nigeria","5922","Export value","23161.02","Rice, milled","2012","2012","1000 USD","16913","A","Official value"
"TM","Detailed trade matrix","704","Viet Nam","566","Nigeria","5922","Export value","23161.02","Rice, milled","2013","2013","1000 USD","1806","A","Official value"
"TM","Detailed trade matrix","704","Viet Nam","566","Nigeria","5922","Export value","23161.02","Rice, milled","2014","2014","1000 USD","381","A","Official value"
"TM","Detailed trade matrix","704","Viet Nam","566","Nigeria","5922","Export value","23161.02","Rice, milled","2015","2015","1000 USD","232","A","Official value"
"TM","Detailed trade matrix","704","Viet Nam","566","Nigeria","5922","Export value","23161.02","Rice, milled","2016","2016","1000 USD","624","A","Official value"
"TM","Detailed trade matrix","704","Viet Nam","566","Nigeria","5922","Export value","23161.02","Rice, milled","2017","2017","1000 USD","313","A","Official value"
"TM","Detailed trade matrix","704","Viet Nam","566","Nigeria","5922","Export value","23161.02","Rice, milled","2018","2018","1000 USD","406","A","Official value"
"TM","Detailed trade matrix","704","Viet Nam","566","Nigeria","5922","Export value","23161.02","Rice, milled","2019","2019","1000 USD","745","A","Official value"
"TM","Detailed trade matrix","704","Viet Nam","566","Nigeria","5922","Export value","23161.02","Rice, milled","2020","2020","1000 USD","472","A","Official value"
"TM","Detailed trade matrix","704","Viet Nam","566","Nigeria","5922","Export value","23161.02","Rice, milled","2021","2021","1000 USD","589","A","Official value"
"TM","Detailed trade matrix","704","Viet Nam","566","Nigeria","5922","Export value","23161.02","Rice, milled","2022","2022","1000 USD","263","A","Official value"
"TM","Detailed trade matrix","704","Viet Nam","566","Nigeria","5922","Export value","23161.02","Rice, milled","2023","2023","1000 USD","395","A","Official value"
"TM","Detailed trade matrix","704","Viet Nam","578","Norway","5910","Export quantity","23161.02","Rice, milled","2012","2012","t","828","A","Official value"
"TM","Detailed trade matrix","704","Viet Nam","578","Norway","5910","Export quantity","23161.02","Rice, milled","2013","2013","t","1128","A","Official value"
"TM","Detailed trade matrix","704","Viet Nam","578","Norway","5910","Export quantity","23161.02","Rice, milled","2014","2014","t","2249.76","A","Official value"
"TM","Detailed trade matrix","704","Viet Nam","578","Norway","5910","Export quantity","23161.02","Rice, milled","2015","2015","t","2170.83","A","Official value"
"TM","Detailed trade matrix","704","Viet Nam","578","Norway","5910","Export quantity","23161.02","Rice, milled","2016","2016","t","2324.32","A","Official value"
"TM","Detailed trade matrix","704","Viet Nam","578","Norway","5910","Export quantity","23161.02","Rice, milled","2017","2017","t","2569.5","A","Official value"
"TM","Detailed trade matrix","704","Viet Nam","578","Norway","5910","Export quantity","23161.02","Rice, milled","2018","2018","t","3578.79","A","Official value"
"TM","Detailed trade matrix","704","Viet Nam","578","Norway","5910","Export quantity","23161.02","Rice, milled","2019","2019","t","3346.01","A","Official value"
"TM","Detailed trade matrix","704","Viet Nam","578","Norway","5910","Export quantity","23161.02","Rice, milled","2020","2020","t","3945.88","I","Value imputed by a receiving agency"
"TM","Detailed trade matrix","704","Viet Nam","578","Norway","5910","Export quantity","23161.02","Rice, milled","2021","2021","t","3939.43","A","Official value"
"TM","Detailed trade matrix","704","Viet Nam","578","Norway","5910","Export quantity","23161.02","Rice, milled","2022","2022","t","3843.9","A","Official value"
"TM","Detailed trade matrix","704","Viet Nam","578","Norway","5910","Export quantity","23161.02","Rice, milled","2023","2023","t","4236.35","I","Value imputed by a receiving agency"
"TM","Detailed trade matrix","704","Viet Nam","578","Norway","5922","Export value","23161.02","Rice, milled","2012","2012","1000 USD","636","A","Official value"
"TM","Detailed trade matrix","704","Viet Nam","578","Norway","5922","Export value","23161.02","Rice, milled","2013","2013","1000 USD","800","A","Official value"
"TM","Detailed trade matrix","704","Viet Nam","578","Norway","5922","Export value","23161.02","Rice, milled","2014","2014","1000 USD","1598","A","Official value"
"TM","Detailed trade matrix","704","Viet Nam","578","Norway","5922","Export value","23161.02","Rice, milled","2015","2015","1000 USD","1503","A","Official value"
"TM","Detailed trade matrix","704","Viet Nam","578","Norway","5922","Export value","23161.02","Rice, milled","2016","2016","1000 USD","1483","A","Official value"
"TM","Detailed trade matrix","704","Viet Nam","578","Norway","5922","Export value","23161.02","Rice, milled","2017","2017","1000 USD","1649","A","Official value"
"TM","Detailed trade matrix","704","Viet Nam","578","Norway","5922","Export value","23161.02","Rice, milled","2018","2018","1000 USD","1790","A","Official value"
"TM","Detailed trade matrix","704","Viet Nam","578","Norway","5922","Export value","23161.02","Rice, milled","2019","2019","1000 USD","2505","A","Official value"
"TM","Detailed trade matrix","704","Viet Nam","578","Norway","5922","Export value","23161.02","Rice, milled","2020","2020","1000 USD","3022","A","Official value"
"TM","Detailed trade matrix","704","Viet Nam","578","Norway","5922","Export value","23161.02","Rice, milled","2021","2021","1000 USD","3128","A","Official value"
"TM","Detailed trade matrix","704","Viet Nam","578","Norway","5922","Export value","23161.02","Rice, milled","2022","2022","1000 USD","3094","A","Official value"
"TM","Detailed trade matrix","704","Viet Nam","578","Norway","5922","Export value","23161.02","Rice, milled","2023","2023","1000 USD","3420","A","Official value"
"TM","Detailed trade matrix","704","Viet Nam","512","Oman","5910","Export quantity","23161.02","Rice, milled","2012","2012","t","95","A","Official value"
"TM","Detailed trade matrix","704","Viet Nam","512","Oman","5910","Export quantity","23161.02","Rice, milled","2013","2013","t","2825","A","Official value"
"TM","Detailed trade matrix","704","Viet Nam","512","Oman","5910","Export quantity","23161.02","Rice, milled","2014","2014","t","293.75","A","Official value"
"TM","Detailed trade matrix","704","Viet Nam","512","Oman","5910","Export quantity","23161.02","Rice, milled","2015","2015","t","88","A","Official value"
"TM","Detailed trade matrix","704","Viet Nam","512","Oman","5910","Export quantity","23161.02","Rice, milled","2016","2016","t","376.44","A","Official value"
"TM","Detailed trade matrix","704","Viet Nam","512","Oman","5910","Export quantity","23161.02","Rice, milled","2017","2017","t","648.3","A","Official value"
"TM","Detailed trade matrix","704","Viet Nam","512","Oman","5922","Export value","23161.02","Rice, milled","2012","2012","1000 USD","53","A","Official value"
"TM","Detailed trade matrix","704","Viet Nam","512","Oman","5922","Export value","23161.02","Rice, milled","2013","2013","1000 USD","1421","A","Official value"
"TM","Detailed trade matrix","704","Viet Nam","512","Oman","5922","Export value","23161.02","Rice, milled","2014","2014","1000 USD","149","A","Official value"
"TM","Detailed trade matrix","704","Viet Nam","512","Oman","5922","Export value","23161.02","Rice, milled","2015","2015","1000 USD","52","A","Official value"
"TM","Detailed trade matrix","704","Viet Nam","512","Oman","5922","Export value","23161.02","Rice, milled","2016","2016","1000 USD","213","A","Official value"
"TM","Detailed trade matrix","704","Viet Nam","512","Oman","5922","Export value","23161.02","Rice, milled","2017","2017","1000 USD","402","A","Official value"
"TM","Detailed trade matrix","704","Viet Nam","586","Pakistan","5610","Import quantity","23161.02","Rice, milled","2017","2017","t","5","A","Official value"
"TM","Detailed trade matrix","704","Viet Nam","586","Pakistan","5610","Import quantity","23161.02","Rice, milled","2018","2018","t","7.87","A","Official value"
"TM","Detailed trade matrix","704","Viet Nam","586","Pakistan","5622","Import value","23161.02","Rice, milled","2017","2017","1000 USD","4","A","Official value"
"TM","Detailed trade matrix","704","Viet Nam","586","Pakistan","5622","Import value","23161.02","Rice, milled","2018","2018","1000 USD","4","A","Official value"
"TM","Detailed trade matrix","704","Viet Nam","586","Pakistan","5910","Export quantity","23161.02","Rice, milled","2012","2012","t","75","A","Official value"
"TM","Detailed trade matrix","704","Viet Nam","586","Pakistan","5910","Export quantity","23161.02","Rice, milled","2013","2013","t","1","A","Official value"
"TM","Detailed trade matrix","704","Viet Nam","586","Pakistan","5910","Export quantity","23161.02","Rice, milled","2014","2014","t","1890","A","Official value"
"TM","Detailed trade matrix","704","Viet Nam","586","Pakistan","5910","Export quantity","23161.02","Rice, milled","2015","2015","t","500","A","Official value"
"TM","Detailed trade matrix","704","Viet Nam","586","Pakistan","5910","Export quantity","23161.02","Rice, milled","2016","2016","t","2.26","A","Official value"
"TM","Detailed trade matrix","704","Viet Nam","586","Pakistan","5910","Export quantity","23161.02","Rice, milled","2017","2017","t","76","A","Official value"
"TM","Detailed trade matrix","704","Viet Nam","586","Pakistan","5910","Export quantity","23161.02","Rice, milled","2019","2019","t","200","A","Official value"
"TM","Detailed trade matrix","704","Viet Nam","586","Pakistan","5910","Export quantity","23161.02","Rice, milled","2022","2022","t","81","A","Official value"
"TM","Detailed trade matrix","704","Viet Nam","586","Pakistan","5922","Export value","23161.02","Rice, milled","2012","2012","1000 USD","54","A","Official value"
"TM","Detailed trade matrix","704","Viet Nam","586","Pakistan","5922","Export value","23161.02","Rice, milled","2013","2013","1000 USD","1","A","Official value"
"TM","Detailed trade matrix","704","Viet Nam","586","Pakistan","5922","Export value","23161.02","Rice, milled","2014","2014","1000 USD","811","A","Official value"
"TM","Detailed trade matrix","704","Viet Nam","586","Pakistan","5922","Export value","23161.02","Rice, milled","2015","2015","1000 USD","181","A","Official value"
"TM","Detailed trade matrix","704","Viet Nam","586","Pakistan","5922","Export value","23161.02","Rice, milled","2016","2016","1000 USD","1","A","Official value"
"TM","Detailed trade matrix","704","Viet Nam","586","Pakistan","5922","Export value","23161.02","Rice, milled","2017","2017","1000 USD","42","A","Official value"
"TM","Detailed trade matrix","704","Viet Nam","586","Pakistan","5922","Export value","23161.02","Rice, milled","2019","2019","1000 USD","89","A","Official value"
"TM","Detailed trade matrix","704","Viet Nam","586","Pakistan","5922","Export value","23161.02","Rice, milled","2022","2022","1000 USD","67","A","Official value"
"TM","Detailed trade matrix","704","Viet Nam","591","Panama","5910","Export quantity","23161.02","Rice, milled","2014","2014","t","4199.42","A","Official value"
"TM","Detailed trade matrix","704","Viet Nam","591","Panama","5910","Export quantity","23161.02","Rice, milled","2015","2015","t","1519","A","Official value"
"TM","Detailed trade matrix","704","Viet Nam","591","Panama","5910","Export quantity","23161.02","Rice, milled","2016","2016","t","93","A","Official value"
"TM","Detailed trade matrix","704","Viet Nam","591","Panama","5910","Export quantity","23161.02","Rice, milled","2017","2017","t","46","A","Official value"
"TM","Detailed trade matrix","704","Viet Nam","591","Panama","5910","Export quantity","23161.02","Rice, milled","2020","2020","t","249.42","A","Official value"
"TM","Detailed trade matrix","704","Viet Nam","591","Panama","5910","Export quantity","23161.02","Rice, milled","2021","2021","t","50.7","A","Official value"
"TM","Detailed trade matrix","704","Viet Nam","591","Panama","5922","Export value","23161.02","Rice, milled","2014","2014","1000 USD","2184","A","Official value"
"TM","Detailed trade matrix","704","Viet Nam","591","Panama","5922","Export value","23161.02","Rice, milled","2015","2015","1000 USD","726","A","Official value"
"TM","Detailed trade matrix","704","Viet Nam","591","Panama","5922","Export value","23161.02","Rice, milled","2016","2016","1000 USD","52","A","Official value"
"TM","Detailed trade matrix","704","Viet Nam","591","Panama","5922","Export value","23161.02","Rice, milled","2017","2017","1000 USD","21","A","Official value"
"TM","Detailed trade matrix","704","Viet Nam","591","Panama","5922","Export value","23161.02","Rice, milled","2020","2020","1000 USD","136","A","Official value"
"TM","Detailed trade matrix","704","Viet Nam","591","Panama","5922","Export value","23161.02","Rice, milled","2021","2021","1000 USD","32","A","Official value"
"TM","Detailed trade matrix","704","Viet Nam","598","Papua New Guinea","5910","Export quantity","23161.02","Rice, milled","2012","2012","t","44514","A","Official value"
"TM","Detailed trade matrix","704","Viet Nam","598","Papua New Guinea","5910","Export quantity","23161.02","Rice, milled","2013","2013","t","7564","A","Official value"
"TM","Detailed trade matrix","704","Viet Nam","598","Papua New Guinea","5910","Export quantity","23161.02","Rice, milled","2014","2014","t","60164.36","A","Official value"
"TM","Detailed trade matrix","704","Viet Nam","598","Papua New Guinea","5910","Export quantity","23161.02","Rice, milled","2015","2015","t","101751.5","A","Official value"
"TM","Detailed trade matrix","704","Viet Nam","598","Papua New Guinea","5910","Export quantity","23161.02","Rice, milled","2016","2016","t","92838","A","Official value"
"TM","Detailed trade matrix","704","Viet Nam","598","Papua New Guinea","5910","Export quantity","23161.02","Rice, milled","2017","2017","t","178984","A","Official value"
"TM","Detailed trade matrix","704","Viet Nam","598","Papua New Guinea","5922","Export value","23161.02","Rice, milled","2012","2012","1000 USD","19589","A","Official value"
"TM","Detailed trade matrix","704","Viet Nam","598","Papua New Guinea","5922","Export value","23161.02","Rice, milled","2013","2013","1000 USD","3436","A","Official value"
"TM","Detailed trade matrix","704","Viet Nam","598","Papua New Guinea","5922","Export value","23161.02","Rice, milled","2014","2014","1000 USD","26835","A","Official value"
"TM","Detailed trade matrix","704","Viet Nam","598","Papua New Guinea","5922","Export value","23161.02","Rice, milled","2015","2015","1000 USD","45126","A","Official value"
"TM","Detailed trade matrix","704","Viet Nam","598","Papua New Guinea","5922","Export value","23161.02","Rice, milled","2016","2016","1000 USD","39494","A","Official value"
"TM","Detailed trade matrix","704","Viet Nam","598","Papua New Guinea","5922","Export value","23161.02","Rice, milled","2017","2017","1000 USD","85409","A","Official value"
"TM","Detailed trade matrix","704","Viet Nam","604","Peru","5910","Export quantity","23161.02","Rice, milled","2012","2012","t","2698","A","Official value"
"TM","Detailed trade matrix","704","Viet Nam","604","Peru","5910","Export quantity","23161.02","Rice, milled","2013","2013","t","22","A","Official value"
"TM","Detailed trade matrix","704","Viet Nam","604","Peru","5910","Export quantity","23161.02","Rice, milled","2016","2016","t","100.25","A","Official value"
"TM","Detailed trade matrix","704","Viet Nam","604","Peru","5910","Export quantity","23161.02","Rice, milled","2019","2019","t","79","A","Official value"
"TM","Detailed trade matrix","704","Viet Nam","604","Peru","5910","Export quantity","23161.02","Rice, milled","2021","2021","t","25","A","Official value"
"TM","Detailed trade matrix","704","Viet Nam","604","Peru","5910","Export quantity","23161.02","Rice, milled","2022","2022","t","41","A","Official value"
"TM","Detailed trade matrix","704","Viet Nam","604","Peru","5910","Export quantity","23161.02","Rice, milled","2023","2023","t","43","A","Official value"
"TM","Detailed trade matrix","704","Viet Nam","604","Peru","5922","Export value","23161.02","Rice, milled","2012","2012","1000 USD","1263","A","Official value"
"TM","Detailed trade matrix","704","Viet Nam","604","Peru","5922","Export value","23161.02","Rice, milled","2013","2013","1000 USD","10","A","Official value"
"TM","Detailed trade matrix","704","Viet Nam","604","Peru","5922","Export value","23161.02","Rice, milled","2016","2016","1000 USD","47","A","Official value"
"TM","Detailed trade matrix","704","Viet Nam","604","Peru","5922","Export value","23161.02","Rice, milled","2019","2019","1000 USD","42","A","Official value"
"TM","Detailed trade matrix","704","Viet Nam","604","Peru","5922","Export value","23161.02","Rice, milled","2021","2021","1000 USD","20","A","Official value"
"TM","Detailed trade matrix","704","Viet Nam","604","Peru","5922","Export value","23161.02","Rice, milled","2022","2022","1000 USD","25","A","Official value"
"TM","Detailed trade matrix","704","Viet Nam","604","Peru","5922","Export value","23161.02","Rice, milled","2023","2023","1000 USD","34","A","Official value"
"TM","Detailed trade matrix","704","Viet Nam","608","Philippines","5610","Import quantity","23161.02","Rice, milled","2019","2019","t","46.38","A","Official value"
"TM","Detailed trade matrix","704","Viet Nam","608","Philippines","5622","Import value","23161.02","Rice, milled","2019","2019","1000 USD","22","A","Official value"
"TM","Detailed trade matrix","704","Viet Nam","608","Philippines","5910","Export quantity","23161.02","Rice, milled","2012","2012","t","1109410","A","Official value"
"TM","Detailed trade matrix","704","Viet Nam","608","Philippines","5910","Export quantity","23161.02","Rice, milled","2013","2013","t","498172","A","Official value"
"TM","Detailed trade matrix","704","Viet Nam","608","Philippines","5910","Export quantity","23161.02","Rice, milled","2014","2014","t","1328376.19","A","Official value"
"TM","Detailed trade matrix","704","Viet Nam","608","Philippines","5910","Export quantity","23161.02","Rice, milled","2015","2015","t","1139601.28","A","Official value"
"TM","Detailed trade matrix","704","Viet Nam","608","Philippines","5910","Export quantity","23161.02","Rice, milled","2016","2016","t","390828","A","Official value"
"TM","Detailed trade matrix","704","Viet Nam","608","Philippines","5910","Export quantity","23161.02","Rice, milled","2017","2017","t","546722","A","Official value"
"TM","Detailed trade matrix","704","Viet Nam","608","Philippines","5910","Export quantity","23161.02","Rice, milled","2018","2018","t","911184.69","I","Value imputed by a receiving agency"
"TM","Detailed trade matrix","704","Viet Nam","608","Philippines","5910","Export quantity","23161.02","Rice, milled","2019","2019","t","2129613.1","A","Official value"
"TM","Detailed trade matrix","704","Viet Nam","608","Philippines","5910","Export quantity","23161.02","Rice, milled","2020","2020","t","2213662.42","I","Value imputed by a receiving agency"
"TM","Detailed trade matrix","704","Viet Nam","608","Philippines","5910","Export quantity","23161.02","Rice, milled","2021","2021","t","2396191.9","A","Official value"
"TM","Detailed trade matrix","704","Viet Nam","608","Philippines","5910","Export quantity","23161.02","Rice, milled","2022","2022","t","3108384","A","Official value"
"TM","Detailed trade matrix","704","Viet Nam","608","Philippines","5910","Export quantity","23161.02","Rice, milled","2023","2023","t","3015899.86","I","Value imputed by a receiving agency"
"TM","Detailed trade matrix","704","Viet Nam","608","Philippines","5922","Export value","23161.02","Rice, milled","2012","2012","1000 USD","473884","A","Official value"
"TM","Detailed trade matrix","704","Viet Nam","608","Philippines","5922","Export value","23161.02","Rice, milled","2013","2013","1000 USD","222892","A","Official value"
"TM","Detailed trade matrix","704","Viet Nam","608","Philippines","5922","Export value","23161.02","Rice, milled","2014","2014","1000 USD","598172","A","Official value"
"TM","Detailed trade matrix","704","Viet Nam","608","Philippines","5922","Export value","23161.02","Rice, milled","2015","2015","1000 USD","466378","A","Official value"
"TM","Detailed trade matrix","704","Viet Nam","608","Philippines","5922","Export value","23161.02","Rice, milled","2016","2016","1000 USD","165663","A","Official value"
"TM","Detailed trade matrix","704","Viet Nam","608","Philippines","5922","Export value","23161.02","Rice, milled","2017","2017","1000 USD","220440","A","Official value"
"TM","Detailed trade matrix","704","Viet Nam","608","Philippines","5922","Export value","23161.02","Rice, milled","2018","2018","1000 USD","455621","A","Official value"
"TM","Detailed trade matrix","704","Viet Nam","608","Philippines","5922","Export value","23161.02","Rice, milled","2019","2019","1000 USD","883704","A","Official value"
"TM","Detailed trade matrix","704","Viet Nam","608","Philippines","5922","Export value","23161.02","Rice, milled","2020","2020","1000 USD","1045804","A","Official value"
"TM","Detailed trade matrix","704","Viet Nam","608","Philippines","5922","Export value","23161.02","Rice, milled","2021","2021","1000 USD","1226776","A","Official value"
"TM","Detailed trade matrix","704","Viet Nam","608","Philippines","5922","Export value","23161.02","Rice, milled","2022","2022","1000 USD","1447418","A","Official value"
"TM","Detailed trade matrix","704","Viet Nam","608","Philippines","5922","Export value","23161.02","Rice, milled","2023","2023","1000 USD","1691552","A","Official value"
"TM","Detailed trade matrix","704","Viet Nam","616","Poland","5910","Export quantity","23161.02","Rice, milled","2012","2012","t","1014","A","Official value"
"TM","Detailed trade matrix","704","Viet Nam","616","Poland","5910","Export quantity","23161.02","Rice, milled","2013","2013","t","974","A","Official value"
"TM","Detailed trade matrix","704","Viet Nam","616","Poland","5910","Export quantity","23161.02","Rice, milled","2014","2014","t","2983.45","A","Official value"
"TM","Detailed trade matrix","704","Viet Nam","616","Poland","5910","Export quantity","23161.02","Rice, milled","2015","2015","t","1850.48","A","Official value"
"TM","Detailed trade matrix","704","Viet Nam","616","Poland","5910","Export quantity","23161.02","Rice, milled","2016","2016","t","1233.55","A","Official value"
"TM","Detailed trade matrix","704","Viet Nam","616","Poland","5910","Export quantity","23161.02","Rice, milled","2017","2017","t","338","A","Official value"
"TM","Detailed trade matrix","704","Viet Nam","616","Poland","5910","Export quantity","23161.02","Rice, milled","2018","2018","t","496.34","A","Official value"
"TM","Detailed trade matrix","704","Viet Nam","616","Poland","5910","Export quantity","23161.02","Rice, milled","2019","2019","t","3767.86","A","Official value"
"TM","Detailed trade matrix","704","Viet Nam","616","Poland","5910","Export quantity","23161.02","Rice, milled","2020","2020","t","3815.18","I","Value imputed by a receiving agency"
"TM","Detailed trade matrix","704","Viet Nam","616","Poland","5910","Export quantity","23161.02","Rice, milled","2021","2021","t","11889.84","A","Official value"
"TM","Detailed trade matrix","704","Viet Nam","616","Poland","5910","Export quantity","23161.02","Rice, milled","2022","2022","t","6636.77","A","Official value"
"TM","Detailed trade matrix","704","Viet Nam","616","Poland","5910","Export quantity","23161.02","Rice, milled","2023","2023","t","13391.36","I","Value imputed by a receiving agency"
"TM","Detailed trade matrix","704","Viet Nam","616","Poland","5922","Export value","23161.02","Rice, milled","2012","2012","1000 USD","566","A","Official value"
"TM","Detailed trade matrix","704","Viet Nam","616","Poland","5922","Export value","23161.02","Rice, milled","2013","2013","1000 USD","498","A","Official value"
"TM","Detailed trade matrix","704","Viet Nam","616","Poland","5922","Export value","23161.02","Rice, milled","2014","2014","1000 USD","1512","A","Official value"
"TM","Detailed trade matrix","704","Viet Nam","616","Poland","5922","Export value","23161.02","Rice, milled","2015","2015","1000 USD","1012","A","Official value"
"TM","Detailed trade matrix","704","Viet Nam","616","Poland","5922","Export value","23161.02","Rice, milled","2016","2016","1000 USD","629","A","Official value"
"TM","Detailed trade matrix","704","Viet Nam","616","Poland","5922","Export value","23161.02","Rice, milled","2017","2017","1000 USD","193","A","Official value"
"TM","Detailed trade matrix","704","Viet Nam","616","Poland","5922","Export value","23161.02","Rice, milled","2018","2018","1000 USD","248","A","Official value"
"TM","Detailed trade matrix","704","Viet Nam","616","Poland","5922","Export value","23161.02","Rice, milled","2019","2019","1000 USD","2119","A","Official value"
"TM","Detailed trade matrix","704","Viet Nam","616","Poland","5922","Export value","23161.02","Rice, milled","2020","2020","1000 USD","2267","A","Official value"
"TM","Detailed trade matrix","704","Viet Nam","616","Poland","5922","Export value","23161.02","Rice, milled","2021","2021","1000 USD","7358","A","Official value"
"TM","Detailed trade matrix","704","Viet Nam","616","Poland","5922","Export value","23161.02","Rice, milled","2022","2022","1000 USD","4357","A","Official value"
"TM","Detailed trade matrix","704","Viet Nam","616","Poland","5922","Export value","23161.02","Rice, milled","2023","2023","1000 USD","8609","A","Official value"
"TM","Detailed trade matrix","704","Viet Nam","620","Portugal","5910","Export quantity","23161.02","Rice, milled","2012","2012","t","42","A","Official value"
"TM","Detailed trade matrix","704","Viet Nam","620","Portugal","5910","Export quantity","23161.02","Rice, milled","2013","2013","t","121","A","Official value"
"TM","Detailed trade matrix","704","Viet Nam","620","Portugal","5910","Export quantity","23161.02","Rice, milled","2015","2015","t","416.92","A","Official value"
"TM","Detailed trade matrix","704","Viet Nam","620","Portugal","5910","Export quantity","23161.02","Rice, milled","2016","2016","t","856.92","A","Official value"
"TM","Detailed trade matrix","704","Viet Nam","620","Portugal","5910","Export quantity","23161.02","Rice, milled","2017","2017","t","282","A","Official value"
"TM","Detailed trade matrix","704","Viet Nam","620","Portugal","5910","Export quantity","23161.02","Rice, milled","2018","2018","t","392.61","A","Official value"
"TM","Detailed trade matrix","704","Viet Nam","620","Portugal","5910","Export quantity","23161.02","Rice, milled","2019","2019","t","323.24","A","Official value"
"TM","Detailed trade matrix","704","Viet Nam","620","Portugal","5910","Export quantity","23161.02","Rice, milled","2020","2020","t","773.9","A","Official value"
"TM","Detailed trade matrix","704","Viet Nam","620","Portugal","5910","Export quantity","23161.02","Rice, milled","2021","2021","t","556.32","A","Official value"
"TM","Detailed trade matrix","704","Viet Nam","620","Portugal","5910","Export quantity","23161.02","Rice, milled","2022","2022","t","207.46","A","Official value"
"TM","Detailed trade matrix","704","Viet Nam","620","Portugal","5910","Export quantity","23161.02","Rice, milled","2023","2023","t","1568.46","I","Value imputed by a receiving agency"
"TM","Detailed trade matrix","704","Viet Nam","620","Portugal","5922","Export value","23161.02","Rice, milled","2012","2012","1000 USD","29","A","Official value"
"TM","Detailed trade matrix","704","Viet Nam","620","Portugal","5922","Export value","23161.02","Rice, milled","2013","2013","1000 USD","53","A","Official value"
"TM","Detailed trade matrix","704","Viet Nam","620","Portugal","5922","Export value","23161.02","Rice, milled","2015","2015","1000 USD","185","A","Official value"
"TM","Detailed trade matrix","704","Viet Nam","620","Portugal","5922","Export value","23161.02","Rice, milled","2016","2016","1000 USD","367","A","Official value"
"TM","Detailed trade matrix","704","Viet Nam","620","Portugal","5922","Export value","23161.02","Rice, milled","2017","2017","1000 USD","176","A","Official value"
"TM","Detailed trade matrix","704","Viet Nam","620","Portugal","5922","Export value","23161.02","Rice, milled","2018","2018","1000 USD","196","A","Official value"
"TM","Detailed trade matrix","704","Viet Nam","620","Portugal","5922","Export value","23161.02","Rice, milled","2019","2019","1000 USD","168","A","Official value"
"TM","Detailed trade matrix","704","Viet Nam","620","Portugal","5922","Export value","23161.02","Rice, milled","2020","2020","1000 USD","368","A","Official value"
"TM","Detailed trade matrix","704","Viet Nam","620","Portugal","5922","Export value","23161.02","Rice, milled","2021","2021","1000 USD","397","A","Official value"
"TM","Detailed trade matrix","704","Viet Nam","620","Portugal","5922","Export value","23161.02","Rice, milled","2022","2022","1000 USD","133","A","Official value"
"TM","Detailed trade matrix","704","Viet Nam","620","Portugal","5922","Export value","23161.02","Rice, milled","2023","2023","1000 USD","1203","A","Official value"
"TM","Detailed trade matrix","704","Viet Nam","634","Qatar","5910","Export quantity","23161.02","Rice, milled","2012","2012","t","975","A","Official value"
"TM","Detailed trade matrix","704","Viet Nam","634","Qatar","5910","Export quantity","23161.02","Rice, milled","2013","2013","t","2359","A","Official value"
"TM","Detailed trade matrix","704","Viet Nam","634","Qatar","5910","Export quantity","23161.02","Rice, milled","2014","2014","t","5250.15","A","Official value"
"TM","Detailed trade matrix","704","Viet Nam","634","Qatar","5910","Export quantity","23161.02","Rice, milled","2015","2015","t","7057.94","A","Official value"
"TM","Detailed trade matrix","704","Viet Nam","634","Qatar","5910","Export quantity","23161.02","Rice, milled","2016","2016","t","9972.49","A","Official value"
"TM","Detailed trade matrix","704","Viet Nam","634","Qatar","5910","Export quantity","23161.02","Rice, milled","2017","2017","t","9778.4","A","Official value"
"TM","Detailed trade matrix","704","Viet Nam","634","Qatar","5910","Export quantity","23161.02","Rice, milled","2018","2018","t","13477.99","A","Official value"
"TM","Detailed trade matrix","704","Viet Nam","634","Qatar","5910","Export quantity","23161.02","Rice, milled","2019","2019","t","11827.09","A","Official value"
"TM","Detailed trade matrix","704","Viet Nam","634","Qatar","5910","Export quantity","23161.02","Rice, milled","2020","2020","t","12946.54","I","Value imputed by a receiving agency"
"TM","Detailed trade matrix","704","Viet Nam","634","Qatar","5910","Export quantity","23161.02","Rice, milled","2021","2021","t","11213.39","A","Official value"
"TM","Detailed trade matrix","704","Viet Nam","634","Qatar","5910","Export quantity","23161.02","Rice, milled","2022","2022","t","9866.83","A","Official value"
"TM","Detailed trade matrix","704","Viet Nam","634","Qatar","5910","Export quantity","23161.02","Rice, milled","2023","2023","t","10613.56","I","Value imputed by a receiving agency"
"TM","Detailed trade matrix","704","Viet Nam","634","Qatar","5922","Export value","23161.02","Rice, milled","2012","2012","1000 USD","639","A","Official value"
"TM","Detailed trade matrix","704","Viet Nam","634","Qatar","5922","Export value","23161.02","Rice, milled","2013","2013","1000 USD","1482","A","Official value"
"TM","Detailed trade matrix","704","Viet Nam","634","Qatar","5922","Export value","23161.02","Rice, milled","2014","2014","1000 USD","3455","A","Official value"
"TM","Detailed trade matrix","704","Viet Nam","634","Qatar","5922","Export value","23161.02","Rice, milled","2015","2015","1000 USD","4621","A","Official value"
"TM","Detailed trade matrix","704","Viet Nam","634","Qatar","5922","Export value","23161.02","Rice, milled","2016","2016","1000 USD","6419","A","Official value"
"TM","Detailed trade matrix","704","Viet Nam","634","Qatar","5922","Export value","23161.02","Rice, milled","2017","2017","1000 USD","6037","A","Official value"
"TM","Detailed trade matrix","704","Viet Nam","634","Qatar","5922","Export value","23161.02","Rice, milled","2018","2018","1000 USD","6739","A","Official value"
"TM","Detailed trade matrix","704","Viet Nam","634","Qatar","5922","Export value","23161.02","Rice, milled","2019","2019","1000 USD","6973","A","Official value"
"TM","Detailed trade matrix","704","Viet Nam","634","Qatar","5922","Export value","23161.02","Rice, milled","2020","2020","1000 USD","7801","A","Official value"
"TM","Detailed trade matrix","704","Viet Nam","634","Qatar","5922","Export value","23161.02","Rice, milled","2021","2021","1000 USD","7431","A","Official value"
"TM","Detailed trade matrix","704","Viet Nam","634","Qatar","5922","Export value","23161.02","Rice, milled","2022","2022","1000 USD","6422","A","Official value"
"TM","Detailed trade matrix","704","Viet Nam","634","Qatar","5922","Export value","23161.02","Rice, milled","2023","2023","1000 USD","6831","A","Official value"
"TM","Detailed trade matrix","704","Viet Nam","410","Republic of Korea","5610","Import quantity","23161.02","Rice, milled","2012","2012","t","3","A","Official value"
"TM","Detailed trade matrix","704","Viet Nam","410","Republic of Korea","5610","Import quantity","23161.02","Rice, milled","2013","2013","t","0","A","Official value"
"TM","Detailed trade matrix","704","Viet Nam","410","Republic of Korea","5610","Import quantity","23161.02","Rice, milled","2016","2016","t","31.19","A","Official value"
"TM","Detailed trade matrix","704","Viet Nam","410","Republic of Korea","5610","Import quantity","23161.02","Rice, milled","2017","2017","t","46.5","A","Official value"
"TM","Detailed trade matrix","704","Viet Nam","410","Republic of Korea","5610","Import quantity","23161.02","Rice, milled","2018","2018","t","46.56","A","Official value"
"TM","Detailed trade matrix","704","Viet Nam","410","Republic of Korea","5610","Import quantity","23161.02","Rice, milled","2019","2019","t","3.11","A","Official value"
"TM","Detailed trade matrix","704","Viet Nam","410","Republic of Korea","5610","Import quantity","23161.02","Rice, milled","2020","2020","t","9.72","A","Official value"
"TM","Detailed trade matrix","704","Viet Nam","410","Republic of Korea","5610","Import quantity","23161.02","Rice, milled","2021","2021","t","87.83","A","Official value"
"TM","Detailed trade matrix","704","Viet Nam","410","Republic of Korea","5610","Import quantity","23161.02","Rice, milled","2022","2022","t","24.45","A","Official value"
"TM","Detailed trade matrix","704","Viet Nam","410","Republic of Korea","5610","Import quantity","23161.02","Rice, milled","2023","2023","t","29.75","A","Official value"
"TM","Detailed trade matrix","704","Viet Nam","410","Republic of Korea","5622","Import value","23161.02","Rice, milled","2012","2012","1000 USD","3","A","Official value"
"TM","Detailed trade matrix","704","Viet Nam","410","Republic of Korea","5622","Import value","23161.02","Rice, milled","2013","2013","1000 USD","9","A","Official value"
"TM","Detailed trade matrix","704","Viet Nam","410","Republic of Korea","5622","Import value","23161.02","Rice, milled","2016","2016","1000 USD","44","A","Official value"
"TM","Detailed trade matrix","704","Viet Nam","410","Republic of Korea","5622","Import value","23161.02","Rice, milled","2017","2017","1000 USD","63","A","Official value"
"TM","Detailed trade matrix","704","Viet Nam","410","Republic of Korea","5622","Import value","23161.02","Rice, milled","2018","2018","1000 USD","23","A","Official value"
"TM","Detailed trade matrix","704","Viet Nam","410","Republic of Korea","5622","Import value","23161.02","Rice, milled","2019","2019","1000 USD","2","A","Official value"
"TM","Detailed trade matrix","704","Viet Nam","410","Republic of Korea","5622","Import value","23161.02","Rice, milled","2020","2020","1000 USD","5","A","Official value"
"TM","Detailed trade matrix","704","Viet Nam","410","Republic of Korea","5622","Import value","23161.02","Rice, milled","2021","2021","1000 USD","39","A","Official value"
"TM","Detailed trade matrix","704","Viet Nam","410","Republic of Korea","5622","Import value","23161.02","Rice, milled","2022","2022","1000 USD","11","A","Official value"
"TM","Detailed trade matrix","704","Viet Nam","410","Republic of Korea","5622","Import value","23161.02","Rice, milled","2023","2023","1000 USD","47","A","Official value"
"TM","Detailed trade matrix","704","Viet Nam","410","Republic of Korea","5910","Export quantity","23161.02","Rice, milled","2012","2012","t","35753","A","Official value"
"TM","Detailed trade matrix","704","Viet Nam","410","Republic of Korea","5910","Export quantity","23161.02","Rice, milled","2013","2013","t","2919","A","Official value"
"TM","Detailed trade matrix","704","Viet Nam","410","Republic of Korea","5910","Export quantity","23161.02","Rice, milled","2014","2014","t","23330.13","A","Official value"
"TM","Detailed trade matrix","704","Viet Nam","410","Republic of Korea","5910","Export quantity","23161.02","Rice, milled","2015","2015","t","17378.31","A","Official value"
"TM","Detailed trade matrix","704","Viet Nam","410","Republic of Korea","5910","Export quantity","23161.02","Rice, milled","2016","2016","t","8310.61","A","Official value"
"TM","Detailed trade matrix","704","Viet Nam","410","Republic of Korea","5910","Export quantity","23161.02","Rice, milled","2017","2017","t","1601","A","Official value"
"TM","Detailed trade matrix","704","Viet Nam","410","Republic of Korea","5910","Export quantity","23161.02","Rice, milled","2018","2018","t","6396.31","A","Official value"
"TM","Detailed trade matrix","704","Viet Nam","410","Republic of Korea","5910","Export quantity","23161.02","Rice, milled","2019","2019","t","553.61","A","Official value"
"TM","Detailed trade matrix","704","Viet Nam","410","Republic of Korea","5910","Export quantity","23161.02","Rice, milled","2020","2020","t","4102.94","A","Official value"
"TM","Detailed trade matrix","704","Viet Nam","410","Republic of Korea","5910","Export quantity","23161.02","Rice, milled","2021","2021","t","1774.87","A","Official value"
"TM","Detailed trade matrix","704","Viet Nam","410","Republic of Korea","5910","Export quantity","23161.02","Rice, milled","2022","2022","t","1892.29","I","Value imputed by a receiving agency"
"TM","Detailed trade matrix","704","Viet Nam","410","Republic of Korea","5910","Export quantity","23161.02","Rice, milled","2023","2023","t","932.71","I","Value imputed by a receiving agency"
"TM","Detailed trade matrix","704","Viet Nam","410","Republic of Korea","5922","Export value","23161.02","Rice, milled","2012","2012","1000 USD","13257","A","Official value"
"TM","Detailed trade matrix","704","Viet Nam","410","Republic of Korea","5922","Export value","23161.02","Rice, milled","2013","2013","1000 USD","2364","A","Official value"
"TM","Detailed trade matrix","704","Viet Nam","410","Republic of Korea","5922","Export value","23161.02","Rice, milled","2014","2014","1000 USD","9469","A","Official value"
"TM","Detailed trade matrix","704","Viet Nam","410","Republic of Korea","5922","Export value","23161.02","Rice, milled","2015","2015","1000 USD","6474","A","Official value"
"TM","Detailed trade matrix","704","Viet Nam","410","Republic of Korea","5922","Export value","23161.02","Rice, milled","2016","2016","1000 USD","4688","A","Official value"
"TM","Detailed trade matrix","704","Viet Nam","410","Republic of Korea","5922","Export value","23161.02","Rice, milled","2017","2017","1000 USD","648","A","Official value"
"TM","Detailed trade matrix","704","Viet Nam","410","Republic of Korea","5922","Export value","23161.02","Rice, milled","2018","2018","1000 USD","3198","A","Official value"
"TM","Detailed trade matrix","704","Viet Nam","410","Republic of Korea","5922","Export value","23161.02","Rice, milled","2019","2019","1000 USD","283","A","Official value"
"TM","Detailed trade matrix","704","Viet Nam","410","Republic of Korea","5922","Export value","23161.02","Rice, milled","2020","2020","1000 USD","1898","A","Official value"
"TM","Detailed trade matrix","704","Viet Nam","410","Republic of Korea","5922","Export value","23161.02","Rice, milled","2021","2021","1000 USD","1002","A","Official value"
"TM","Detailed trade matrix","704","Viet Nam","410","Republic of Korea","5922","Export value","23161.02","Rice, milled","2022","2022","1000 USD","1082","A","Official value"
"TM","Detailed trade matrix","704","Viet Nam","410","Republic of Korea","5922","Export value","23161.02","Rice, milled","2023","2023","1000 USD","565","A","Official value"
"TM","Detailed trade matrix","704","Viet Nam","642","Romania","5910","Export quantity","23161.02","Rice, milled","2014","2014","t","504","A","Official value"
"TM","Detailed trade matrix","704","Viet Nam","642","Romania","5910","Export quantity","23161.02","Rice, milled","2015","2015","t","75","A","Official value"
"TM","Detailed trade matrix","704","Viet Nam","642","Romania","5910","Export quantity","23161.02","Rice, milled","2016","2016","t","25","A","Official value"
"TM","Detailed trade matrix","704","Viet Nam","642","Romania","5910","Export quantity","23161.02","Rice, milled","2019","2019","t","150","A","Official value"
"TM","Detailed trade matrix","704","Viet Nam","642","Romania","5910","Export quantity","23161.02","Rice, milled","2020","2020","t","25","A","Official value"
"TM","Detailed trade matrix","704","Viet Nam","642","Romania","5910","Export quantity","23161.02","Rice, milled","2021","2021","t","71.38","A","Official value"
"TM","Detailed trade matrix","704","Viet Nam","642","Romania","5910","Export quantity","23161.02","Rice, milled","2022","2022","t","1297.69","A","Official value"
"TM","Detailed trade matrix","704","Viet Nam","642","Romania","5910","Export quantity","23161.02","Rice, milled","2023","2023","t","2766.2","I","Value imputed by a receiving agency"
"TM","Detailed trade matrix","704","Viet Nam","642","Romania","5922","Export value","23161.02","Rice, milled","2014","2014","1000 USD","204","A","Official value"
"TM","Detailed trade matrix","704","Viet Nam","642","Romania","5922","Export value","23161.02","Rice, milled","2015","2015","1000 USD","34","A","Official value"
"TM","Detailed trade matrix","704","Viet Nam","642","Romania","5922","Export value","23161.02","Rice, milled","2016","2016","1000 USD","11","A","Official value"
"TM","Detailed trade matrix","704","Viet Nam","642","Romania","5922","Export value","23161.02","Rice, milled","2019","2019","1000 USD","69","A","Official value"
"TM","Detailed trade matrix","704","Viet Nam","642","Romania","5922","Export value","23161.02","Rice, milled","2020","2020","1000 USD","15","A","Official value"
"TM","Detailed trade matrix","704","Viet Nam","642","Romania","5922","Export value","23161.02","Rice, milled","2021","2021","1000 USD","57","A","Official value"
"TM","Detailed trade matrix","704","Viet Nam","642","Romania","5922","Export value","23161.02","Rice, milled","2022","2022","1000 USD","770","A","Official value"
"TM","Detailed trade matrix","704","Viet Nam","642","Romania","5922","Export value","23161.02","Rice, milled","2023","2023","1000 USD","1771","A","Official value"
"TM","Detailed trade matrix","704","Viet Nam","643","Russian Federation","5910","Export quantity","23161.02","Rice, milled","2012","2012","t","15603","A","Official value"
"TM","Detailed trade matrix","704","Viet Nam","643","Russian Federation","5910","Export quantity","23161.02","Rice, milled","2013","2013","t","92465","A","Official value"
"TM","Detailed trade matrix","704","Viet Nam","643","Russian Federation","5910","Export quantity","23161.02","Rice, milled","2014","2014","t","23639.26","A","Official value"
"TM","Detailed trade matrix","704","Viet Nam","643","Russian Federation","5910","Export quantity","23161.02","Rice, milled","2015","2015","t","60755.1","A","Official value"
"TM","Detailed trade matrix","704","Viet Nam","643","Russian Federation","5910","Export quantity","23161.02","Rice, milled","2016","2016","t","24279.5","A","Official value"
"TM","Detailed trade matrix","704","Viet Nam","643","Russian Federation","5910","Export quantity","23161.02","Rice, milled","2017","2017","t","22373.8","A","Official value"
"TM","Detailed trade matrix","704","Viet Nam","643","Russian Federation","5910","Export quantity","23161.02","Rice, milled","2018","2018","t","8639.26","A","Official value"
"TM","Detailed trade matrix","704","Viet Nam","643","Russian Federation","5910","Export quantity","23161.02","Rice, milled","2019","2019","t","23184.47","A","Official value"
"TM","Detailed trade matrix","704","Viet Nam","643","Russian Federation","5910","Export quantity","23161.02","Rice, milled","2020","2020","t","8616.59","I","Value imputed by a receiving agency"
"TM","Detailed trade matrix","704","Viet Nam","643","Russian Federation","5910","Export quantity","23161.02","Rice, milled","2021","2021","t","2026.08","A","Official value"
"TM","Detailed trade matrix","704","Viet Nam","643","Russian Federation","5910","Export quantity","23161.02","Rice, milled","2022","2022","t","5304.4","A","Official value"
"TM","Detailed trade matrix","704","Viet Nam","643","Russian Federation","5910","Export quantity","23161.02","Rice, milled","2023","2023","t","5046.49","A","Official value"
"TM","Detailed trade matrix","704","Viet Nam","643","Russian Federation","5922","Export value","23161.02","Rice, milled","2012","2012","1000 USD","7466","A","Official value"
"TM","Detailed trade matrix","704","Viet Nam","643","Russian Federation","5922","Export value","23161.02","Rice, milled","2013","2013","1000 USD","41506","A","Official value"
"TM","Detailed trade matrix","704","Viet Nam","643","Russian Federation","5922","Export value","23161.02","Rice, milled","2014","2014","1000 USD","10475","A","Official value"
"TM","Detailed trade matrix","704","Viet Nam","643","Russian Federation","5922","Export value","23161.02","Rice, milled","2015","2015","1000 USD","19183","A","Official value"
"TM","Detailed trade matrix","704","Viet Nam","643","Russian Federation","5922","Export value","23161.02","Rice, milled","2016","2016","1000 USD","9423","A","Official value"
"TM","Detailed trade matrix","704","Viet Nam","643","Russian Federation","5922","Export value","23161.02","Rice, milled","2017","2017","1000 USD","8743","A","Official value"
"TM","Detailed trade matrix","704","Viet Nam","643","Russian Federation","5922","Export value","23161.02","Rice, milled","2018","2018","1000 USD","4320","A","Official value"
"TM","Detailed trade matrix","704","Viet Nam","643","Russian Federation","5922","Export value","23161.02","Rice, milled","2019","2019","1000 USD","9539","A","Official value"
"TM","Detailed trade matrix","704","Viet Nam","643","Russian Federation","5922","Export value","23161.02","Rice, milled","2020","2020","1000 USD","3773","A","Official value"
"TM","Detailed trade matrix","704","Viet Nam","643","Russian Federation","5922","Export value","23161.02","Rice, milled","2021","2021","1000 USD","1529","A","Official value"
"TM","Detailed trade matrix","704","Viet Nam","643","Russian Federation","5922","Export value","23161.02","Rice, milled","2022","2022","1000 USD","3191","A","Official value"
"TM","Detailed trade matrix","704","Viet Nam","643","Russian Federation","5922","Export value","23161.02","Rice, milled","2023","2023","1000 USD","3306","A","Official value"
"TM","Detailed trade matrix","704","Viet Nam","646","Rwanda","5910","Export quantity","23161.02","Rice, milled","2013","2013","t","300","A","Official value"
"TM","Detailed trade matrix","704","Viet Nam","646","Rwanda","5922","Export value","23161.02","Rice, milled","2013","2013","1000 USD","131","A","Official value"
"TM","Detailed trade matrix","704","Viet Nam","682","Saudi Arabia","5910","Export quantity","23161.02","Rice, milled","2012","2012","t","22197","A","Official value"
"TM","Detailed trade matrix","704","Viet Nam","682","Saudi Arabia","5910","Export quantity","23161.02","Rice, milled","2013","2013","t","14933","A","Official value"
"TM","Detailed trade matrix","704","Viet Nam","682","Saudi Arabia","5910","Export quantity","23161.02","Rice, milled","2014","2014","t","13498.74","A","Official value"
"TM","Detailed trade matrix","704","Viet Nam","682","Saudi Arabia","5910","Export quantity","23161.02","Rice, milled","2015","2015","t","19908.01","A","Official value"
"TM","Detailed trade matrix","704","Viet Nam","682","Saudi Arabia","5910","Export quantity","23161.02","Rice, milled","2016","2016","t","18373.2","A","Official value"
"TM","Detailed trade matrix","704","Viet Nam","682","Saudi Arabia","5910","Export quantity","23161.02","Rice, milled","2017","2017","t","55133.4","A","Official value"
"TM","Detailed trade matrix","704","Viet Nam","682","Saudi Arabia","5910","Export quantity","23161.02","Rice, milled","2018","2018","t","28764.72","A","Official value"
"TM","Detailed trade matrix","704","Viet Nam","682","Saudi Arabia","5910","Export quantity","23161.02","Rice, milled","2019","2019","t","31257.51","A","Official value"
"TM","Detailed trade matrix","704","Viet Nam","682","Saudi Arabia","5910","Export quantity","23161.02","Rice, milled","2020","2020","t","33145.54","I","Value imputed by a receiving agency"
"TM","Detailed trade matrix","704","Viet Nam","682","Saudi Arabia","5910","Export quantity","23161.02","Rice, milled","2021","2021","t","28512.7","A","Official value"
"TM","Detailed trade matrix","704","Viet Nam","682","Saudi Arabia","5910","Export quantity","23161.02","Rice, milled","2022","2022","t","30983.13","A","Official value"
"TM","Detailed trade matrix","704","Viet Nam","682","Saudi Arabia","5910","Export quantity","23161.02","Rice, milled","2023","2023","t","31885.22","I","Value imputed by a receiving agency"
"TM","Detailed trade matrix","704","Viet Nam","682","Saudi Arabia","5922","Export value","23161.02","Rice, milled","2012","2012","1000 USD","10865","A","Official value"
"TM","Detailed trade matrix","704","Viet Nam","682","Saudi Arabia","5922","Export value","23161.02","Rice, milled","2013","2013","1000 USD","7427","A","Official value"
"TM","Detailed trade matrix","704","Viet Nam","682","Saudi Arabia","5922","Export value","23161.02","Rice, milled","2014","2014","1000 USD","7961","A","Official value"
"TM","Detailed trade matrix","704","Viet Nam","682","Saudi Arabia","5922","Export value","23161.02","Rice, milled","2015","2015","1000 USD","10587","A","Official value"
"TM","Detailed trade matrix","704","Viet Nam","682","Saudi Arabia","5922","Export value","23161.02","Rice, milled","2016","2016","1000 USD","9708","A","Official value"
"TM","Detailed trade matrix","704","Viet Nam","682","Saudi Arabia","5922","Export value","23161.02","Rice, milled","2017","2017","1000 USD","39600","A","Official value"
"TM","Detailed trade matrix","704","Viet Nam","682","Saudi Arabia","5922","Export value","23161.02","Rice, milled","2018","2018","1000 USD","14383","A","Official value"
"TM","Detailed trade matrix","704","Viet Nam","682","Saudi Arabia","5922","Export value","23161.02","Rice, milled","2019","2019","1000 USD","17082","A","Official value"
"TM","Detailed trade matrix","704","Viet Nam","682","Saudi Arabia","5922","Export value","23161.02","Rice, milled","2020","2020","1000 USD","19190","A","Official value"
"TM","Detailed trade matrix","704","Viet Nam","682","Saudi Arabia","5922","Export value","23161.02","Rice, milled","2021","2021","1000 USD","19071","A","Official value"
"TM","Detailed trade matrix","704","Viet Nam","682","Saudi Arabia","5922","Export value","23161.02","Rice, milled","2022","2022","1000 USD","20154","A","Official value"
"TM","Detailed trade matrix","704","Viet Nam","682","Saudi Arabia","5922","Export value","23161.02","Rice, milled","2023","2023","1000 USD","20819","A","Official value"
"TM","Detailed trade matrix","704","Viet Nam","686","Senegal","5910","Export quantity","23161.02","Rice, milled","2012","2012","t","82270","A","Official value"
"TM","Detailed trade matrix","704","Viet Nam","686","Senegal","5910","Export quantity","23161.02","Rice, milled","2013","2013","t","33689","A","Official value"
"TM","Detailed trade matrix","704","Viet Nam","686","Senegal","5910","Export quantity","23161.02","Rice, milled","2014","2014","t","29280.75","A","Official value"
"TM","Detailed trade matrix","704","Viet Nam","686","Senegal","5910","Export quantity","23161.02","Rice, milled","2015","2015","t","1744.14","A","Official value"
"TM","Detailed trade matrix","704","Viet Nam","686","Senegal","5910","Export quantity","23161.02","Rice, milled","2016","2016","t","347","A","Official value"
"TM","Detailed trade matrix","704","Viet Nam","686","Senegal","5910","Export quantity","23161.02","Rice, milled","2017","2017","t","13912.9","A","Official value"
"TM","Detailed trade matrix","704","Viet Nam","686","Senegal","5910","Export quantity","23161.02","Rice, milled","2018","2018","t","442.33","A","Official value"
"TM","Detailed trade matrix","704","Viet Nam","686","Senegal","5910","Export quantity","23161.02","Rice, milled","2019","2019","t","2748.5","A","Official value"
"TM","Detailed trade matrix","704","Viet Nam","686","Senegal","5910","Export quantity","23161.02","Rice, milled","2020","2020","t","3026.48","A","Official value"
"TM","Detailed trade matrix","704","Viet Nam","686","Senegal","5910","Export quantity","23161.02","Rice, milled","2021","2021","t","823","A","Official value"
"TM","Detailed trade matrix","704","Viet Nam","686","Senegal","5910","Export quantity","23161.02","Rice, milled","2022","2022","t","2433.6","A","Official value"
"TM","Detailed trade matrix","704","Viet Nam","686","Senegal","5910","Export quantity","23161.02","Rice, milled","2023","2023","t","12049","A","Official value"
"TM","Detailed trade matrix","704","Viet Nam","686","Senegal","5922","Export value","23161.02","Rice, milled","2012","2012","1000 USD","32325","A","Official value"
"TM","Detailed trade matrix","704","Viet Nam","686","Senegal","5922","Export value","23161.02","Rice, milled","2013","2013","1000 USD","12708","A","Official value"
"TM","Detailed trade matrix","704","Viet Nam","686","Senegal","5922","Export value","23161.02","Rice, milled","2014","2014","1000 USD","10654","A","Official value"
"TM","Detailed trade matrix","704","Viet Nam","686","Senegal","5922","Export value","23161.02","Rice, milled","2015","2015","1000 USD","1071","A","Official value"
"TM","Detailed trade matrix","704","Viet Nam","686","Senegal","5922","Export value","23161.02","Rice, milled","2016","2016","1000 USD","211","A","Official value"
"TM","Detailed trade matrix","704","Viet Nam","686","Senegal","5922","Export value","23161.02","Rice, milled","2017","2017","1000 USD","4774","A","Official value"
"TM","Detailed trade matrix","704","Viet Nam","686","Senegal","5922","Export value","23161.02","Rice, milled","2018","2018","1000 USD","221","A","Official value"
"TM","Detailed trade matrix","704","Viet Nam","686","Senegal","5922","Export value","23161.02","Rice, milled","2019","2019","1000 USD","1569","A","Official value"
"TM","Detailed trade matrix","704","Viet Nam","686","Senegal","5922","Export value","23161.02","Rice, milled","2020","2020","1000 USD","1470","A","Official value"
"TM","Detailed trade matrix","704","Viet Nam","686","Senegal","5922","Export value","23161.02","Rice, milled","2021","2021","1000 USD","529","A","Official value"
"TM","Detailed trade matrix","704","Viet Nam","686","Senegal","5922","Export value","23161.02","Rice, milled","2022","2022","1000 USD","1413","A","Official value"
"TM","Detailed trade matrix","704","Viet Nam","686","Senegal","5922","Export value","23161.02","Rice, milled","2023","2023","1000 USD","5151","A","Official value"
"TM","Detailed trade matrix","704","Viet Nam","694","Sierra Leone","5910","Export quantity","23161.02","Rice, milled","2012","2012","t","3170","A","Official value"
"TM","Detailed trade matrix","704","Viet Nam","694","Sierra Leone","5910","Export quantity","23161.02","Rice, milled","2013","2013","t","1078","A","Official value"
"TM","Detailed trade matrix","704","Viet Nam","694","Sierra Leone","5910","Export quantity","23161.02","Rice, milled","2014","2014","t","1040.65","A","Official value"
"TM","Detailed trade matrix","704","Viet Nam","694","Sierra Leone","5910","Export quantity","23161.02","Rice, milled","2015","2015","t","653","A","Official value"
"TM","Detailed trade matrix","704","Viet Nam","694","Sierra Leone","5910","Export quantity","23161.02","Rice, milled","2016","2016","t","229","A","Official value"
"TM","Detailed trade matrix","704","Viet Nam","694","Sierra Leone","5910","Export quantity","23161.02","Rice, milled","2017","2017","t","769","A","Official value"
"TM","Detailed trade matrix","704","Viet Nam","694","Sierra Leone","5922","Export value","23161.02","Rice, milled","2012","2012","1000 USD","1258","A","Official value"
"TM","Detailed trade matrix","704","Viet Nam","694","Sierra Leone","5922","Export value","23161.02","Rice, milled","2013","2013","1000 USD","512","A","Official value"
"TM","Detailed trade matrix","704","Viet Nam","694","Sierra Leone","5922","Export value","23161.02","Rice, milled","2014","2014","1000 USD","428","A","Official value"
"TM","Detailed trade matrix","704","Viet Nam","694","Sierra Leone","5922","Export value","23161.02","Rice, milled","2015","2015","1000 USD","301","A","Official value"
"TM","Detailed trade matrix","704","Viet Nam","694","Sierra Leone","5922","Export value","23161.02","Rice, milled","2016","2016","1000 USD","119","A","Official value"
"TM","Detailed trade matrix","704","Viet Nam","694","Sierra Leone","5922","Export value","23161.02","Rice, milled","2017","2017","1000 USD","329","A","Official value"
"TM","Detailed trade matrix","704","Viet Nam","702","Singapore","5610","Import quantity","23161.02","Rice, milled","2016","2016","t","0.6","A","Official value"
"TM","Detailed trade matrix","704","Viet Nam","702","Singapore","5610","Import quantity","23161.02","Rice, milled","2018","2018","t","203.21","A","Official value"
"TM","Detailed trade matrix","704","Viet Nam","702","Singapore","5622","Import value","23161.02","Rice, milled","2016","2016","1000 USD","2","A","Official value"
"TM","Detailed trade matrix","704","Viet Nam","702","Singapore","5622","Import value","23161.02","Rice, milled","2018","2018","1000 USD","100","A","Official value"
"TM","Detailed trade matrix","704","Viet Nam","702","Singapore","5910","Export quantity","23161.02","Rice, milled","2012","2012","t","252713","A","Official value"
"TM","Detailed trade matrix","704","Viet Nam","702","Singapore","5910","Export quantity","23161.02","Rice, milled","2013","2013","t","349683","A","Official value"
"TM","Detailed trade matrix","704","Viet Nam","702","Singapore","5910","Export quantity","23161.02","Rice, milled","2014","2014","t","173997.92","A","Official value"
"TM","Detailed trade matrix","704","Viet Nam","702","Singapore","5910","Export quantity","23161.02","Rice, milled","2015","2015","t","117190.7","A","Official value"
"TM","Detailed trade matrix","704","Viet Nam","702","Singapore","5910","Export quantity","23161.02","Rice, milled","2016","2016","t","79875.5","A","Official value"
"TM","Detailed trade matrix","704","Viet Nam","702","Singapore","5910","Export quantity","23161.02","Rice, milled","2017","2017","t","99155.6","A","Official value"
"TM","Detailed trade matrix","704","Viet Nam","702","Singapore","5910","Export quantity","23161.02","Rice, milled","2018","2018","t","90228.43","A","Official value"
"TM","Detailed trade matrix","704","Viet Nam","702","Singapore","5910","Export quantity","23161.02","Rice, milled","2019","2019","t","96622.57","A","Official value"
"TM","Detailed trade matrix","704","Viet Nam","702","Singapore","5910","Export quantity","23161.02","Rice, milled","2020","2020","t","105865.19","I","Value imputed by a receiving agency"
"TM","Detailed trade matrix","704","Viet Nam","702","Singapore","5910","Export quantity","23161.02","Rice, milled","2021","2021","t","111091.28","A","Official value"
"TM","Detailed trade matrix","704","Viet Nam","702","Singapore","5910","Export quantity","23161.02","Rice, milled","2022","2022","t","97732.46","A","Official value"
"TM","Detailed trade matrix","704","Viet Nam","702","Singapore","5910","Export quantity","23161.02","Rice, milled","2023","2023","t","128962.24","I","Value imputed by a receiving agency"
"TM","Detailed trade matrix","704","Viet Nam","702","Singapore","5922","Export value","23161.02","Rice, milled","2012","2012","1000 USD","124698","A","Official value"
"TM","Detailed trade matrix","704","Viet Nam","702","Singapore","5922","Export value","23161.02","Rice, milled","2013","2013","1000 USD","159448","A","Official value"
"TM","Detailed trade matrix","704","Viet Nam","702","Singapore","5922","Export value","23161.02","Rice, milled","2014","2014","1000 USD","87000","A","Official value"
"TM","Detailed trade matrix","704","Viet Nam","702","Singapore","5922","Export value","23161.02","Rice, milled","2015","2015","1000 USD","59161","A","Official value"
"TM","Detailed trade matrix","704","Viet Nam","702","Singapore","5922","Export value","23161.02","Rice, milled","2016","2016","1000 USD","40615","A","Official value"
"TM","Detailed trade matrix","704","Viet Nam","702","Singapore","5922","Export value","23161.02","Rice, milled","2017","2017","1000 USD","50781","A","Official value"
"TM","Detailed trade matrix","704","Viet Nam","702","Singapore","5922","Export value","23161.02","Rice, milled","2018","2018","1000 USD","45117","A","Official value"
"TM","Detailed trade matrix","704","Viet Nam","702","Singapore","5922","Export value","23161.02","Rice, milled","2019","2019","1000 USD","51365","A","Official value"
"TM","Detailed trade matrix","704","Viet Nam","702","Singapore","5922","Export value","23161.02","Rice, milled","2020","2020","1000 USD","59006","A","Official value"
"TM","Detailed trade matrix","704","Viet Nam","702","Singapore","5922","Export value","23161.02","Rice, milled","2021","2021","1000 USD","64745","A","Official value"
"TM","Detailed trade matrix","704","Viet Nam","702","Singapore","5922","Export value","23161.02","Rice, milled","2022","2022","1000 USD","53401","A","Official value"
"TM","Detailed trade matrix","704","Viet Nam","702","Singapore","5922","Export value","23161.02","Rice, milled","2023","2023","1000 USD","77554","A","Official value"
"TM","Detailed trade matrix","704","Viet Nam","703","Slovakia","5910","Export quantity","23161.02","Rice, milled","2014","2014","t","24.87","A","Official value"
"TM","Detailed trade matrix","704","Viet Nam","703","Slovakia","5910","Export quantity","23161.02","Rice, milled","2016","2016","t","0.43","A","Official value"
"TM","Detailed trade matrix","704","Viet Nam","703","Slovakia","5910","Export quantity","23161.02","Rice, milled","2021","2021","t","50","A","Official value"
"TM","Detailed trade matrix","704","Viet Nam","703","Slovakia","5910","Export quantity","23161.02","Rice, milled","2022","2022","t","910","A","Official value"
"TM","Detailed trade matrix","704","Viet Nam","703","Slovakia","5910","Export quantity","23161.02","Rice, milled","2023","2023","t","760","A","Official value"
"TM","Detailed trade matrix","704","Viet Nam","703","Slovakia","5922","Export value","23161.02","Rice, milled","2014","2014","1000 USD","18","A","Official value"
"TM","Detailed trade matrix","704","Viet Nam","703","Slovakia","5922","Export value","23161.02","Rice, milled","2016","2016","1000 USD","0","A","Official value"
"TM","Detailed trade matrix","704","Viet Nam","703","Slovakia","5922","Export value","23161.02","Rice, milled","2021","2021","1000 USD","27","A","Official value"
"TM","Detailed trade matrix","704","Viet Nam","703","Slovakia","5922","Export value","23161.02","Rice, milled","2022","2022","1000 USD","474","A","Official value"
"TM","Detailed trade matrix","704","Viet Nam","703","Slovakia","5922","Export value","23161.02","Rice, milled","2023","2023","1000 USD","372","A","Official value"
"TM","Detailed trade matrix","704","Viet Nam","705","Slovenia","5910","Export quantity","23161.02","Rice, milled","2013","2013","t","25","A","Official value"
"TM","Detailed trade matrix","704","Viet Nam","705","Slovenia","5910","Export quantity","23161.02","Rice, milled","2015","2015","t","101.02","A","Official value"
"TM","Detailed trade matrix","704","Viet Nam","705","Slovenia","5910","Export quantity","23161.02","Rice, milled","2017","2017","t","19.2","A","Official value"
"TM","Detailed trade matrix","704","Viet Nam","705","Slovenia","5910","Export quantity","23161.02","Rice, milled","2018","2018","t","337.67","A","Official value"
"TM","Detailed trade matrix","704","Viet Nam","705","Slovenia","5910","Export quantity","23161.02","Rice, milled","2019","2019","t","322.95","A","Official value"
"TM","Detailed trade matrix","704","Viet Nam","705","Slovenia","5910","Export quantity","23161.02","Rice, milled","2020","2020","t","447.49","I","Value imputed by a receiving agency"
"TM","Detailed trade matrix","704","Viet Nam","705","Slovenia","5910","Export quantity","23161.02","Rice, milled","2021","2021","t","677.9","A","Official value"
"TM","Detailed trade matrix","704","Viet Nam","705","Slovenia","5910","Export quantity","23161.02","Rice, milled","2022","2022","t","891.16","A","Official value"
"TM","Detailed trade matrix","704","Viet Nam","705","Slovenia","5910","Export quantity","23161.02","Rice, milled","2023","2023","t","1319.92","I","Value imputed by a receiving agency"
"TM","Detailed trade matrix","704","Viet Nam","705","Slovenia","5922","Export value","23161.02","Rice, milled","2013","2013","1000 USD","15","A","Official value"
"TM","Detailed trade matrix","704","Viet Nam","705","Slovenia","5922","Export value","23161.02","Rice, milled","2015","2015","1000 USD","49","A","Official value"
"TM","Detailed trade matrix","704","Viet Nam","705","Slovenia","5922","Export value","23161.02","Rice, milled","2017","2017","1000 USD","16","A","Official value"
"TM","Detailed trade matrix","704","Viet Nam","705","Slovenia","5922","Export value","23161.02","Rice, milled","2018","2018","1000 USD","169","A","Official value"
"TM","Detailed trade matrix","704","Viet Nam","705","Slovenia","5922","Export value","23161.02","Rice, milled","2019","2019","1000 USD","190","A","Official value"
"TM","Detailed trade matrix","704","Viet Nam","705","Slovenia","5922","Export value","23161.02","Rice, milled","2020","2020","1000 USD","266","A","Official value"
"TM","Detailed trade matrix","704","Viet Nam","705","Slovenia","5922","Export value","23161.02","Rice, milled","2021","2021","1000 USD","413","A","Official value"
"TM","Detailed trade matrix","704","Viet Nam","705","Slovenia","5922","Export value","23161.02","Rice, milled","2022","2022","1000 USD","537","A","Official value"
"TM","Detailed trade matrix","704","Viet Nam","705","Slovenia","5922","Export value","23161.02","Rice, milled","2023","2023","1000 USD","804","A","Official value"
"TM","Detailed trade matrix","704","Viet Nam","090","Solomon Islands","5910","Export quantity","23161.02","Rice, milled","2015","2015","t","2450.6","A","Official value"
"TM","Detailed trade matrix","704","Viet Nam","090","Solomon Islands","5910","Export quantity","23161.02","Rice, milled","2016","2016","t","41605.6","A","Official value"
"TM","Detailed trade matrix","704","Viet Nam","090","Solomon Islands","5910","Export quantity","23161.02","Rice, milled","2017","2017","t","26316.6","A","Official value"
"TM","Detailed trade matrix","704","Viet Nam","090","Solomon Islands","5922","Export value","23161.02","Rice, milled","2015","2015","1000 USD","1321","A","Official value"
"TM","Detailed trade matrix","704","Viet Nam","090","Solomon Islands","5922","Export value","23161.02","Rice, milled","2016","2016","1000 USD","22599","A","Official value"
"TM","Detailed trade matrix","704","Viet Nam","090","Solomon Islands","5922","Export value","23161.02","Rice, milled","2017","2017","1000 USD","15580","A","Official value"
"TM","Detailed trade matrix","704","Viet Nam","710","South Africa","5910","Export quantity","23161.02","Rice, milled","2012","2012","t","34864","A","Official value"
"TM","Detailed trade matrix","704","Viet Nam","710","South Africa","5910","Export quantity","23161.02","Rice, milled","2013","2013","t","31245","A","Official value"
"TM","Detailed trade matrix","704","Viet Nam","710","South Africa","5910","Export quantity","23161.02","Rice, milled","2014","2014","t","40872.89","A","Official value"
"TM","Detailed trade matrix","704","Viet Nam","710","South Africa","5910","Export quantity","23161.02","Rice, milled","2015","2015","t","44938.76","A","Official value"
"TM","Detailed trade matrix","704","Viet Nam","710","South Africa","5910","Export quantity","23161.02","Rice, milled","2016","2016","t","23617.3","A","Official value"
"TM","Detailed trade matrix","704","Viet Nam","710","South Africa","5910","Export quantity","23161.02","Rice, milled","2017","2017","t","6438.8","A","Official value"
"TM","Detailed trade matrix","704","Viet Nam","710","South Africa","5910","Export quantity","23161.02","Rice, milled","2018","2018","t","4475.29","A","Official value"
"TM","Detailed trade matrix","704","Viet Nam","710","South Africa","5910","Export quantity","23161.02","Rice, milled","2019","2019","t","8703.93","A","Official value"
"TM","Detailed trade matrix","704","Viet Nam","710","South Africa","5910","Export quantity","23161.02","Rice, milled","2020","2020","t","6122.15","I","Value imputed by a receiving agency"
"TM","Detailed trade matrix","704","Viet Nam","710","South Africa","5910","Export quantity","23161.02","Rice, milled","2021","2021","t","6505.82","A","Official value"
"TM","Detailed trade matrix","704","Viet Nam","710","South Africa","5910","Export quantity","23161.02","Rice, milled","2022","2022","t","5983.15","A","Official value"
"TM","Detailed trade matrix","704","Viet Nam","710","South Africa","5910","Export quantity","23161.02","Rice, milled","2023","2023","t","9013.86","I","Value imputed by a receiving agency"
"TM","Detailed trade matrix","704","Viet Nam","710","South Africa","5922","Export value","23161.02","Rice, milled","2012","2012","1000 USD","17169","A","Official value"
"TM","Detailed trade matrix","704","Viet Nam","710","South Africa","5922","Export value","23161.02","Rice, milled","2013","2013","1000 USD","14200","A","Official value"
"TM","Detailed trade matrix","704","Viet Nam","710","South Africa","5922","Export value","23161.02","Rice, milled","2014","2014","1000 USD","17222","A","Official value"
"TM","Detailed trade matrix","704","Viet Nam","710","South Africa","5922","Export value","23161.02","Rice, milled","2015","2015","1000 USD","16973","A","Official value"
"TM","Detailed trade matrix","704","Viet Nam","710","South Africa","5922","Export value","23161.02","Rice, milled","2016","2016","1000 USD","9319","A","Official value"
"TM","Detailed trade matrix","704","Viet Nam","710","South Africa","5922","Export value","23161.02","Rice, milled","2017","2017","1000 USD","3049","A","Official value"
"TM","Detailed trade matrix","704","Viet Nam","710","South Africa","5922","Export value","23161.02","Rice, milled","2018","2018","1000 USD","2238","A","Official value"
"TM","Detailed trade matrix","704","Viet Nam","710","South Africa","5922","Export value","23161.02","Rice, milled","2019","2019","1000 USD","4289","A","Official value"
"TM","Detailed trade matrix","704","Viet Nam","710","South Africa","5922","Export value","23161.02","Rice, milled","2020","2020","1000 USD","3402","A","Official value"
"TM","Detailed trade matrix","704","Viet Nam","710","South Africa","5922","Export value","23161.02","Rice, milled","2021","2021","1000 USD","4397","A","Official value"
"TM","Detailed trade matrix","704","Viet Nam","710","South Africa","5922","Export value","23161.02","Rice, milled","2022","2022","1000 USD","4064","A","Official value"
"TM","Detailed trade matrix","704","Viet Nam","710","South Africa","5922","Export value","23161.02","Rice, milled","2023","2023","1000 USD","5991","A","Official value"
"TM","Detailed trade matrix","704","Viet Nam","724","Spain","5610","Import quantity","23161.02","Rice, milled","2018","2018","t","1.77","A","Official value"
"TM","Detailed trade matrix","704","Viet Nam","724","Spain","5610","Import quantity","23161.02","Rice, milled","2019","2019","t","3.51","A","Official value"
"TM","Detailed trade matrix","704","Viet Nam","724","Spain","5610","Import quantity","23161.02","Rice, milled","2020","2020","t","4.29","A","Official value"
"TM","Detailed trade matrix","704","Viet Nam","724","Spain","5610","Import quantity","23161.02","Rice, milled","2022","2022","t","3.81","A","Official value"
"TM","Detailed trade matrix","704","Viet Nam","724","Spain","5610","Import quantity","23161.02","Rice, milled","2023","2023","t","3.4","A","Official value"
"TM","Detailed trade matrix","704","Viet Nam","724","Spain","5622","Import value","23161.02","Rice, milled","2018","2018","1000 USD","1","A","Official value"
"TM","Detailed trade matrix","704","Viet Nam","724","Spain","5622","Import value","23161.02","Rice, milled","2019","2019","1000 USD","2","A","Official value"
"TM","Detailed trade matrix","704","Viet Nam","724","Spain","5622","Import value","23161.02","Rice, milled","2020","2020","1000 USD","2","A","Official value"
"TM","Detailed trade matrix","704","Viet Nam","724","Spain","5622","Import value","23161.02","Rice, milled","2022","2022","1000 USD","2","A","Official value"
"TM","Detailed trade matrix","704","Viet Nam","724","Spain","5622","Import value","23161.02","Rice, milled","2023","2023","1000 USD","5","A","Official value"
"TM","Detailed trade matrix","704","Viet Nam","724","Spain","5910","Export quantity","23161.02","Rice, milled","2012","2012","t","1417","A","Official value"
"TM","Detailed trade matrix","704","Viet Nam","724","Spain","5910","Export quantity","23161.02","Rice, milled","2013","2013","t","1648","A","Official value"
"TM","Detailed trade matrix","704","Viet Nam","724","Spain","5910","Export quantity","23161.02","Rice, milled","2014","2014","t","1893.4","A","Official value"
"TM","Detailed trade matrix","704","Viet Nam","724","Spain","5910","Export quantity","23161.02","Rice, milled","2015","2015","t","992.44","A","Official value"
"TM","Detailed trade matrix","704","Viet Nam","724","Spain","5910","Export quantity","23161.02","Rice, milled","2016","2016","t","1230.78","A","Official value"
"TM","Detailed trade matrix","704","Viet Nam","724","Spain","5910","Export quantity","23161.02","Rice, milled","2017","2017","t","917.6","A","Official value"
"TM","Detailed trade matrix","704","Viet Nam","724","Spain","5910","Export quantity","23161.02","Rice, milled","2018","2018","t","787.7","A","Official value"
"TM","Detailed trade matrix","704","Viet Nam","724","Spain","5910","Export quantity","23161.02","Rice, milled","2019","2019","t","613.97","A","Official value"
"TM","Detailed trade matrix","704","Viet Nam","724","Spain","5910","Export quantity","23161.02","Rice, milled","2020","2020","t","1326.76","A","Official value"
"TM","Detailed trade matrix","704","Viet Nam","724","Spain","5910","Export quantity","23161.02","Rice, milled","2021","2021","t","597.99","A","Official value"
"TM","Detailed trade matrix","704","Viet Nam","724","Spain","5910","Export quantity","23161.02","Rice, milled","2022","2022","t","1792.5","A","Official value"
"TM","Detailed trade matrix","704","Viet Nam","724","Spain","5910","Export quantity","23161.02","Rice, milled","2023","2023","t","3895.08","A","Official value"
"TM","Detailed trade matrix","704","Viet Nam","724","Spain","5922","Export value","23161.02","Rice, milled","2012","2012","1000 USD","806","A","Official value"
"TM","Detailed trade matrix","704","Viet Nam","724","Spain","5922","Export value","23161.02","Rice, milled","2013","2013","1000 USD","832","A","Official value"
"TM","Detailed trade matrix","704","Viet Nam","724","Spain","5922","Export value","23161.02","Rice, milled","2014","2014","1000 USD","1237","A","Official value"
"TM","Detailed trade matrix","704","Viet Nam","724","Spain","5922","Export value","23161.02","Rice, milled","2015","2015","1000 USD","484","A","Official value"
"TM","Detailed trade matrix","704","Viet Nam","724","Spain","5922","Export value","23161.02","Rice, milled","2016","2016","1000 USD","539","A","Official value"
"TM","Detailed trade matrix","704","Viet Nam","724","Spain","5922","Export value","23161.02","Rice, milled","2017","2017","1000 USD","428","A","Official value"
"TM","Detailed trade matrix","704","Viet Nam","724","Spain","5922","Export value","23161.02","Rice, milled","2018","2018","1000 USD","394","A","Official value"
"TM","Detailed trade matrix","704","Viet Nam","724","Spain","5922","Export value","23161.02","Rice, milled","2019","2019","1000 USD","297","A","Official value"
"TM","Detailed trade matrix","704","Viet Nam","724","Spain","5922","Export value","23161.02","Rice, milled","2020","2020","1000 USD","659","A","Official value"
"TM","Detailed trade matrix","704","Viet Nam","724","Spain","5922","Export value","23161.02","Rice, milled","2021","2021","1000 USD","418","A","Official value"
"TM","Detailed trade matrix","704","Viet Nam","724","Spain","5922","Export value","23161.02","Rice, milled","2022","2022","1000 USD","1370","A","Official value"
"TM","Detailed trade matrix","704","Viet Nam","724","Spain","5922","Export value","23161.02","Rice, milled","2023","2023","1000 USD","2587","A","Official value"
"TM","Detailed trade matrix","704","Viet Nam","144","Sri Lanka","5910","Export quantity","23161.02","Rice, milled","2012","2012","t","52","A","Official value"
"TM","Detailed trade matrix","704","Viet Nam","144","Sri Lanka","5910","Export quantity","23161.02","Rice, milled","2013","2013","t","73","A","Official value"
"TM","Detailed trade matrix","704","Viet Nam","144","Sri Lanka","5910","Export quantity","23161.02","Rice, milled","2014","2014","t","254.5","A","Official value"
"TM","Detailed trade matrix","704","Viet Nam","144","Sri Lanka","5910","Export quantity","23161.02","Rice, milled","2015","2015","t","208","A","Official value"
"TM","Detailed trade matrix","704","Viet Nam","144","Sri Lanka","5910","Export quantity","23161.02","Rice, milled","2016","2016","t","388.59","A","Official value"
"TM","Detailed trade matrix","704","Viet Nam","144","Sri Lanka","5910","Export quantity","23161.02","Rice, milled","2017","2017","t","660.8","A","Official value"
"TM","Detailed trade matrix","704","Viet Nam","144","Sri Lanka","5910","Export quantity","23161.02","Rice, milled","2018","2018","t","754.39","A","Official value"
"TM","Detailed trade matrix","704","Viet Nam","144","Sri Lanka","5910","Export quantity","23161.02","Rice, milled","2019","2019","t","534.64","A","Official value"
"TM","Detailed trade matrix","704","Viet Nam","144","Sri Lanka","5910","Export quantity","23161.02","Rice, milled","2020","2020","t","275.07","I","Value imputed by a receiving agency"
"TM","Detailed trade matrix","704","Viet Nam","144","Sri Lanka","5910","Export quantity","23161.02","Rice, milled","2021","2021","t","26.5","A","Official value"
"TM","Detailed trade matrix","704","Viet Nam","144","Sri Lanka","5910","Export quantity","23161.02","Rice, milled","2022","2022","t","181.72","A","Official value"
"TM","Detailed trade matrix","704","Viet Nam","144","Sri Lanka","5910","Export quantity","23161.02","Rice, milled","2023","2023","t","54.37","A","Official value"
"TM","Detailed trade matrix","704","Viet Nam","144","Sri Lanka","5922","Export value","23161.02","Rice, milled","2012","2012","1000 USD","32","A","Official value"
"TM","Detailed trade matrix","704","Viet Nam","144","Sri Lanka","5922","Export value","23161.02","Rice, milled","2013","2013","1000 USD","48","A","Official value"
"TM","Detailed trade matrix","704","Viet Nam","144","Sri Lanka","5922","Export value","23161.02","Rice, milled","2014","2014","1000 USD","138","A","Official value"
"TM","Detailed trade matrix","704","Viet Nam","144","Sri Lanka","5922","Export value","23161.02","Rice, milled","2015","2015","1000 USD","123","A","Official value"
"TM","Detailed trade matrix","704","Viet Nam","144","Sri Lanka","5922","Export value","23161.02","Rice, milled","2016","2016","1000 USD","214","A","Official value"
"TM","Detailed trade matrix","704","Viet Nam","144","Sri Lanka","5922","Export value","23161.02","Rice, milled","2017","2017","1000 USD","374","A","Official value"
"TM","Detailed trade matrix","704","Viet Nam","144","Sri Lanka","5922","Export value","23161.02","Rice, milled","2018","2018","1000 USD","377","A","Official value"
"TM","Detailed trade matrix","704","Viet Nam","144","Sri Lanka","5922","Export value","23161.02","Rice, milled","2019","2019","1000 USD","245","A","Official value"
"TM","Detailed trade matrix","704","Viet Nam","144","Sri Lanka","5922","Export value","23161.02","Rice, milled","2020","2020","1000 USD","137","A","Official value"
"TM","Detailed trade matrix","704","Viet Nam","144","Sri Lanka","5922","Export value","23161.02","Rice, milled","2021","2021","1000 USD","14","A","Official value"
"TM","Detailed trade matrix","704","Viet Nam","144","Sri Lanka","5922","Export value","23161.02","Rice, milled","2022","2022","1000 USD","101","A","Official value"
"TM","Detailed trade matrix","704","Viet Nam","144","Sri Lanka","5922","Export value","23161.02","Rice, milled","2023","2023","1000 USD","33","A","Official value"
"TM","Detailed trade matrix","704","Viet Nam","729","Sudan","5910","Export quantity","23161.02","Rice, milled","2012","2012","t","4725","A","Official value"
"TM","Detailed trade matrix","704","Viet Nam","729","Sudan","5910","Export quantity","23161.02","Rice, milled","2013","2013","t","5617","A","Official value"
"TM","Detailed trade matrix","704","Viet Nam","729","Sudan","5910","Export quantity","23161.02","Rice, milled","2014","2014","t","2224.78","A","Official value"
"TM","Detailed trade matrix","704","Viet Nam","729","Sudan","5910","Export quantity","23161.02","Rice, milled","2015","2015","t","596","A","Official value"
"TM","Detailed trade matrix","704","Viet Nam","729","Sudan","5910","Export quantity","23161.02","Rice, milled","2016","2016","t","5726.25","A","Official value"
"TM","Detailed trade matrix","704","Viet Nam","729","Sudan","5910","Export quantity","23161.02","Rice, milled","2017","2017","t","13927","A","Official value"
"TM","Detailed trade matrix","704","Viet Nam","729","Sudan","5922","Export value","23161.02","Rice, milled","2012","2012","1000 USD","2418","A","Official value"
"TM","Detailed trade matrix","704","Viet Nam","729","Sudan","5922","Export value","23161.02","Rice, milled","2013","2013","1000 USD","2332","A","Official value"
"TM","Detailed trade matrix","704","Viet Nam","729","Sudan","5922","Export value","23161.02","Rice, milled","2014","2014","1000 USD","1032","A","Official value"
"TM","Detailed trade matrix","704","Viet Nam","729","Sudan","5922","Export value","23161.02","Rice, milled","2015","2015","1000 USD","244","A","Official value"
"TM","Detailed trade matrix","704","Viet Nam","729","Sudan","5922","Export value","23161.02","Rice, milled","2016","2016","1000 USD","2901","A","Official value"
"TM","Detailed trade matrix","704","Viet Nam","729","Sudan","5922","Export value","23161.02","Rice, milled","2017","2017","1000 USD","6330","A","Official value"
"TM","Detailed trade matrix","704","Viet Nam","752","Sweden","5910","Export quantity","23161.02","Rice, milled","2012","2012","t","138","A","Official value"
"TM","Detailed trade matrix","704","Viet Nam","752","Sweden","5910","Export quantity","23161.02","Rice, milled","2013","2013","t","342","A","Official value"
"TM","Detailed trade matrix","704","Viet Nam","752","Sweden","5910","Export quantity","23161.02","Rice, milled","2014","2014","t","124","A","Official value"
"TM","Detailed trade matrix","704","Viet Nam","752","Sweden","5910","Export quantity","23161.02","Rice, milled","2015","2015","t","139.84","A","Official value"
"TM","Detailed trade matrix","704","Viet Nam","752","Sweden","5910","Export quantity","23161.02","Rice, milled","2016","2016","t","85.72","A","Official value"
"TM","Detailed trade matrix","704","Viet Nam","752","Sweden","5910","Export quantity","23161.02","Rice, milled","2017","2017","t","27.8","A","Official value"
"TM","Detailed trade matrix","704","Viet Nam","752","Sweden","5910","Export quantity","23161.02","Rice, milled","2018","2018","t","146.91","A","Official value"
"TM","Detailed trade matrix","704","Viet Nam","752","Sweden","5910","Export quantity","23161.02","Rice, milled","2019","2019","t","1883.44","A","Official value"
"TM","Detailed trade matrix","704","Viet Nam","752","Sweden","5910","Export quantity","23161.02","Rice, milled","2020","2020","t","2462.22","I","Value imputed by a receiving agency"
"TM","Detailed trade matrix","704","Viet Nam","752","Sweden","5910","Export quantity","23161.02","Rice, milled","2021","2021","t","2968.98","A","Official value"
"TM","Detailed trade matrix","704","Viet Nam","752","Sweden","5910","Export quantity","23161.02","Rice, milled","2022","2022","t","4799.34","A","Official value"
"TM","Detailed trade matrix","704","Viet Nam","752","Sweden","5910","Export quantity","23161.02","Rice, milled","2023","2023","t","2977.47","I","Value imputed by a receiving agency"
"TM","Detailed trade matrix","704","Viet Nam","752","Sweden","5922","Export value","23161.02","Rice, milled","2012","2012","1000 USD","101","A","Official value"
"TM","Detailed trade matrix","704","Viet Nam","752","Sweden","5922","Export value","23161.02","Rice, milled","2013","2013","1000 USD","208","A","Official value"
"TM","Detailed trade matrix","704","Viet Nam","752","Sweden","5922","Export value","23161.02","Rice, milled","2014","2014","1000 USD","92","A","Official value"
"TM","Detailed trade matrix","704","Viet Nam","752","Sweden","5922","Export value","23161.02","Rice, milled","2015","2015","1000 USD","106","A","Official value"
"TM","Detailed trade matrix","704","Viet Nam","752","Sweden","5922","Export value","23161.02","Rice, milled","2016","2016","1000 USD","63","A","Official value"
"TM","Detailed trade matrix","704","Viet Nam","752","Sweden","5922","Export value","23161.02","Rice, milled","2017","2017","1000 USD","18","A","Official value"
"TM","Detailed trade matrix","704","Viet Nam","752","Sweden","5922","Export value","23161.02","Rice, milled","2018","2018","1000 USD","73","A","Official value"
"TM","Detailed trade matrix","704","Viet Nam","752","Sweden","5922","Export value","23161.02","Rice, milled","2019","2019","1000 USD","1057","A","Official value"
"TM","Detailed trade matrix","704","Viet Nam","752","Sweden","5922","Export value","23161.02","Rice, milled","2020","2020","1000 USD","1603","A","Official value"
"TM","Detailed trade matrix","704","Viet Nam","752","Sweden","5922","Export value","23161.02","Rice, milled","2021","2021","1000 USD","2103","A","Official value"
"TM","Detailed trade matrix","704","Viet Nam","752","Sweden","5922","Export value","23161.02","Rice, milled","2022","2022","1000 USD","3376","A","Official value"
"TM","Detailed trade matrix","704","Viet Nam","752","Sweden","5922","Export value","23161.02","Rice, milled","2023","2023","1000 USD","2165","A","Official value"
"TM","Detailed trade matrix","704","Viet Nam","756","Switzerland","5910","Export quantity","23161.02","Rice, milled","2012","2012","t","0","A","Official value"
"TM","Detailed trade matrix","704","Viet Nam","756","Switzerland","5910","Export quantity","23161.02","Rice, milled","2013","2013","t","1","A","Official value"
"TM","Detailed trade matrix","704","Viet Nam","756","Switzerland","5910","Export quantity","23161.02","Rice, milled","2014","2014","t","3.71","A","Official value"
"TM","Detailed trade matrix","704","Viet Nam","756","Switzerland","5910","Export quantity","23161.02","Rice, milled","2015","2015","t","1.15","A","Official value"
"TM","Detailed trade matrix","704","Viet Nam","756","Switzerland","5910","Export quantity","23161.02","Rice, milled","2016","2016","t","0.97","A","Official value"
"TM","Detailed trade matrix","704","Viet Nam","756","Switzerland","5910","Export quantity","23161.02","Rice, milled","2022","2022","t","52","A","Official value"
"TM","Detailed trade matrix","704","Viet Nam","756","Switzerland","5922","Export value","23161.02","Rice, milled","2012","2012","1000 USD","1","A","Official value"
"TM","Detailed trade matrix","704","Viet Nam","756","Switzerland","5922","Export value","23161.02","Rice, milled","2013","2013","1000 USD","4","A","Official value"
"TM","Detailed trade matrix","704","Viet Nam","756","Switzerland","5922","Export value","23161.02","Rice, milled","2014","2014","1000 USD","2","A","Official value"
"TM","Detailed trade matrix","704","Viet Nam","756","Switzerland","5922","Export value","23161.02","Rice, milled","2015","2015","1000 USD","1","A","Official value"
"TM","Detailed trade matrix","704","Viet Nam","756","Switzerland","5922","Export value","23161.02","Rice, milled","2016","2016","1000 USD","3","A","Official value"
"TM","Detailed trade matrix","704","Viet Nam","756","Switzerland","5922","Export value","23161.02","Rice, milled","2022","2022","1000 USD","42","A","Official value"
"TM","Detailed trade matrix","704","Viet Nam","760","Syrian Arab Republic","5910","Export quantity","23161.02","Rice, milled","2012","2012","t","25975","A","Official value"
"TM","Detailed trade matrix","704","Viet Nam","760","Syrian Arab Republic","5910","Export quantity","23161.02","Rice, milled","2013","2013","t","1465","A","Official value"
"TM","Detailed trade matrix","704","Viet Nam","760","Syrian Arab Republic","5910","Export quantity","23161.02","Rice, milled","2014","2014","t","6099.67","A","Official value"
"TM","Detailed trade matrix","704","Viet Nam","760","Syrian Arab Republic","5910","Export quantity","23161.02","Rice, milled","2015","2015","t","1750","A","Official value"
"TM","Detailed trade matrix","704","Viet Nam","760","Syrian Arab Republic","5910","Export quantity","23161.02","Rice, milled","2016","2016","t","1340","A","Official value"
"TM","Detailed trade matrix","704","Viet Nam","760","Syrian Arab Republic","5910","Export quantity","23161.02","Rice, milled","2017","2017","t","20550","A","Official value"
"TM","Detailed trade matrix","704","Viet Nam","760","Syrian Arab Republic","5922","Export value","23161.02","Rice, milled","2012","2012","1000 USD","11565","A","Official value"
"TM","Detailed trade matrix","704","Viet Nam","760","Syrian Arab Republic","5922","Export value","23161.02","Rice, milled","2013","2013","1000 USD","686","A","Official value"
"TM","Detailed trade matrix","704","Viet Nam","760","Syrian Arab Republic","5922","Export value","23161.02","Rice, milled","2014","2014","1000 USD","3526","A","Official value"
"TM","Detailed trade matrix","704","Viet Nam","760","Syrian Arab Republic","5922","Export value","23161.02","Rice, milled","2015","2015","1000 USD","906","A","Official value"
"TM","Detailed trade matrix","704","Viet Nam","760","Syrian Arab Republic","5922","Export value","23161.02","Rice, milled","2016","2016","1000 USD","666","A","Official value"
"TM","Detailed trade matrix","704","Viet Nam","760","Syrian Arab Republic","5922","Export value","23161.02","Rice, milled","2017","2017","1000 USD","8042","A","Official value"
"TM","Detailed trade matrix","704","Viet Nam","764","Thailand","5610","Import quantity","23161.02","Rice, milled","2012","2012","t","801","A","Official value"
"TM","Detailed trade matrix","704","Viet Nam","764","Thailand","5610","Import quantity","23161.02","Rice, milled","2013","2013","t","759","A","Official value"
"TM","Detailed trade matrix","704","Viet Nam","764","Thailand","5610","Import quantity","23161.02","Rice, milled","2014","2014","t","805.04","I","Value imputed by a receiving agency"
"TM","Detailed trade matrix","704","Viet Nam","764","Thailand","5610","Import quantity","23161.02","Rice, milled","2015","2015","t","9894.87","A","Official value"
"TM","Detailed trade matrix","704","Viet Nam","764","Thailand","5610","Import quantity","23161.02","Rice, milled","2016","2016","t","14751","A","Official value"
"TM","Detailed trade matrix","704","Viet Nam","764","Thailand","5610","Import quantity","23161.02","Rice, milled","2017","2017","t","13922.9","A","Official value"
"TM","Detailed trade matrix","704","Viet Nam","764","Thailand","5610","Import quantity","23161.02","Rice, milled","2018","2018","t","19253.47","I","Value imputed by a receiving agency"
"TM","Detailed trade matrix","704","Viet Nam","764","Thailand","5610","Import quantity","23161.02","Rice, milled","2019","2019","t","8252.74","I","Value imputed by a receiving agency"
"TM","Detailed trade matrix","704","Viet Nam","764","Thailand","5610","Import quantity","23161.02","Rice, milled","2020","2020","t","4563.56","I","Value imputed by a receiving agency"
"TM","Detailed trade matrix","704","Viet Nam","764","Thailand","5610","Import quantity","23161.02","Rice, milled","2021","2021","t","13105.13","A","Official value"
"TM","Detailed trade matrix","704","Viet Nam","764","Thailand","5610","Import quantity","23161.02","Rice, milled","2022","2022","t","17260.42","A","Official value"
"TM","Detailed trade matrix","704","Viet Nam","764","Thailand","5610","Import quantity","23161.02","Rice, milled","2023","2023","t","4012.58","A","Official value"
"TM","Detailed trade matrix","704","Viet Nam","764","Thailand","5622","Import value","23161.02","Rice, milled","2012","2012","1000 USD","432","A","Official value"
"TM","Detailed trade matrix","704","Viet Nam","764","Thailand","5622","Import value","23161.02","Rice, milled","2013","2013","1000 USD","621","A","Official value"
"TM","Detailed trade matrix","704","Viet Nam","764","Thailand","5622","Import value","23161.02","Rice, milled","2014","2014","1000 USD","569","A","Official value"
"TM","Detailed trade matrix","704","Viet Nam","764","Thailand","5622","Import value","23161.02","Rice, milled","2015","2015","1000 USD","5688","A","Official value"
"TM","Detailed trade matrix","704","Viet Nam","764","Thailand","5622","Import value","23161.02","Rice, milled","2016","2016","1000 USD","9042","A","Official value"
"TM","Detailed trade matrix","704","Viet Nam","764","Thailand","5622","Import value","23161.02","Rice, milled","2017","2017","1000 USD","8831","A","Official value"
"TM","Detailed trade matrix","704","Viet Nam","764","Thailand","5622","Import value","23161.02","Rice, milled","2018","2018","1000 USD","9475","A","Official value"
"TM","Detailed trade matrix","704","Viet Nam","764","Thailand","5622","Import value","23161.02","Rice, milled","2019","2019","1000 USD","3980","A","Official value"
"TM","Detailed trade matrix","704","Viet Nam","764","Thailand","5622","Import value","23161.02","Rice, milled","2020","2020","1000 USD","2235","A","Official value"
"TM","Detailed trade matrix","704","Viet Nam","764","Thailand","5622","Import value","23161.02","Rice, milled","2021","2021","1000 USD","5893","A","Official value"
"TM","Detailed trade matrix","704","Viet Nam","764","Thailand","5622","Import value","23161.02","Rice, milled","2022","2022","1000 USD","7902","A","Official value"
"TM","Detailed trade matrix","704","Viet Nam","764","Thailand","5622","Import value","23161.02","Rice, milled","2023","2023","1000 USD","6291","A","Official value"
"TM","Detailed trade matrix","704","Viet Nam","764","Thailand","5910","Export quantity","23161.02","Rice, milled","2012","2012","t","83","A","Official value"
"TM","Detailed trade matrix","704","Viet Nam","764","Thailand","5910","Export quantity","23161.02","Rice, milled","2013","2013","t","1751","A","Official value"
"TM","Detailed trade matrix","704","Viet Nam","764","Thailand","5910","Export quantity","23161.02","Rice, milled","2014","2014","t","540","A","Official value"
"TM","Detailed trade matrix","704","Viet Nam","764","Thailand","5910","Export quantity","23161.02","Rice, milled","2015","2015","t","4536.39","A","Official value"
"TM","Detailed trade matrix","704","Viet Nam","764","Thailand","5910","Export quantity","23161.02","Rice, milled","2016","2016","t","425.27","A","Official value"
"TM","Detailed trade matrix","704","Viet Nam","764","Thailand","5910","Export quantity","23161.02","Rice, milled","2017","2017","t","1705.1","A","Official value"
"TM","Detailed trade matrix","704","Viet Nam","764","Thailand","5910","Export quantity","23161.02","Rice, milled","2018","2018","t","1260.85","A","Official value"
"TM","Detailed trade matrix","704","Viet Nam","764","Thailand","5910","Export quantity","23161.02","Rice, milled","2019","2019","t","7262.4","A","Official value"
"TM","Detailed trade matrix","704","Viet Nam","764","Thailand","5910","Export quantity","23161.02","Rice, milled","2020","2020","t","6202.5","I","Value imputed by a receiving agency"
"TM","Detailed trade matrix","704","Viet Nam","764","Thailand","5910","Export quantity","23161.02","Rice, milled","2021","2021","t","2787.45","A","Official value"
"TM","Detailed trade matrix","704","Viet Nam","764","Thailand","5910","Export quantity","23161.02","Rice, milled","2022","2022","t","5052","A","Official value"
"TM","Detailed trade matrix","704","Viet Nam","764","Thailand","5910","Export quantity","23161.02","Rice, milled","2023","2023","t","494","A","Official value"
"TM","Detailed trade matrix","704","Viet Nam","764","Thailand","5922","Export value","23161.02","Rice, milled","2012","2012","1000 USD","76","A","Official value"
"TM","Detailed trade matrix","704","Viet Nam","764","Thailand","5922","Export value","23161.02","Rice, milled","2013","2013","1000 USD","1094","A","Official value"
"TM","Detailed trade matrix","704","Viet Nam","764","Thailand","5922","Export value","23161.02","Rice, milled","2014","2014","1000 USD","343","A","Official value"
"TM","Detailed trade matrix","704","Viet Nam","764","Thailand","5922","Export value","23161.02","Rice, milled","2015","2015","1000 USD","1870","A","Official value"
"TM","Detailed trade matrix","704","Viet Nam","764","Thailand","5922","Export value","23161.02","Rice, milled","2016","2016","1000 USD","211","A","Official value"
"TM","Detailed trade matrix","704","Viet Nam","764","Thailand","5922","Export value","23161.02","Rice, milled","2017","2017","1000 USD","725","A","Official value"
"TM","Detailed trade matrix","704","Viet Nam","764","Thailand","5922","Export value","23161.02","Rice, milled","2018","2018","1000 USD","630","A","Official value"
"TM","Detailed trade matrix","704","Viet Nam","764","Thailand","5922","Export value","23161.02","Rice, milled","2019","2019","1000 USD","3042","A","Official value"
"TM","Detailed trade matrix","704","Viet Nam","764","Thailand","5922","Export value","23161.02","Rice, milled","2020","2020","1000 USD","3293","A","Official value"
"TM","Detailed trade matrix","704","Viet Nam","764","Thailand","5922","Export value","23161.02","Rice, milled","2021","2021","1000 USD","1445","A","Official value"
"TM","Detailed trade matrix","704","Viet Nam","764","Thailand","5922","Export value","23161.02","Rice, milled","2022","2022","1000 USD","2347","A","Official value"
"TM","Detailed trade matrix","704","Viet Nam","764","Thailand","5922","Export value","23161.02","Rice, milled","2023","2023","1000 USD","330","A","Official value"
"TM","Detailed trade matrix","704","Viet Nam","626","Timor-Leste","5910","Export quantity","23161.02","Rice, milled","2012","2012","t","63755","A","Official value"
"TM","Detailed trade matrix","704","Viet Nam","626","Timor-Leste","5910","Export quantity","23161.02","Rice, milled","2013","2013","t","95833","A","Official value"
"TM","Detailed trade matrix","704","Viet Nam","626","Timor-Leste","5910","Export quantity","23161.02","Rice, milled","2014","2014","t","111414.28","A","Official value"
"TM","Detailed trade matrix","704","Viet Nam","626","Timor-Leste","5910","Export quantity","23161.02","Rice, milled","2016","2016","t","77222.6","A","Official value"
"TM","Detailed trade matrix","704","Viet Nam","626","Timor-Leste","5910","Export quantity","23161.02","Rice, milled","2017","2017","t","47514.3","A","Official value"
"TM","Detailed trade matrix","704","Viet Nam","626","Timor-Leste","5922","Export value","23161.02","Rice, milled","2012","2012","1000 USD","27720","A","Official value"
"TM","Detailed trade matrix","704","Viet Nam","626","Timor-Leste","5922","Export value","23161.02","Rice, milled","2013","2013","1000 USD","36787","A","Official value"
"TM","Detailed trade matrix","704","Viet Nam","626","Timor-Leste","5922","Export value","23161.02","Rice, milled","2014","2014","1000 USD","43244","A","Official value"
"TM","Detailed trade matrix","704","Viet Nam","626","Timor-Leste","5922","Export value","23161.02","Rice, milled","2016","2016","1000 USD","27966","A","Official value"
"TM","Detailed trade matrix","704","Viet Nam","626","Timor-Leste","5922","Export value","23161.02","Rice, milled","2017","2017","1000 USD","17193","A","Official value"
"TM","Detailed trade matrix","704","Viet Nam","768","Togo","5910","Export quantity","23161.02","Rice, milled","2012","2012","t","9479","A","Official value"
"TM","Detailed trade matrix","704","Viet Nam","768","Togo","5910","Export quantity","23161.02","Rice, milled","2013","2013","t","37778","A","Official value"
"TM","Detailed trade matrix","704","Viet Nam","768","Togo","5910","Export quantity","23161.02","Rice, milled","2014","2014","t","3522.95","A","Official value"
"TM","Detailed trade matrix","704","Viet Nam","768","Togo","5910","Export quantity","23161.02","Rice, milled","2015","2015","t","2910.86","A","Official value"
"TM","Detailed trade matrix","704","Viet Nam","768","Togo","5910","Export quantity","23161.02","Rice, milled","2016","2016","t","5055.59","A","Official value"
"TM","Detailed trade matrix","704","Viet Nam","768","Togo","5910","Export quantity","23161.02","Rice, milled","2017","2017","t","4745","A","Official value"
"TM","Detailed trade matrix","704","Viet Nam","768","Togo","5910","Export quantity","23161.02","Rice, milled","2018","2018","t","5680.54","A","Official value"
"TM","Detailed trade matrix","704","Viet Nam","768","Togo","5910","Export quantity","23161.02","Rice, milled","2019","2019","t","11254.74","A","Official value"
"TM","Detailed trade matrix","704","Viet Nam","768","Togo","5910","Export quantity","23161.02","Rice, milled","2020","2020","t","8345","I","Value imputed by a receiving agency"
"TM","Detailed trade matrix","704","Viet Nam","768","Togo","5910","Export quantity","23161.02","Rice, milled","2021","2021","t","8164.71","A","Official value"
"TM","Detailed trade matrix","704","Viet Nam","768","Togo","5910","Export quantity","23161.02","Rice, milled","2022","2022","t","15086","A","Official value"
"TM","Detailed trade matrix","704","Viet Nam","768","Togo","5910","Export quantity","23161.02","Rice, milled","2023","2023","t","24266.1","A","Official value"
"TM","Detailed trade matrix","704","Viet Nam","768","Togo","5922","Export value","23161.02","Rice, milled","2012","2012","1000 USD","4008","A","Official value"
"TM","Detailed trade matrix","704","Viet Nam","768","Togo","5922","Export value","23161.02","Rice, milled","2013","2013","1000 USD","15028","A","Official value"
"TM","Detailed trade matrix","704","Viet Nam","768","Togo","5922","Export value","23161.02","Rice, milled","2014","2014","1000 USD","2121","A","Official value"
"TM","Detailed trade matrix","704","Viet Nam","768","Togo","5922","Export value","23161.02","Rice, milled","2015","2015","1000 USD","1745","A","Official value"
"TM","Detailed trade matrix","704","Viet Nam","768","Togo","5922","Export value","23161.02","Rice, milled","2016","2016","1000 USD","2686","A","Official value"
"TM","Detailed trade matrix","704","Viet Nam","768","Togo","5922","Export value","23161.02","Rice, milled","2017","2017","1000 USD","2691","A","Official value"
"TM","Detailed trade matrix","704","Viet Nam","768","Togo","5922","Export value","23161.02","Rice, milled","2018","2018","1000 USD","2840","A","Official value"
"TM","Detailed trade matrix","704","Viet Nam","768","Togo","5922","Export value","23161.02","Rice, milled","2019","2019","1000 USD","5944","A","Official value"
"TM","Detailed trade matrix","704","Viet Nam","768","Togo","5922","Export value","23161.02","Rice, milled","2020","2020","1000 USD","5160","A","Official value"
"TM","Detailed trade matrix","704","Viet Nam","768","Togo","5922","Export value","23161.02","Rice, milled","2021","2021","1000 USD","5300","A","Official value"
"TM","Detailed trade matrix","704","Viet Nam","768","Togo","5922","Export value","23161.02","Rice, milled","2022","2022","1000 USD","8346","A","Official value"
"TM","Detailed trade matrix","704","Viet Nam","768","Togo","5922","Export value","23161.02","Rice, milled","2023","2023","1000 USD","15309","A","Official value"
"TM","Detailed trade matrix","704","Viet Nam","780","Trinidad and Tobago","5910","Export quantity","23161.02","Rice, milled","2013","2013","t","123","A","Official value"
"TM","Detailed trade matrix","704","Viet Nam","780","Trinidad and Tobago","5910","Export quantity","23161.02","Rice, milled","2014","2014","t","116.12","A","Official value"
"TM","Detailed trade matrix","704","Viet Nam","780","Trinidad and Tobago","5910","Export quantity","23161.02","Rice, milled","2015","2015","t","79.87","A","Official value"
"TM","Detailed trade matrix","704","Viet Nam","780","Trinidad and Tobago","5910","Export quantity","23161.02","Rice, milled","2016","2016","t","75.34","A","Official value"
"TM","Detailed trade matrix","704","Viet Nam","780","Trinidad and Tobago","5910","Export quantity","23161.02","Rice, milled","2017","2017","t","80.4","A","Official value"
"TM","Detailed trade matrix","704","Viet Nam","780","Trinidad and Tobago","5922","Export value","23161.02","Rice, milled","2013","2013","1000 USD","80","A","Official value"
"TM","Detailed trade matrix","704","Viet Nam","780","Trinidad and Tobago","5922","Export value","23161.02","Rice, milled","2014","2014","1000 USD","90","A","Official value"
"TM","Detailed trade matrix","704","Viet Nam","780","Trinidad and Tobago","5922","Export value","23161.02","Rice, milled","2015","2015","1000 USD","52","A","Official value"
"TM","Detailed trade matrix","704","Viet Nam","780","Trinidad and Tobago","5922","Export value","23161.02","Rice, milled","2016","2016","1000 USD","52","A","Official value"
"TM","Detailed trade matrix","704","Viet Nam","780","Trinidad and Tobago","5922","Export value","23161.02","Rice, milled","2017","2017","1000 USD","64","A","Official value"
"TM","Detailed trade matrix","704","Viet Nam","788","Tunisia","5910","Export quantity","23161.02","Rice, milled","2023","2023","t","2","A","Official value"
"TM","Detailed trade matrix","704","Viet Nam","788","Tunisia","5922","Export value","23161.02","Rice, milled","2023","2023","1000 USD","6","A","Official value"
"TM","Detailed trade matrix","704","Viet Nam","792","Türkiye","5910","Export quantity","23161.02","Rice, milled","2012","2012","t","3798","A","Official value"
"TM","Detailed trade matrix","704","Viet Nam","792","Türkiye","5910","Export quantity","23161.02","Rice, milled","2013","2013","t","7068","A","Official value"
"TM","Detailed trade matrix","704","Viet Nam","792","Türkiye","5910","Export quantity","23161.02","Rice, milled","2014","2014","t","3598","A","Official value"
"TM","Detailed trade matrix","704","Viet Nam","792","Türkiye","5910","Export quantity","23161.02","Rice, milled","2015","2015","t","2508.4","A","Official value"
"TM","Detailed trade matrix","704","Viet Nam","792","Türkiye","5910","Export quantity","23161.02","Rice, milled","2016","2016","t","3154.25","A","Official value"
"TM","Detailed trade matrix","704","Viet Nam","792","Türkiye","5910","Export quantity","23161.02","Rice, milled","2017","2017","t","1793.4","A","Official value"
"TM","Detailed trade matrix","704","Viet Nam","792","Türkiye","5910","Export quantity","23161.02","Rice, milled","2018","2018","t","5602.74","A","Official value"
"TM","Detailed trade matrix","704","Viet Nam","792","Türkiye","5910","Export quantity","23161.02","Rice, milled","2019","2019","t","1430.1","A","Official value"
"TM","Detailed trade matrix","704","Viet Nam","792","Türkiye","5910","Export quantity","23161.02","Rice, milled","2020","2020","t","1623.45","I","Value imputed by a receiving agency"
"TM","Detailed trade matrix","704","Viet Nam","792","Türkiye","5910","Export quantity","23161.02","Rice, milled","2021","2021","t","1476.45","A","Official value"
"TM","Detailed trade matrix","704","Viet Nam","792","Türkiye","5910","Export quantity","23161.02","Rice, milled","2022","2022","t","42745.9","A","Official value"
"TM","Detailed trade matrix","704","Viet Nam","792","Türkiye","5910","Export quantity","23161.02","Rice, milled","2023","2023","t","41868.61","I","Value imputed by a receiving agency"
"TM","Detailed trade matrix","704","Viet Nam","792","Türkiye","5922","Export value","23161.02","Rice, milled","2012","2012","1000 USD","1830","A","Official value"
"TM","Detailed trade matrix","704","Viet Nam","792","Türkiye","5922","Export value","23161.02","Rice, milled","2013","2013","1000 USD","3248","A","Official value"
"TM","Detailed trade matrix","704","Viet Nam","792","Türkiye","5922","Export value","23161.02","Rice, milled","2014","2014","1000 USD","1972","A","Official value"
"TM","Detailed trade matrix","704","Viet Nam","792","Türkiye","5922","Export value","23161.02","Rice, milled","2015","2015","1000 USD","1298","A","Official value"
"TM","Detailed trade matrix","704","Viet Nam","792","Türkiye","5922","Export value","23161.02","Rice, milled","2016","2016","1000 USD","1386","A","Official value"
"TM","Detailed trade matrix","704","Viet Nam","792","Türkiye","5922","Export value","23161.02","Rice, milled","2017","2017","1000 USD","987","A","Official value"
"TM","Detailed trade matrix","704","Viet Nam","792","Türkiye","5922","Export value","23161.02","Rice, milled","2018","2018","1000 USD","2802","A","Official value"
"TM","Detailed trade matrix","704","Viet Nam","792","Türkiye","5922","Export value","23161.02","Rice, milled","2019","2019","1000 USD","684","A","Official value"
"TM","Detailed trade matrix","704","Viet Nam","792","Türkiye","5922","Export value","23161.02","Rice, milled","2020","2020","1000 USD","959","A","Official value"
"TM","Detailed trade matrix","704","Viet Nam","792","Türkiye","5922","Export value","23161.02","Rice, milled","2021","2021","1000 USD","1078","A","Official value"
"TM","Detailed trade matrix","704","Viet Nam","792","Türkiye","5922","Export value","23161.02","Rice, milled","2022","2022","1000 USD","22953","A","Official value"
"TM","Detailed trade matrix","704","Viet Nam","792","Türkiye","5922","Export value","23161.02","Rice, milled","2023","2023","1000 USD","25934","A","Official value"
"TM","Detailed trade matrix","704","Viet Nam","795","Turkmenistan","5910","Export quantity","23161.02","Rice, milled","2013","2013","t","100","A","Official value"
"TM","Detailed trade matrix","704","Viet Nam","795","Turkmenistan","5922","Export value","23161.02","Rice, milled","2013","2013","1000 USD","48","A","Official value"
"TM","Detailed trade matrix","704","Viet Nam","800","Uganda","5910","Export quantity","23161.02","Rice, milled","2012","2012","t","750","A","Official value"
"TM","Detailed trade matrix","704","Viet Nam","800","Uganda","5910","Export quantity","23161.02","Rice, milled","2022","2022","t","0.1","A","Official value"
"TM","Detailed trade matrix","704","Viet Nam","800","Uganda","5910","Export quantity","23161.02","Rice, milled","2023","2023","t","0.13","I","Value imputed by a receiving agency"
"TM","Detailed trade matrix","704","Viet Nam","800","Uganda","5922","Export value","23161.02","Rice, milled","2012","2012","1000 USD","341","A","Official value"
"TM","Detailed trade matrix","704","Viet Nam","800","Uganda","5922","Export value","23161.02","Rice, milled","2022","2022","1000 USD","1","A","Official value"
"TM","Detailed trade matrix","704","Viet Nam","800","Uganda","5922","Export value","23161.02","Rice, milled","2023","2023","1000 USD","2","A","Official value"
"TM","Detailed trade matrix","704","Viet Nam","804","Ukraine","5910","Export quantity","23161.02","Rice, milled","2012","2012","t","5979","A","Official value"
"TM","Detailed trade matrix","704","Viet Nam","804","Ukraine","5910","Export quantity","23161.02","Rice, milled","2013","2013","t","24615","A","Official value"
"TM","Detailed trade matrix","704","Viet Nam","804","Ukraine","5910","Export quantity","23161.02","Rice, milled","2014","2014","t","11724.18","A","Official value"
"TM","Detailed trade matrix","704","Viet Nam","804","Ukraine","5910","Export quantity","23161.02","Rice, milled","2015","2015","t","8532.76","A","Official value"
"TM","Detailed trade matrix","704","Viet Nam","804","Ukraine","5910","Export quantity","23161.02","Rice, milled","2016","2016","t","4722.89","A","Official value"
"TM","Detailed trade matrix","704","Viet Nam","804","Ukraine","5910","Export quantity","23161.02","Rice, milled","2017","2017","t","5762.3","A","Official value"
"TM","Detailed trade matrix","704","Viet Nam","804","Ukraine","5910","Export quantity","23161.02","Rice, milled","2018","2018","t","1502.92","A","Official value"
"TM","Detailed trade matrix","704","Viet Nam","804","Ukraine","5910","Export quantity","23161.02","Rice, milled","2019","2019","t","2478.56","A","Official value"
"TM","Detailed trade matrix","704","Viet Nam","804","Ukraine","5910","Export quantity","23161.02","Rice, milled","2020","2020","t","2671.68","I","Value imputed by a receiving agency"
"TM","Detailed trade matrix","704","Viet Nam","804","Ukraine","5910","Export quantity","23161.02","Rice, milled","2021","2021","t","1457.49","A","Official value"
"TM","Detailed trade matrix","704","Viet Nam","804","Ukraine","5910","Export quantity","23161.02","Rice, milled","2022","2022","t","257.3","A","Official value"
"TM","Detailed trade matrix","704","Viet Nam","804","Ukraine","5910","Export quantity","23161.02","Rice, milled","2023","2023","t","813.04","I","Value imputed by a receiving agency"
"TM","Detailed trade matrix","704","Viet Nam","804","Ukraine","5922","Export value","23161.02","Rice, milled","2012","2012","1000 USD","3046","A","Official value"
"TM","Detailed trade matrix","704","Viet Nam","804","Ukraine","5922","Export value","23161.02","Rice, milled","2013","2013","1000 USD","10315","A","Official value"
"TM","Detailed trade matrix","704","Viet Nam","804","Ukraine","5922","Export value","23161.02","Rice, milled","2014","2014","1000 USD","5359","A","Official value"
"TM","Detailed trade matrix","704","Viet Nam","804","Ukraine","5922","Export value","23161.02","Rice, milled","2015","2015","1000 USD","3461","A","Official value"
"TM","Detailed trade matrix","704","Viet Nam","804","Ukraine","5922","Export value","23161.02","Rice, milled","2016","2016","1000 USD","1919","A","Official value"
"TM","Detailed trade matrix","704","Viet Nam","804","Ukraine","5922","Export value","23161.02","Rice, milled","2017","2017","1000 USD","2517","A","Official value"
"TM","Detailed trade matrix","704","Viet Nam","804","Ukraine","5922","Export value","23161.02","Rice, milled","2018","2018","1000 USD","752","A","Official value"
"TM","Detailed trade matrix","704","Viet Nam","804","Ukraine","5922","Export value","23161.02","Rice, milled","2019","2019","1000 USD","1254","A","Official value"
"TM","Detailed trade matrix","704","Viet Nam","804","Ukraine","5922","Export value","23161.02","Rice, milled","2020","2020","1000 USD","1702","A","Official value"
"TM","Detailed trade matrix","704","Viet Nam","804","Ukraine","5922","Export value","23161.02","Rice, milled","2021","2021","1000 USD","935","A","Official value"
"TM","Detailed trade matrix","704","Viet Nam","804","Ukraine","5922","Export value","23161.02","Rice, milled","2022","2022","1000 USD","222","A","Official value"
"TM","Detailed trade matrix","704","Viet Nam","804","Ukraine","5922","Export value","23161.02","Rice, milled","2023","2023","1000 USD","450","A","Official value"
"TM","Detailed trade matrix","704","Viet Nam","784","United Arab Emirates","5610","Import quantity","23161.02","Rice, milled","2019","2019","t","65.54","A","Official value"
"TM","Detailed trade matrix","704","Viet Nam","784","United Arab Emirates","5622","Import value","23161.02","Rice, milled","2019","2019","1000 USD","32","A","Official value"
"TM","Detailed trade matrix","704","Viet Nam","784","United Arab Emirates","5910","Export quantity","23161.02","Rice, milled","2012","2012","t","8971","A","Official value"
"TM","Detailed trade matrix","704","Viet Nam","784","United Arab Emirates","5910","Export quantity","23161.02","Rice, milled","2013","2013","t","19820","A","Official value"
"TM","Detailed trade matrix","704","Viet Nam","784","United Arab Emirates","5910","Export quantity","23161.02","Rice, milled","2014","2014","t","27380.76","A","Official value"
"TM","Detailed trade matrix","704","Viet Nam","784","United Arab Emirates","5910","Export quantity","23161.02","Rice, milled","2015","2015","t","34411.09","A","Official value"
"TM","Detailed trade matrix","704","Viet Nam","784","United Arab Emirates","5910","Export quantity","23161.02","Rice, milled","2016","2016","t","38843.3","A","Official value"
"TM","Detailed trade matrix","704","Viet Nam","784","United Arab Emirates","5910","Export quantity","23161.02","Rice, milled","2017","2017","t","40424.7","A","Official value"
"TM","Detailed trade matrix","704","Viet Nam","784","United Arab Emirates","5910","Export quantity","23161.02","Rice, milled","2018","2018","t","51218.26","A","Official value"
"TM","Detailed trade matrix","704","Viet Nam","784","United Arab Emirates","5910","Export quantity","23161.02","Rice, milled","2019","2019","t","48647.77","A","Official value"
"TM","Detailed trade matrix","704","Viet Nam","784","United Arab Emirates","5910","Export quantity","23161.02","Rice, milled","2020","2020","t","44316.65","I","Value imputed by a receiving agency"
"TM","Detailed trade matrix","704","Viet Nam","784","United Arab Emirates","5910","Export quantity","23161.02","Rice, milled","2021","2021","t","44587.96","A","Official value"
"TM","Detailed trade matrix","704","Viet Nam","784","United Arab Emirates","5910","Export quantity","23161.02","Rice, milled","2022","2022","t","45864.96","A","Official value"
"TM","Detailed trade matrix","704","Viet Nam","784","United Arab Emirates","5910","Export quantity","23161.02","Rice, milled","2023","2023","t","55746.83","I","Value imputed by a receiving agency"
"TM","Detailed trade matrix","704","Viet Nam","784","United Arab Emirates","5922","Export value","23161.02","Rice, milled","2012","2012","1000 USD","5679","A","Official value"
"TM","Detailed trade matrix","704","Viet Nam","784","United Arab Emirates","5922","Export value","23161.02","Rice, milled","2013","2013","1000 USD","12089","A","Official value"
"TM","Detailed trade matrix","704","Viet Nam","784","United Arab Emirates","5922","Export value","23161.02","Rice, milled","2014","2014","1000 USD","17023","A","Official value"
"TM","Detailed trade matrix","704","Viet Nam","784","United Arab Emirates","5922","Export value","23161.02","Rice, milled","2015","2015","1000 USD","19336","A","Official value"
"TM","Detailed trade matrix","704","Viet Nam","784","United Arab Emirates","5922","Export value","23161.02","Rice, milled","2016","2016","1000 USD","20193","A","Official value"
"TM","Detailed trade matrix","704","Viet Nam","784","United Arab Emirates","5922","Export value","23161.02","Rice, milled","2017","2017","1000 USD","21144","A","Official value"
"TM","Detailed trade matrix","704","Viet Nam","784","United Arab Emirates","5922","Export value","23161.02","Rice, milled","2018","2018","1000 USD","25611","A","Official value"
"TM","Detailed trade matrix","704","Viet Nam","784","United Arab Emirates","5922","Export value","23161.02","Rice, milled","2019","2019","1000 USD","25502","A","Official value"
"TM","Detailed trade matrix","704","Viet Nam","784","United Arab Emirates","5922","Export value","23161.02","Rice, milled","2020","2020","1000 USD","24815","A","Official value"
"TM","Detailed trade matrix","704","Viet Nam","784","United Arab Emirates","5922","Export value","23161.02","Rice, milled","2021","2021","1000 USD","28174","A","Official value"
"TM","Detailed trade matrix","704","Viet Nam","784","United Arab Emirates","5922","Export value","23161.02","Rice, milled","2022","2022","1000 USD","28130","A","Official value"
"TM","Detailed trade matrix","704","Viet Nam","784","United Arab Emirates","5922","Export value","23161.02","Rice, milled","2023","2023","1000 USD","35599","A","Official value"
"TM","Detailed trade matrix","704","Viet Nam","826","United Kingdom of Great Britain and Northern Ireland","5610","Import quantity","23161.02","Rice, milled","2015","2015","t","0.74","A","Official value"
"TM","Detailed trade matrix","704","Viet Nam","826","United Kingdom of Great Britain and Northern Ireland","5610","Import quantity","23161.02","Rice, milled","2016","2016","t","0.17","A","Official value"
"TM","Detailed trade matrix","704","Viet Nam","826","United Kingdom of Great Britain and Northern Ireland","5622","Import value","23161.02","Rice, milled","2015","2015","1000 USD","2","A","Official value"
"TM","Detailed trade matrix","704","Viet Nam","826","United Kingdom of Great Britain and Northern Ireland","5622","Import value","23161.02","Rice, milled","2016","2016","1000 USD","1","A","Official value"
"TM","Detailed trade matrix","704","Viet Nam","826","United Kingdom of Great Britain and Northern Ireland","5910","Export quantity","23161.02","Rice, milled","2012","2012","t","351","A","Official value"
"TM","Detailed trade matrix","704","Viet Nam","826","United Kingdom of Great Britain and Northern Ireland","5910","Export quantity","23161.02","Rice, milled","2013","2013","t","561","A","Official value"
"TM","Detailed trade matrix","704","Viet Nam","826","United Kingdom of Great Britain and Northern Ireland","5910","Export quantity","23161.02","Rice, milled","2014","2014","t","839.66","A","Official value"
"TM","Detailed trade matrix","704","Viet Nam","826","United Kingdom of Great Britain and Northern Ireland","5910","Export quantity","23161.02","Rice, milled","2015","2015","t","1678.42","A","Official value"
"TM","Detailed trade matrix","704","Viet Nam","826","United Kingdom of Great Britain and Northern Ireland","5910","Export quantity","23161.02","Rice, milled","2016","2016","t","632.04","A","Official value"
"TM","Detailed trade matrix","704","Viet Nam","826","United Kingdom of Great Britain and Northern Ireland","5910","Export quantity","23161.02","Rice, milled","2017","2017","t","462.7","A","Official value"
"TM","Detailed trade matrix","704","Viet Nam","826","United Kingdom of Great Britain and Northern Ireland","5910","Export quantity","23161.02","Rice, milled","2018","2018","t","516.96","A","Official value"
"TM","Detailed trade matrix","704","Viet Nam","826","United Kingdom of Great Britain and Northern Ireland","5910","Export quantity","23161.02","Rice, milled","2019","2019","t","2160.14","A","Official value"
"TM","Detailed trade matrix","704","Viet Nam","826","United Kingdom of Great Britain and Northern Ireland","5910","Export quantity","23161.02","Rice, milled","2020","2020","t","3144.82","I","Value imputed by a receiving agency"
"TM","Detailed trade matrix","704","Viet Nam","826","United Kingdom of Great Britain and Northern Ireland","5910","Export quantity","23161.02","Rice, milled","2021","2021","t","3034.85","A","Official value"
"TM","Detailed trade matrix","704","Viet Nam","826","United Kingdom of Great Britain and Northern Ireland","5910","Export quantity","23161.02","Rice, milled","2022","2022","t","4375.94","A","Official value"
"TM","Detailed trade matrix","704","Viet Nam","826","United Kingdom of Great Britain and Northern Ireland","5910","Export quantity","23161.02","Rice, milled","2023","2023","t","12689.69","A","Official value"
"TM","Detailed trade matrix","704","Viet Nam","826","United Kingdom of Great Britain and Northern Ireland","5922","Export value","23161.02","Rice, milled","2012","2012","1000 USD","251","A","Official value"
"TM","Detailed trade matrix","704","Viet Nam","826","United Kingdom of Great Britain and Northern Ireland","5922","Export value","23161.02","Rice, milled","2013","2013","1000 USD","346","A","Official value"
"TM","Detailed trade matrix","704","Viet Nam","826","United Kingdom of Great Britain and Northern Ireland","5922","Export value","23161.02","Rice, milled","2014","2014","1000 USD","559","A","Official value"
"TM","Detailed trade matrix","704","Viet Nam","826","United Kingdom of Great Britain and Northern Ireland","5922","Export value","23161.02","Rice, milled","2015","2015","1000 USD","823","A","Official value"
"TM","Detailed trade matrix","704","Viet Nam","826","United Kingdom of Great Britain and Northern Ireland","5922","Export value","23161.02","Rice, milled","2016","2016","1000 USD","300","A","Official value"
"TM","Detailed trade matrix","704","Viet Nam","826","United Kingdom of Great Britain and Northern Ireland","5922","Export value","23161.02","Rice, milled","2017","2017","1000 USD","257","A","Official value"
"TM","Detailed trade matrix","704","Viet Nam","826","United Kingdom of Great Britain and Northern Ireland","5922","Export value","23161.02","Rice, milled","2018","2018","1000 USD","258","A","Official value"
"TM","Detailed trade matrix","704","Viet Nam","826","United Kingdom of Great Britain and Northern Ireland","5922","Export value","23161.02","Rice, milled","2019","2019","1000 USD","1238","A","Official value"
"TM","Detailed trade matrix","704","Viet Nam","826","United Kingdom of Great Britain and Northern Ireland","5922","Export value","23161.02","Rice, milled","2020","2020","1000 USD","1863","A","Official value"
"TM","Detailed trade matrix","704","Viet Nam","826","United Kingdom of Great Britain and Northern Ireland","5922","Export value","23161.02","Rice, milled","2021","2021","1000 USD","2159","A","Official value"
"TM","Detailed trade matrix","704","Viet Nam","826","United Kingdom of Great Britain and Northern Ireland","5922","Export value","23161.02","Rice, milled","2022","2022","1000 USD","3557","A","Official value"
"TM","Detailed trade matrix","704","Viet Nam","826","United Kingdom of Great Britain and Northern Ireland","5922","Export value","23161.02","Rice, milled","2023","2023","1000 USD","8815","A","Official value"
"TM","Detailed trade matrix","704","Viet Nam","834","United Republic of Tanzania","5910","Export quantity","23161.02","Rice, milled","2012","2012","t","57993","A","Official value"
"TM","Detailed trade matrix","704","Viet Nam","834","United Republic of Tanzania","5910","Export quantity","23161.02","Rice, milled","2013","2013","t","37538","A","Official value"
"TM","Detailed trade matrix","704","Viet Nam","834","United Republic of Tanzania","5910","Export quantity","23161.02","Rice, milled","2014","2014","t","20215","A","Official value"
"TM","Detailed trade matrix","704","Viet Nam","834","United Republic of Tanzania","5910","Export quantity","23161.02","Rice, milled","2015","2015","t","18665.5","A","Official value"
"TM","Detailed trade matrix","704","Viet Nam","834","United Republic of Tanzania","5910","Export quantity","23161.02","Rice, milled","2016","2016","t","14862.6","A","Official value"
"TM","Detailed trade matrix","704","Viet Nam","834","United Republic of Tanzania","5910","Export quantity","23161.02","Rice, milled","2017","2017","t","12566.7","A","Official value"
"TM","Detailed trade matrix","704","Viet Nam","834","United Republic of Tanzania","5910","Export quantity","23161.02","Rice, milled","2018","2018","t","16575.67","A","Official value"
"TM","Detailed trade matrix","704","Viet Nam","834","United Republic of Tanzania","5910","Export quantity","23161.02","Rice, milled","2019","2019","t","20434.31","A","Official value"
"TM","Detailed trade matrix","704","Viet Nam","834","United Republic of Tanzania","5910","Export quantity","23161.02","Rice, milled","2020","2020","t","15466.54","I","Value imputed by a receiving agency"
"TM","Detailed trade matrix","704","Viet Nam","834","United Republic of Tanzania","5910","Export quantity","23161.02","Rice, milled","2021","2021","t","7259","A","Official value"
"TM","Detailed trade matrix","704","Viet Nam","834","United Republic of Tanzania","5910","Export quantity","23161.02","Rice, milled","2022","2022","t","13615","A","Official value"
"TM","Detailed trade matrix","704","Viet Nam","834","United Republic of Tanzania","5910","Export quantity","23161.02","Rice, milled","2023","2023","t","14748.88","A","Official value"
"TM","Detailed trade matrix","704","Viet Nam","834","United Republic of Tanzania","5922","Export value","23161.02","Rice, milled","2012","2012","1000 USD","25727","A","Official value"
"TM","Detailed trade matrix","704","Viet Nam","834","United Republic of Tanzania","5922","Export value","23161.02","Rice, milled","2013","2013","1000 USD","16108","A","Official value"
"TM","Detailed trade matrix","704","Viet Nam","834","United Republic of Tanzania","5922","Export value","23161.02","Rice, milled","2014","2014","1000 USD","9558","A","Official value"
"TM","Detailed trade matrix","704","Viet Nam","834","United Republic of Tanzania","5922","Export value","23161.02","Rice, milled","2015","2015","1000 USD","8888","A","Official value"
"TM","Detailed trade matrix","704","Viet Nam","834","United Republic of Tanzania","5922","Export value","23161.02","Rice, milled","2016","2016","1000 USD","7115","A","Official value"
"TM","Detailed trade matrix","704","Viet Nam","834","United Republic of Tanzania","5922","Export value","23161.02","Rice, milled","2017","2017","1000 USD","7097","A","Official value"
"TM","Detailed trade matrix","704","Viet Nam","834","United Republic of Tanzania","5922","Export value","23161.02","Rice, milled","2018","2018","1000 USD","8288","A","Official value"
"TM","Detailed trade matrix","704","Viet Nam","834","United Republic of Tanzania","5922","Export value","23161.02","Rice, milled","2019","2019","1000 USD","11436","A","Official value"
"TM","Detailed trade matrix","704","Viet Nam","834","United Republic of Tanzania","5922","Export value","23161.02","Rice, milled","2020","2020","1000 USD","8756","A","Official value"
"TM","Detailed trade matrix","704","Viet Nam","834","United Republic of Tanzania","5922","Export value","23161.02","Rice, milled","2021","2021","1000 USD","4603","A","Official value"
"TM","Detailed trade matrix","704","Viet Nam","834","United Republic of Tanzania","5922","Export value","23161.02","Rice, milled","2022","2022","1000 USD","8754","A","Official value"
"TM","Detailed trade matrix","704","Viet Nam","834","United Republic of Tanzania","5922","Export value","23161.02","Rice, milled","2023","2023","1000 USD","9737","A","Official value"
"TM","Detailed trade matrix","704","Viet Nam","840","United States of America","5610","Import quantity","23161.02","Rice, milled","2013","2013","t","29","A","Official value"
"TM","Detailed trade matrix","704","Viet Nam","840","United States of America","5610","Import quantity","23161.02","Rice, milled","2014","2014","t","5.04","A","Official value"
"TM","Detailed trade matrix","704","Viet Nam","840","United States of America","5610","Import quantity","23161.02","Rice, milled","2016","2016","t","11.6","A","Official value"
"TM","Detailed trade matrix","704","Viet Nam","840","United States of America","5610","Import quantity","23161.02","Rice, milled","2018","2018","t","38.55","A","Official value"
"TM","Detailed trade matrix","704","Viet Nam","840","United States of America","5622","Import value","23161.02","Rice, milled","2013","2013","1000 USD","36","A","Official value"
"TM","Detailed trade matrix","704","Viet Nam","840","United States of America","5622","Import value","23161.02","Rice, milled","2014","2014","1000 USD","4","A","Official value"
"TM","Detailed trade matrix","704","Viet Nam","840","United States of America","5622","Import value","23161.02","Rice, milled","2016","2016","1000 USD","7","A","Official value"
"TM","Detailed trade matrix","704","Viet Nam","840","United States of America","5622","Import value","23161.02","Rice, milled","2018","2018","1000 USD","19","A","Official value"
"TM","Detailed trade matrix","704","Viet Nam","840","United States of America","5910","Export quantity","23161.02","Rice, milled","2012","2012","t","26403","A","Official value"
"TM","Detailed trade matrix","704","Viet Nam","840","United States of America","5910","Export quantity","23161.02","Rice, milled","2013","2013","t","56016","A","Official value"
"TM","Detailed trade matrix","704","Viet Nam","840","United States of America","5910","Export quantity","23161.02","Rice, milled","2014","2014","t","66111.81","A","Official value"
"TM","Detailed trade matrix","704","Viet Nam","840","United States of America","5910","Export quantity","23161.02","Rice, milled","2015","2015","t","47989.28","A","Official value"
"TM","Detailed trade matrix","704","Viet Nam","840","United States of America","5910","Export quantity","23161.02","Rice, milled","2016","2016","t","31760","A","Official value"
"TM","Detailed trade matrix","704","Viet Nam","840","United States of America","5910","Export quantity","23161.02","Rice, milled","2017","2017","t","22783.8","A","Official value"
"TM","Detailed trade matrix","704","Viet Nam","840","United States of America","5910","Export quantity","23161.02","Rice, milled","2018","2018","t","23531.9","A","Official value"
"TM","Detailed trade matrix","704","Viet Nam","840","United States of America","5910","Export quantity","23161.02","Rice, milled","2019","2019","t","17510.15","A","Official value"
"TM","Detailed trade matrix","704","Viet Nam","840","United States of America","5910","Export quantity","23161.02","Rice, milled","2020","2020","t","19451.76","I","Value imputed by a receiving agency"
"TM","Detailed trade matrix","704","Viet Nam","840","United States of America","5910","Export quantity","23161.02","Rice, milled","2021","2021","t","14959.04","A","Official value"
"TM","Detailed trade matrix","704","Viet Nam","840","United States of America","5910","Export quantity","23161.02","Rice, milled","2022","2022","t","24471.31","A","Official value"
"TM","Detailed trade matrix","704","Viet Nam","840","United States of America","5910","Export quantity","23161.02","Rice, milled","2023","2023","t","40435.83","I","Value imputed by a receiving agency"
"TM","Detailed trade matrix","704","Viet Nam","840","United States of America","5922","Export value","23161.02","Rice, milled","2012","2012","1000 USD","15429","A","Official value"
"TM","Detailed trade matrix","704","Viet Nam","840","United States of America","5922","Export value","23161.02","Rice, milled","2013","2013","1000 USD","30459","A","Official value"
"TM","Detailed trade matrix","704","Viet Nam","840","United States of America","5922","Export value","23161.02","Rice, milled","2014","2014","1000 USD","35163","A","Official value"
"TM","Detailed trade matrix","704","Viet Nam","840","United States of America","5922","Export value","23161.02","Rice, milled","2015","2015","1000 USD","27245","A","Official value"
"TM","Detailed trade matrix","704","Viet Nam","840","United States of America","5922","Export value","23161.02","Rice, milled","2016","2016","1000 USD","17502","A","Official value"
"TM","Detailed trade matrix","704","Viet Nam","840","United States of America","5922","Export value","23161.02","Rice, milled","2017","2017","1000 USD","12429","A","Official value"
"TM","Detailed trade matrix","704","Viet Nam","840","United States of America","5922","Export value","23161.02","Rice, milled","2018","2018","1000 USD","11767","A","Official value"
"TM","Detailed trade matrix","704","Viet Nam","840","United States of America","5922","Export value","23161.02","Rice, milled","2019","2019","1000 USD","11299","A","Official value"
"TM","Detailed trade matrix","704","Viet Nam","840","United States of America","5922","Export value","23161.02","Rice, milled","2020","2020","1000 USD","12856","A","Official value"
"TM","Detailed trade matrix","704","Viet Nam","840","United States of America","5922","Export value","23161.02","Rice, milled","2021","2021","1000 USD","11444","A","Official value"
"TM","Detailed trade matrix","704","Viet Nam","840","United States of America","5922","Export value","23161.02","Rice, milled","2022","2022","1000 USD","18495","A","Official value"
"TM","Detailed trade matrix","704","Viet Nam","840","United States of America","5922","Export value","23161.02","Rice, milled","2023","2023","1000 USD","28327","A","Official value"
"TM","Detailed trade matrix","704","Viet Nam","858","Uruguay","5910","Export quantity","23161.02","Rice, milled","2015","2015","t","50","A","Official value"
"TM","Detailed trade matrix","704","Viet Nam","858","Uruguay","5910","Export quantity","23161.02","Rice, milled","2017","2017","t","20","A","Official value"
"TM","Detailed trade matrix","704","Viet Nam","858","Uruguay","5910","Export quantity","23161.02","Rice, milled","2018","2018","t","33","A","Official value"
"TM","Detailed trade matrix","704","Viet Nam","858","Uruguay","5910","Export quantity","23161.02","Rice, milled","2021","2021","t","2","A","Official value"
"TM","Detailed trade matrix","704","Viet Nam","858","Uruguay","5922","Export value","23161.02","Rice, milled","2015","2015","1000 USD","39","A","Official value"
"TM","Detailed trade matrix","704","Viet Nam","858","Uruguay","5922","Export value","23161.02","Rice, milled","2017","2017","1000 USD","13","A","Official value"
"TM","Detailed trade matrix","704","Viet Nam","858","Uruguay","5922","Export value","23161.02","Rice, milled","2018","2018","1000 USD","17","A","Official value"
"TM","Detailed trade matrix","704","Viet Nam","858","Uruguay","5922","Export value","23161.02","Rice, milled","2021","2021","1000 USD","2","A","Official value"
"TM","Detailed trade matrix","704","Viet Nam","860","Uzbekistan","5910","Export quantity","23161.02","Rice, milled","2015","2015","t","1370","A","Official value"
"TM","Detailed trade matrix","704","Viet Nam","860","Uzbekistan","5910","Export quantity","23161.02","Rice, milled","2019","2019","t","260","A","Official value"
"TM","Detailed trade matrix","704","Viet Nam","860","Uzbekistan","5922","Export value","23161.02","Rice, milled","2015","2015","1000 USD","767","A","Official value"
"TM","Detailed trade matrix","704","Viet Nam","860","Uzbekistan","5922","Export value","23161.02","Rice, milled","2019","2019","1000 USD","121","A","Official value"
"TM","Detailed trade matrix","704","Viet Nam","548","Vanuatu","5910","Export quantity","23161.02","Rice, milled","2012","2012","t","1303","A","Official value"
"TM","Detailed trade matrix","704","Viet Nam","548","Vanuatu","5910","Export quantity","23161.02","Rice, milled","2013","2013","t","1228","A","Official value"
"TM","Detailed trade matrix","704","Viet Nam","548","Vanuatu","5910","Export quantity","23161.02","Rice, milled","2014","2014","t","1031.93","A","Official value"
"TM","Detailed trade matrix","704","Viet Nam","548","Vanuatu","5910","Export quantity","23161.02","Rice, milled","2016","2016","t","15415.6","A","Official value"
"TM","Detailed trade matrix","704","Viet Nam","548","Vanuatu","5910","Export quantity","23161.02","Rice, milled","2017","2017","t","21003.5","A","Official value"
"TM","Detailed trade matrix","704","Viet Nam","548","Vanuatu","5922","Export value","23161.02","Rice, milled","2012","2012","1000 USD","900","A","Official value"
"TM","Detailed trade matrix","704","Viet Nam","548","Vanuatu","5922","Export value","23161.02","Rice, milled","2013","2013","1000 USD","911","A","Official value"
"TM","Detailed trade matrix","704","Viet Nam","548","Vanuatu","5922","Export value","23161.02","Rice, milled","2014","2014","1000 USD","715","A","Official value"
"TM","Detailed trade matrix","704","Viet Nam","548","Vanuatu","5922","Export value","23161.02","Rice, milled","2016","2016","1000 USD","8340","A","Official value"
"TM","Detailed trade matrix","704","Viet Nam","548","Vanuatu","5922","Export value","23161.02","Rice, milled","2017","2017","1000 USD","11093","A","Official value"
"TM","Detailed trade matrix","704","Viet Nam","862","Venezuela (Bolivarian Republic of)","5910","Export quantity","23161.02","Rice, milled","2013","2013","t","40","A","Official value"
"TM","Detailed trade matrix","704","Viet Nam","862","Venezuela (Bolivarian Republic of)","5910","Export quantity","23161.02","Rice, milled","2015","2015","t","360","A","Official value"
"TM","Detailed trade matrix","704","Viet Nam","862","Venezuela (Bolivarian Republic of)","5910","Export quantity","23161.02","Rice, milled","2016","2016","t","491.12","A","Official value"
"TM","Detailed trade matrix","704","Viet Nam","862","Venezuela (Bolivarian Republic of)","5910","Export quantity","23161.02","Rice, milled","2017","2017","t","1534","A","Official value"
"TM","Detailed trade matrix","704","Viet Nam","862","Venezuela (Bolivarian Republic of)","5910","Export quantity","23161.02","Rice, milled","2019","2019","t","112.47","A","Official value"
"TM","Detailed trade matrix","704","Viet Nam","862","Venezuela (Bolivarian Republic of)","5910","Export quantity","23161.02","Rice, milled","2020","2020","t","196.59","I","Value imputed by a receiving agency"
"TM","Detailed trade matrix","704","Viet Nam","862","Venezuela (Bolivarian Republic of)","5910","Export quantity","23161.02","Rice, milled","2021","2021","t","169","A","Official value"
"TM","Detailed trade matrix","704","Viet Nam","862","Venezuela (Bolivarian Republic of)","5910","Export quantity","23161.02","Rice, milled","2022","2022","t","30480","A","Official value"
"TM","Detailed trade matrix","704","Viet Nam","862","Venezuela (Bolivarian Republic of)","5910","Export quantity","23161.02","Rice, milled","2023","2023","t","331.37","I","Value imputed by a receiving agency"
"TM","Detailed trade matrix","704","Viet Nam","862","Venezuela (Bolivarian Republic of)","5922","Export value","23161.02","Rice, milled","2013","2013","1000 USD","33","A","Official value"
"TM","Detailed trade matrix","704","Viet Nam","862","Venezuela (Bolivarian Republic of)","5922","Export value","23161.02","Rice, milled","2015","2015","1000 USD","157","A","Official value"
"TM","Detailed trade matrix","704","Viet Nam","862","Venezuela (Bolivarian Republic of)","5922","Export value","23161.02","Rice, milled","2016","2016","1000 USD","234","A","Official value"
"TM","Detailed trade matrix","704","Viet Nam","862","Venezuela (Bolivarian Republic of)","5922","Export value","23161.02","Rice, milled","2017","2017","1000 USD","685","A","Official value"
"TM","Detailed trade matrix","704","Viet Nam","862","Venezuela (Bolivarian Republic of)","5922","Export value","23161.02","Rice, milled","2019","2019","1000 USD","67","A","Official value"
"TM","Detailed trade matrix","704","Viet Nam","862","Venezuela (Bolivarian Republic of)","5922","Export value","23161.02","Rice, milled","2020","2020","1000 USD","139","A","Official value"
"TM","Detailed trade matrix","704","Viet Nam","862","Venezuela (Bolivarian Republic of)","5922","Export value","23161.02","Rice, milled","2021","2021","1000 USD","135","A","Official value"
"TM","Detailed trade matrix","704","Viet Nam","862","Venezuela (Bolivarian Republic of)","5922","Export value","23161.02","Rice, milled","2022","2022","1000 USD","12983","A","Official value"
"TM","Detailed trade matrix","704","Viet Nam","862","Venezuela (Bolivarian Republic of)","5922","Export value","23161.02","Rice, milled","2023","2023","1000 USD","236","A","Official value"
"TM","Detailed trade matrix","704","Viet Nam","887","Yemen","5910","Export quantity","23161.02","Rice, milled","2012","2012","t","2630","A","Official value"
"TM","Detailed trade matrix","704","Viet Nam","887","Yemen","5910","Export quantity","23161.02","Rice, milled","2013","2013","t","875","A","Official value"
"TM","Detailed trade matrix","704","Viet Nam","887","Yemen","5910","Export quantity","23161.02","Rice, milled","2014","2014","t","850","A","Official value"
"TM","Detailed trade matrix","704","Viet Nam","887","Yemen","5910","Export quantity","23161.02","Rice, milled","2015","2015","t","300","A","Official value"
"TM","Detailed trade matrix","704","Viet Nam","887","Yemen","5910","Export quantity","23161.02","Rice, milled","2016","2016","t","125","A","Official value"
"TM","Detailed trade matrix","704","Viet Nam","887","Yemen","5910","Export quantity","23161.02","Rice, milled","2017","2017","t","450","A","Official value"
"TM","Detailed trade matrix","704","Viet Nam","887","Yemen","5922","Export value","23161.02","Rice, milled","2012","2012","1000 USD","1234","A","Official value"
"TM","Detailed trade matrix","704","Viet Nam","887","Yemen","5922","Export value","23161.02","Rice, milled","2013","2013","1000 USD","389","A","Official value"
"TM","Detailed trade matrix","704","Viet Nam","887","Yemen","5922","Export value","23161.02","Rice, milled","2014","2014","1000 USD","378","A","Official value"
"TM","Detailed trade matrix","704","Viet Nam","887","Yemen","5922","Export value","23161.02","Rice, milled","2015","2015","1000 USD","139","A","Official value"
"TM","Detailed trade matrix","704","Viet Nam","887","Yemen","5922","Export value","23161.02","Rice, milled","2016","2016","1000 USD","56","A","Official value"
"TM","Detailed trade matrix","704","Viet Nam","887","Yemen","5922","Export value","23161.02","Rice, milled","2017","2017","1000 USD","213","A","Official value"
"TM","Detailed trade matrix","704","Viet Nam","894","Zambia","5910","Export quantity","23161.02","Rice, milled","2012","2012","t","300","A","Official value"
"TM","Detailed trade matrix","704","Viet Nam","894","Zambia","5910","Export quantity","23161.02","Rice, milled","2013","2013","t","750","A","Official value"
"TM","Detailed trade matrix","704","Viet Nam","894","Zambia","5910","Export quantity","23161.02","Rice, milled","2014","2014","t","63","A","Official value"
"TM","Detailed trade matrix","704","Viet Nam","894","Zambia","5910","Export quantity","23161.02","Rice, milled","2015","2015","t","1020","A","Official value"
"TM","Detailed trade matrix","704","Viet Nam","894","Zambia","5922","Export value","23161.02","Rice, milled","2012","2012","1000 USD","150","A","Official value"
"TM","Detailed trade matrix","704","Viet Nam","894","Zambia","5922","Export value","23161.02","Rice, milled","2013","2013","1000 USD","336","A","Official value"
"TM","Detailed trade matrix","704","Viet Nam","894","Zambia","5922","Export value","23161.02","Rice, milled","2014","2014","1000 USD","42","A","Official value"
"TM","Detailed trade matrix","704","Viet Nam","894","Zambia","5922","Export value","23161.02","Rice, milled","2015","2015","1000 USD","451","A","Official value"
"TM","Detailed trade matrix","704","Viet Nam","716","Zimbabwe","5910","Export quantity","23161.02","Rice, milled","2012","2012","t","2000","A","Official value"
"TM","Detailed trade matrix","704","Viet Nam","716","Zimbabwe","5910","Export quantity","23161.02","Rice, milled","2015","2015","t","150","A","Official value"
"TM","Detailed trade matrix","704","Viet Nam","716","Zimbabwe","5922","Export value","23161.02","Rice, milled","2012","2012","1000 USD","1015","A","Official value"
"TM","Detailed trade matrix","704","Viet Nam","716","Zimbabwe","5922","Export value","23161.02","Rice, milled","2015","2015","1000 USD","78","A","Official value"
